Timestamp,Temp_C,pH,DO_ppm
15/02/2026 0:00,29.58,7.19,7.93
15/02/2026 0:03,28.74,7.58,9.27
15/02/2026 0:06,29.36,8.95,6.96
15/02/2026 0:09,29.9,8.61,7.01
15/02/2026 0:12,28.74,7.55,9.72
15/02/2026 0:15,28.54,7.77,7.77
15/02/2026 0:18,31.47,7.52,5.53
15/02/2026 0:21,30.97,7.86,6.11
15/02/2026 0:24,28.55,8.36,5.58
15/02/2026 0:27,29,8.25,7.02
15/02/2026 0:30,29.2,8.35,5.69
15/02/2026 0:33,30.58,7.81,5.47
15/02/2026 0:36,28.83,7.17,4.47
15/02/2026 0:39,28.66,8.15,6.43
15/02/2026 0:42,28.38,7.77,7.44
15/02/2026 0:45,30.28,7.85,6.17
15/02/2026 0:48,27.62,7.04,6.53
15/02/2026 0:51,29.7,7.93,8.9
15/02/2026 0:54,28.28,7.21,3.83
15/02/2026 0:57,29.36,8.01,7.63
15/02/2026 1:00,30.97,7.33,7.32
15/02/2026 1:03,30.77,7.07,5.09
15/02/2026 1:06,29.69,7.25,7.23
15/02/2026 1:09,28.71,7.72,5.93
15/02/2026 1:12,29.77,7.52,5.17
15/02/2026 1:15,29.54,7.91,6.98
15/02/2026 1:18,30.91,7.53,7.56
15/02/2026 1:21,28.05,8.17,5.05
15/02/2026 1:24,25.37,8.13,6.24
15/02/2026 1:27,28.93,7.8,6.32
15/02/2026 1:30,33.66,8.08,6.4
15/02/2026 1:33,29.21,7.78,4.34
15/02/2026 1:36,30.19,7.06,7.18
15/02/2026 1:39,30.25,7.13,4.16
15/02/2026 1:42,30.2,7.35,5.64
15/02/2026 1:45,29.71,8.37,6.69
15/02/2026 1:48,29.66,7.89,6.16
15/02/2026 1:51,28.87,7.62,6.48
15/02/2026 1:54,30.61,8.4,7.38
15/02/2026 1:57,29.28,7.1,6.85
15/02/2026 2:00,29.07,7.71,7.75
15/02/2026 2:03,30.39,7.32,7.56
15/02/2026 2:06,30.17,7.03,6.8
15/02/2026 2:09,28.96,7.06,3.69
15/02/2026 2:12,28.07,7.95,3.69
15/02/2026 2:15,28.03,6.91,6.88
15/02/2026 2:18,30.55,7.85,5.59
15/02/2026 2:21,28.45,8.33,7.41
15/02/2026 2:24,29.81,7.69,7.29
15/02/2026 2:27,29.77,8.27,5.86
15/02/2026 2:30,28.68,8.2,5.31
15/02/2026 2:33,29.34,7.7,6.07
15/02/2026 2:36,29.26,7.83,5.6
15/02/2026 2:39,29.51,7.52,7.67
15/02/2026 2:42,30.57,8.16,7.24
15/02/2026 2:45,30.75,7.89,6.4
15/02/2026 2:48,28.26,6.5,5.42
15/02/2026 2:51,29.29,8,5.24
15/02/2026 2:54,28.88,7.98,7.45
15/02/2026 2:57,30.36,7.47,5.66
15/02/2026 3:00,29.04,8.25,7.47
15/02/2026 3:03,29.46,8.08,6.37
15/02/2026 3:06,30.12,7.27,5.36
15/02/2026 3:09,29.91,7.94,7.96
15/02/2026 3:12,30.23,8.08,7.15
15/02/2026 3:15,29.29,7.4,5.33
15/02/2026 3:18,29.62,7.13,5.42
15/02/2026 3:21,28.82,7.01,6
15/02/2026 3:24,26.58,6.34,7.63
15/02/2026 3:27,30.33,8.11,6.22
15/02/2026 3:30,30.6,8.23,5.24
15/02/2026 3:33,28.91,8.09,7.01
15/02/2026 3:36,29.49,7.17,5.86
15/02/2026 3:39,28.31,7.96,5.99
15/02/2026 3:42,28.34,7.81,7.03
15/02/2026 3:45,28.43,8.26,5.93
15/02/2026 3:48,29.89,7.51,9.48
15/02/2026 3:51,30.36,7.01,5.11
15/02/2026 3:54,28.39,7.42,5.22
15/02/2026 3:57,30.99,8.29,5.14
15/02/2026 4:00,29.06,8.12,7.09
15/02/2026 4:03,30.68,7.77,6.73
15/02/2026 4:06,31,8.3,6.83
15/02/2026 4:09,30.52,7.29,5.41
15/02/2026 4:12,29.14,7.72,5.35
15/02/2026 4:15,28.07,7.06,4.16
15/02/2026 4:18,31.49,7.81,6.25
15/02/2026 4:21,29.52,8.36,7.57
15/02/2026 4:24,29.46,7.32,5.06
15/02/2026 4:27,28.01,7.68,6.6
15/02/2026 4:30,30.61,7.5,7.51
15/02/2026 4:33,28.44,8.26,3.76
15/02/2026 4:36,29.88,8.04,7.45
15/02/2026 4:39,28.79,7.72,6.06
15/02/2026 4:42,29.24,7.21,7.18
15/02/2026 4:45,29.41,6.54,7.37
15/02/2026 4:48,29.76,7.82,6.3
15/02/2026 4:51,29.56,7.55,7.79
15/02/2026 4:54,29.09,7.48,7.57
15/02/2026 4:57,28.12,7.38,9.56
15/02/2026 5:00,28.38,7.34,6.41
15/02/2026 5:03,29.87,7.93,5.31
15/02/2026 5:06,29.82,7.78,7.65
15/02/2026 5:09,30,7.45,6.38
15/02/2026 5:12,28.24,8.31,8.32
15/02/2026 5:15,28.75,7.33,5.7
15/02/2026 5:18,33.83,7.78,5.16
15/02/2026 5:21,28.7,8.53,6.48
15/02/2026 5:24,30.44,8.26,8.95
15/02/2026 5:27,30.28,7.87,6.16
15/02/2026 5:30,30.25,8.47,6.17
15/02/2026 5:33,30.92,8.49,7.95
15/02/2026 5:36,30.75,8.65,7.22
15/02/2026 5:39,29.93,7.11,7.66
15/02/2026 5:42,29.53,7.34,6.31
15/02/2026 5:45,30.45,7.5,5.73
15/02/2026 5:48,29.65,7.57,5.1
15/02/2026 5:51,30.3,6.84,7.9
15/02/2026 5:54,28.54,8.5,7.88
15/02/2026 5:57,29.54,7.4,4
15/02/2026 6:00,33.84,7.38,7.19
15/02/2026 6:03,29.45,8.23,5.04
15/02/2026 6:06,29.45,8.7,6.88
15/02/2026 6:09,29.56,6.67,5.2
15/02/2026 6:12,29.84,8.06,4.38
15/02/2026 6:15,29.82,7.76,7.46
15/02/2026 6:18,30.86,8.37,7.52
15/02/2026 6:21,28.66,7.1,6.98
15/02/2026 6:24,28.43,8.13,5.16
15/02/2026 6:27,30.19,7.77,5.12
15/02/2026 6:30,28.73,7.1,6.08
15/02/2026 6:33,28.84,8.2,7.55
15/02/2026 6:36,28.54,8.37,7.41
15/02/2026 6:39,29.43,8.54,5.27
15/02/2026 6:42,27.33,7.1,7.15
15/02/2026 6:45,29.23,8,6.2
15/02/2026 6:48,30.93,7.17,7.73
15/02/2026 6:51,31.63,7.19,6.16
15/02/2026 6:54,30.03,7.8,5.17
15/02/2026 6:57,29.75,7.02,6.55
15/02/2026 7:00,27.22,7.13,5.26
15/02/2026 7:03,29.73,8.05,6.03
15/02/2026 7:06,28.86,9,7.52
15/02/2026 7:09,30.66,7.56,7.73
15/02/2026 7:12,28.35,8.42,5.95
15/02/2026 7:15,30.21,8.01,4.67
15/02/2026 7:18,28.37,7.84,7.99
15/02/2026 7:21,29.5,7.32,6.31
15/02/2026 7:24,28.65,7.2,5.21
15/02/2026 7:27,29.66,7.94,5.87
15/02/2026 7:30,28.59,7.77,5.72
15/02/2026 7:33,29.51,8.38,6.95
15/02/2026 7:36,28.09,7.44,6.57
15/02/2026 7:39,28.74,7.94,5.6
15/02/2026 7:42,30.21,7.72,5.53
15/02/2026 7:45,31.77,7.26,7.58
15/02/2026 7:48,29.56,8.48,5.65
15/02/2026 7:51,29.49,7.56,7.02
15/02/2026 7:54,26.98,7.36,5.31
15/02/2026 7:57,33.04,7.41,5.65
15/02/2026 8:00,29.91,7.93,7.75
15/02/2026 8:03,29.58,7.67,5.32
15/02/2026 8:06,28.79,8.2,6.08
15/02/2026 8:09,30.67,6.58,6.71
15/02/2026 8:12,28.94,7.43,5.08
15/02/2026 8:15,28.05,7.7,7.12
15/02/2026 8:18,28.57,8.1,6.71
15/02/2026 8:21,29.23,7.11,7.14
15/02/2026 8:24,28.03,7.95,5.9
15/02/2026 8:27,29.64,7.26,6.51
15/02/2026 8:30,30.86,8.26,5.03
15/02/2026 8:33,29.68,7.54,7.06
15/02/2026 8:36,28.62,7.84,5.31
15/02/2026 8:39,28.19,7.63,6.12
15/02/2026 8:42,29.62,8.46,5.13
15/02/2026 8:45,30.06,7.8,7.08
15/02/2026 8:48,29.92,7.08,6.91
15/02/2026 8:51,29.7,7.88,6.37
15/02/2026 8:54,29.1,7.82,6.9
15/02/2026 8:57,32.03,7.84,5.51
15/02/2026 9:00,29.17,7.7,7.83
15/02/2026 9:03,30.59,8.15,7.5
15/02/2026 9:06,28.15,7.13,4.18
15/02/2026 9:09,28.9,7.73,7.14
15/02/2026 9:12,28.86,8.01,9.72
15/02/2026 9:15,30.94,8.07,5.39
15/02/2026 9:18,29.51,8.64,5.18
15/02/2026 9:21,28.54,7.23,6.09
15/02/2026 9:24,31.4,7.97,6.69
15/02/2026 9:27,30.54,7.49,5.2
15/02/2026 9:30,29.12,8.2,6.58
15/02/2026 9:33,32.48,7.29,6.24
15/02/2026 9:36,29.16,8.48,6.42
15/02/2026 9:39,29.01,9.09,5.19
15/02/2026 9:42,28.45,8.12,7.39
15/02/2026 9:45,29.34,7.38,6.34
15/02/2026 9:48,29.65,8.78,6.42
15/02/2026 9:51,29.36,7.96,7.87
15/02/2026 9:54,29.14,7.29,7.22
15/02/2026 9:57,28.69,7.69,6.31
15/02/2026 10:00,30.58,7.52,7.51
15/02/2026 10:03,30.59,7.96,4.35
15/02/2026 10:06,29.69,9.05,3.59
15/02/2026 10:09,30.13,6.93,7.2
15/02/2026 10:12,30.73,8.25,6.49
15/02/2026 10:15,28.48,7.31,5.13
15/02/2026 10:18,28.38,7.65,6.41
15/02/2026 10:21,28.6,7.57,7.99
15/02/2026 10:24,31.02,8.32,9.04
15/02/2026 10:27,29.77,7.75,6.44
15/02/2026 10:30,28.22,7.41,9.36
15/02/2026 10:33,30.2,8.5,5.42
15/02/2026 10:36,28.15,7.6,6.8
15/02/2026 10:39,28.08,7.32,7.39
15/02/2026 10:42,30.9,8.25,6.35
15/02/2026 10:45,29.06,7.63,5.95
15/02/2026 10:48,29.68,6.72,7.79
15/02/2026 10:51,29.45,7.82,3.51
15/02/2026 10:54,29.94,7.24,6.78
15/02/2026 10:57,26.7,8.71,5.07
15/02/2026 11:00,30.83,7.56,5.85
15/02/2026 11:03,29.67,7.91,6.84
15/02/2026 11:06,28.97,7.27,5.89
15/02/2026 11:09,25.66,7.93,4.13
15/02/2026 11:12,28.12,8.28,5.21
15/02/2026 11:15,31.74,7.57,5.27
15/02/2026 11:18,29.93,7.32,7.04
15/02/2026 11:21,29.26,7.07,6.72
15/02/2026 11:24,30.87,7.23,7.28
15/02/2026 11:27,29.76,8.19,5.02
15/02/2026 11:30,29.9,7.42,7.37
15/02/2026 11:33,25.72,6.64,6.2
15/02/2026 11:36,29.92,7.14,5.27
15/02/2026 11:39,29.63,8.16,6.56
15/02/2026 11:42,29.16,8.16,6.68
15/02/2026 11:45,29.38,7.6,7.86
15/02/2026 11:48,30.05,8.85,7.82
15/02/2026 11:51,28.72,8.84,7.33
15/02/2026 11:54,28.55,7.48,6.14
15/02/2026 11:57,30.7,7.04,4.7
15/02/2026 12:00,30.05,7.72,6.95
15/02/2026 12:03,25.03,7.07,9.83
15/02/2026 12:06,30.61,8.49,7.14
15/02/2026 12:09,29.1,7.42,6.8
15/02/2026 12:12,29.73,8.31,5.53
15/02/2026 12:15,29.81,8.18,6.34
15/02/2026 12:18,30.68,7.52,8.61
15/02/2026 12:21,30.63,8.28,6.16
15/02/2026 12:24,28.78,7.79,9.87
15/02/2026 12:27,30.91,8.34,7.46
15/02/2026 12:30,29.12,8.19,5.65
15/02/2026 12:33,29.83,7.33,6.26
15/02/2026 12:36,30.98,8.38,7.5
15/02/2026 12:39,29.22,7.52,6.83
15/02/2026 12:42,29.93,8.06,6.94
15/02/2026 12:45,30.96,7.41,6.76
15/02/2026 12:48,29.89,7.53,7.19
15/02/2026 12:51,29.97,7.03,7.77
15/02/2026 12:54,30.36,8.77,4.44
15/02/2026 12:57,30.36,7.8,7.74
15/02/2026 13:00,26.34,7.39,7.53
15/02/2026 13:03,30.84,7.14,5.14
15/02/2026 13:06,29.95,7.04,6.35
15/02/2026 13:09,28.75,7.42,7.07
15/02/2026 13:12,28.18,8.02,6.22
15/02/2026 13:15,28.24,8.23,7.47
15/02/2026 13:18,30.89,7.87,6.01
15/02/2026 13:21,30.47,7.32,5.71
15/02/2026 13:24,29.78,7,6.62
15/02/2026 13:27,30.7,7.86,5.43
15/02/2026 13:30,25.8,7.62,6.2
15/02/2026 13:33,30.61,7.67,6.23
15/02/2026 13:36,29.08,8.27,5.73
15/02/2026 13:39,30.43,7.08,5.13
15/02/2026 13:42,28.6,6.85,6.71
15/02/2026 13:45,25.72,7.24,5.92
15/02/2026 13:48,30.95,7.93,6.84
15/02/2026 13:51,28.95,7,7.26
15/02/2026 13:54,28.84,7.73,5.96
15/02/2026 13:57,28.55,7.18,6.21
15/02/2026 14:00,26.92,8.09,9.77
15/02/2026 14:03,29.67,7.2,7.65
15/02/2026 14:06,30.7,8.22,5.82
15/02/2026 14:09,29.66,7.86,5.01
15/02/2026 14:12,28.12,8.34,5.8
15/02/2026 14:15,28.16,7.2,6.17
15/02/2026 14:18,29.55,7.38,5.52
15/02/2026 14:21,30.67,7.83,7.38
15/02/2026 14:24,29.75,7.32,7.92
15/02/2026 14:27,30.24,7.71,6.64
15/02/2026 14:30,30.51,7.37,7.39
15/02/2026 14:33,28.39,7.62,5.22
15/02/2026 14:36,29.29,8.01,4.58
15/02/2026 14:39,28.01,7.75,7.48
15/02/2026 14:42,29.26,8.36,6.71
15/02/2026 14:45,30.58,8,5.48
15/02/2026 14:48,30.36,7.47,6.81
15/02/2026 14:51,29,8.13,7.57
15/02/2026 14:54,30.14,7.43,6.3
15/02/2026 14:57,30.14,8.46,5.32
15/02/2026 15:00,29.47,6.38,7.4
15/02/2026 15:03,28.31,7.13,6.98
15/02/2026 15:06,30.78,7.65,5.7
15/02/2026 15:09,29.72,7.42,7.09
15/02/2026 15:12,28.54,7.97,7.37
15/02/2026 15:15,30.02,6.42,7.11
15/02/2026 15:18,30.31,8.26,7.29
15/02/2026 15:21,28.33,8.45,6.64
15/02/2026 15:24,29.27,6.58,4.7
15/02/2026 15:27,30.85,7.64,7.68
15/02/2026 15:30,29.76,7.93,6.63
15/02/2026 15:33,32.86,8.39,5.86
15/02/2026 15:36,30.35,7.81,5.83
15/02/2026 15:39,28.45,7.19,5.31
15/02/2026 15:42,33.93,8.18,6.24
15/02/2026 15:45,28.8,8.49,5.37
15/02/2026 15:48,31.18,7,9.43
15/02/2026 15:51,31.27,7.86,6.68
15/02/2026 15:54,30.89,8.87,7.99
15/02/2026 15:57,28.24,8.21,7.5
15/02/2026 16:00,30.68,8.01,6.03
15/02/2026 16:03,28.19,8.27,5.45
15/02/2026 16:06,29.78,8.02,6.63
15/02/2026 16:09,28.04,7.44,6.81
15/02/2026 16:12,25.47,7.72,3.6
15/02/2026 16:15,30.71,8.34,6.6
15/02/2026 16:18,29.6,8.74,7.59
15/02/2026 16:21,29.61,7.25,5.63
15/02/2026 16:24,29.17,7.13,7.94
15/02/2026 16:27,30.09,6.56,6.71
15/02/2026 16:30,30,7.38,7.63
15/02/2026 16:33,29.81,8.08,6.52
15/02/2026 16:36,29.38,7.08,6.98
15/02/2026 16:39,28.57,8.17,5.89
15/02/2026 16:42,29.74,8.45,7.26
15/02/2026 16:45,30.82,7.36,6.03
15/02/2026 16:48,28.9,8.58,5.3
15/02/2026 16:51,32.39,8.25,5.83
15/02/2026 16:54,29.38,7.85,8.92
15/02/2026 16:57,28.17,7.39,6.85
15/02/2026 17:00,28.26,8.09,7.78
15/02/2026 17:03,25.71,7.44,6.36
15/02/2026 17:06,28.6,8.3,5.84
15/02/2026 17:09,29.89,7.68,7.39
15/02/2026 17:12,28.82,7.99,5.79
15/02/2026 17:15,30.85,8.19,7.47
15/02/2026 17:18,29.25,7.31,7.06
15/02/2026 17:21,29.87,7.07,7.39
15/02/2026 17:24,29.7,7.92,3.57
15/02/2026 17:27,29.49,7.62,6.95
15/02/2026 17:30,29.2,7.16,5.31
15/02/2026 17:33,29.34,7.34,7.59
15/02/2026 17:36,30.99,7.95,5.75
15/02/2026 17:39,28.28,9.1,7.26
15/02/2026 17:42,30.9,7.77,6.9
15/02/2026 17:45,28.76,7.23,5.22
15/02/2026 17:48,30.39,7.74,7.6
15/02/2026 17:51,28.69,8.17,7.73
15/02/2026 17:54,33.47,8.23,6.54
15/02/2026 17:57,29.17,8.49,5.53
15/02/2026 18:00,30.14,7.42,5.73
15/02/2026 18:03,30.77,7.46,7.55
15/02/2026 18:06,29.31,7.91,6.18
15/02/2026 18:09,29.83,8.57,7
15/02/2026 18:12,29.04,7.21,5.27
15/02/2026 18:15,28.63,7.72,7.75
15/02/2026 18:18,30.82,7.42,5.52
15/02/2026 18:21,30.82,7.82,6.24
15/02/2026 18:24,30.93,8.22,7
15/02/2026 18:27,30.93,8.02,7.01
15/02/2026 18:30,30.71,8.17,6.5
15/02/2026 18:33,29.68,7.73,9.26
15/02/2026 18:36,28.93,8.14,6.02
15/02/2026 18:39,29.17,8.14,5.44
15/02/2026 18:42,28.88,7.76,5.18
15/02/2026 18:45,28.95,7.52,7.48
15/02/2026 18:48,30.3,6.68,7.69
15/02/2026 18:51,30.82,7.58,5.32
15/02/2026 18:54,29.71,7.71,6.74
15/02/2026 18:57,30.14,8.04,6.14
15/02/2026 19:00,28.82,7.9,5.9
15/02/2026 19:03,30.69,8.13,6.72
15/02/2026 19:06,29.59,8.48,7.33
15/02/2026 19:09,27.24,7.88,6.95
15/02/2026 19:12,29.99,8.46,7.34
15/02/2026 19:15,30.59,8.29,7.27
15/02/2026 19:18,28.95,8.14,7.17
15/02/2026 19:21,28.56,8.22,6.72
15/02/2026 19:24,31.51,7.12,7.16
15/02/2026 19:27,29.67,7.34,7.6
15/02/2026 19:30,30.45,8.14,6.1
15/02/2026 19:33,30.57,7.9,4.89
15/02/2026 19:36,28.15,7.3,6.84
15/02/2026 19:39,26.19,8.13,5.16
15/02/2026 19:42,30.38,7.65,5.28
15/02/2026 19:45,28.83,7.45,6.32
15/02/2026 19:48,28.32,8.44,7.09
15/02/2026 19:51,28.89,8.01,7.69
15/02/2026 19:54,28.37,7.26,4.3
15/02/2026 19:57,29.12,7.33,5.34
15/02/2026 20:00,29.45,8.14,7.1
15/02/2026 20:03,30.77,8.65,7.09
15/02/2026 20:06,30.62,7.03,7.69
15/02/2026 20:09,30.26,8.23,6.78
15/02/2026 20:12,28.29,7.02,6.98
15/02/2026 20:15,27.3,7.65,5.12
15/02/2026 20:18,29.35,8.29,5.91
15/02/2026 20:21,28.99,7.65,7.05
15/02/2026 20:24,32.73,8.54,7.06
15/02/2026 20:27,30.93,7.65,6.1
15/02/2026 20:30,25.54,7.67,6.19
15/02/2026 20:33,30.74,7.43,6.05
15/02/2026 20:36,30.74,8.1,6.88
15/02/2026 20:39,30.52,7.39,7.84
15/02/2026 20:42,32.01,8.15,7.25
15/02/2026 20:45,30.25,8.38,4.15
15/02/2026 20:48,30.13,7.1,6.15
15/02/2026 20:51,29.58,7.02,6.77
15/02/2026 20:54,29.75,8.12,8.5
15/02/2026 20:57,32.41,8.14,3.72
15/02/2026 21:00,29.44,7.35,6.37
15/02/2026 21:03,29.52,6.96,7.94
15/02/2026 21:06,28.48,7.49,4.18
15/02/2026 21:09,31.44,7.32,7.31
15/02/2026 21:12,28.73,7.24,5.25
15/02/2026 21:15,28.7,7.46,6.94
15/02/2026 21:18,29.02,6.59,7.41
15/02/2026 21:21,29.4,7.11,6.87
15/02/2026 21:24,29.33,7.64,7.41
15/02/2026 21:27,30.75,8.15,7.96
15/02/2026 21:30,28.49,8.05,7.29
15/02/2026 21:33,29.3,7.5,3.94
15/02/2026 21:36,28.75,7.52,6.27
15/02/2026 21:39,30.91,8.36,7.58
15/02/2026 21:42,29.52,8.92,7.2
15/02/2026 21:45,29.79,8,7.93
15/02/2026 21:48,30.88,7.47,7.19
15/02/2026 21:51,30.06,7.49,6.35
15/02/2026 21:54,29.54,7.14,5.87
15/02/2026 21:57,26.15,7.59,5.92
15/02/2026 22:00,29.09,6.3,7.55
15/02/2026 22:03,30.32,7.19,6.06
15/02/2026 22:06,26.87,7.2,7.56
15/02/2026 22:09,29.23,7.15,5.55
15/02/2026 22:12,30.27,7.24,5.39
15/02/2026 22:15,28.6,7.5,8.04
15/02/2026 22:18,28.07,7.2,6
15/02/2026 22:21,28.94,7.64,7.93
15/02/2026 22:24,30.16,7.78,5.82
15/02/2026 22:27,30.98,7.89,7.46
15/02/2026 22:30,28.61,6.72,6.08
15/02/2026 22:33,30.44,7.08,5.01
15/02/2026 22:36,29.81,7.12,7.38
15/02/2026 22:39,29.42,7.64,7.18
15/02/2026 22:42,30.75,7.15,5.98
15/02/2026 22:45,29.65,7.1,7.78
15/02/2026 22:48,29.66,8.5,6.81
15/02/2026 22:51,26.75,7.46,5.96
15/02/2026 22:54,28.11,7.24,6.72
15/02/2026 22:57,29.87,8.12,5.62
15/02/2026 23:00,30.33,7.68,7.59
15/02/2026 23:03,29.75,8.44,5.66
15/02/2026 23:06,30.42,7.23,7.94
15/02/2026 23:09,29.77,7.27,3.88
15/02/2026 23:12,30.1,8.35,7.07
15/02/2026 23:15,28.85,8.47,7.39
15/02/2026 23:18,28.46,8.82,6.12
15/02/2026 23:21,29.7,8.43,9.57
15/02/2026 23:24,30.2,8.45,5.79
15/02/2026 23:27,29.64,6.41,6.75
15/02/2026 23:30,28.53,7.01,6.75
15/02/2026 23:33,30.42,8.13,6.76
15/02/2026 23:36,28.53,7.1,7.29
15/02/2026 23:39,29.25,7.63,5.02
15/02/2026 23:42,30.58,6.94,6.92
15/02/2026 23:45,28.61,7.69,6.25
15/02/2026 23:48,28.91,7.42,5.26
15/02/2026 23:51,30.87,7.99,5.45
15/02/2026 23:54,29.49,7.34,5.7
15/02/2026 23:57,28.79,7.79,7.19
16/02/2026 0:00,28.02,7.52,7.13
16/02/2026 0:03,29.52,7.92,9.43
16/02/2026 0:06,30.6,7.84,5.35
16/02/2026 0:09,28.77,7.21,6.04
16/02/2026 0:12,29.82,6.71,5.73
16/02/2026 0:15,28.14,6.74,6.89
16/02/2026 0:18,25.89,7.86,5.2
16/02/2026 0:21,28.01,8.91,5.01
16/02/2026 0:24,29.66,7.24,6.6
16/02/2026 0:27,33.54,7.62,6.22
16/02/2026 0:30,28.33,7.93,7.58
16/02/2026 0:33,32.26,8.19,6.85
16/02/2026 0:36,30.93,8.16,7.69
16/02/2026 0:39,27.98,8.35,7.44
16/02/2026 0:42,29.93,9.04,7.31
16/02/2026 0:45,29.48,8.03,5.39
16/02/2026 0:48,29.32,7.46,7.91
16/02/2026 0:51,28.3,6.73,9.16
16/02/2026 0:54,26.17,7.64,7.1
16/02/2026 0:57,30.16,7.64,5.21
16/02/2026 1:00,30.9,7.56,6.9
16/02/2026 1:03,29.67,7.67,7.15
16/02/2026 1:06,29.7,8.14,7.39
16/02/2026 1:09,28.6,7.79,7.64
16/02/2026 1:12,28.6,8.5,6.01
16/02/2026 1:15,26.92,8.3,6.27
16/02/2026 1:18,28.06,7.85,7.06
16/02/2026 1:21,30.13,7.31,5.48
16/02/2026 1:24,30.35,7.58,6.19
16/02/2026 1:27,25.5,6.89,6.68
16/02/2026 1:30,29.82,7.21,5.92
16/02/2026 1:33,28.27,7.33,6.09
16/02/2026 1:36,28.28,8.17,5.63
16/02/2026 1:39,29.01,8.39,7.87
16/02/2026 1:42,30.02,6.42,7.85
16/02/2026 1:45,31.08,8.07,7.25
16/02/2026 1:48,25.52,7.16,7
16/02/2026 1:51,25.04,7.8,6.8
16/02/2026 1:54,30.43,8.31,7.44
16/02/2026 1:57,29.94,7.28,5.09
16/02/2026 2:00,28.26,7.37,5.3
16/02/2026 2:03,29.25,8.39,5.55
16/02/2026 2:06,28.34,8.22,6.19
16/02/2026 2:09,29.15,8.23,6.9
16/02/2026 2:12,32.84,6.58,5.1
16/02/2026 2:15,30.7,7.78,6.01
16/02/2026 2:18,30.49,7.9,7.09
16/02/2026 2:21,25.71,8.32,4.62
16/02/2026 2:24,29.9,8.07,5.89
16/02/2026 2:27,28.63,6.6,7.76
16/02/2026 2:30,28.31,6.52,5.68
16/02/2026 2:33,30.55,7.58,3.55
16/02/2026 2:36,29.51,7.82,6.51
16/02/2026 2:39,28.25,8.36,6.89
16/02/2026 2:42,30.63,6.3,6.79
16/02/2026 2:45,29.63,8.06,5.9
16/02/2026 2:48,30.81,7.79,7.15
16/02/2026 2:51,28.11,7.19,5.44
16/02/2026 2:54,28.7,8.72,7.72
16/02/2026 2:57,29,7.18,7.7
16/02/2026 3:00,28.35,7.08,5.91
16/02/2026 3:03,28.54,7.14,6.66
16/02/2026 3:06,29.65,7.55,5.01
16/02/2026 3:09,28.94,7.68,7.66
16/02/2026 3:12,29.4,7.14,6.02
16/02/2026 3:15,31.77,7.35,5.18
16/02/2026 3:18,28.36,7.68,6.74
16/02/2026 3:21,30.9,8.29,6.35
16/02/2026 3:24,29.55,8.11,4.23
16/02/2026 3:27,28.99,8.44,5.84
16/02/2026 3:30,29.52,7.85,7.76
16/02/2026 3:33,30.03,7.46,5.07
16/02/2026 3:36,29.32,8.17,8.95
16/02/2026 3:39,29.61,6.49,6.79
16/02/2026 3:42,29.52,8.04,7.53
16/02/2026 3:45,29.98,8.06,6.78
16/02/2026 3:48,28.84,7.83,7.98
16/02/2026 3:51,30.3,7.15,8.49
16/02/2026 3:54,29.31,7.36,5.85
16/02/2026 3:57,30.56,8.44,5.1
16/02/2026 4:00,33.28,7.24,4.27
16/02/2026 4:03,29.08,7.68,7.56
16/02/2026 4:06,28.6,7.13,7.48
16/02/2026 4:09,28.82,7.83,5.9
16/02/2026 4:12,28.25,7.7,7.2
16/02/2026 4:15,29.96,7.41,5.89
16/02/2026 4:18,28.72,7.67,5.38
16/02/2026 4:21,29.2,7.34,6.31
16/02/2026 4:24,28.88,7.35,7.7
16/02/2026 4:27,28.78,8.46,7.92
16/02/2026 4:30,30.76,8.2,7.38
16/02/2026 4:33,30.93,7.34,7.41
16/02/2026 4:36,30.28,7.08,7.39
16/02/2026 4:39,30.75,7.24,6.67
16/02/2026 4:42,28.67,7.04,4.32
16/02/2026 4:45,28.03,7.28,7.3
16/02/2026 4:48,29,7.46,6.93
16/02/2026 4:51,28.56,8.13,5.92
16/02/2026 4:54,28.47,7.86,5.37
16/02/2026 4:57,30.96,7.13,6.66
16/02/2026 5:00,28.55,8.39,6.07
16/02/2026 5:03,29.08,8.09,7.28
16/02/2026 5:06,28.1,7.77,5.38
16/02/2026 5:09,30.1,7.86,7.37
16/02/2026 5:12,29.46,7.94,6.36
16/02/2026 5:15,28.38,7.91,7.85
16/02/2026 5:18,28.81,8.29,6.19
16/02/2026 5:21,31.04,8.06,5.46
16/02/2026 5:24,28.16,8.04,7.62
16/02/2026 5:27,32.25,7.99,7.74
16/02/2026 5:30,30.93,8.08,7.72
16/02/2026 5:33,28.92,7.32,7.94
16/02/2026 5:36,28.19,6.73,8.15
16/02/2026 5:39,30.61,8.13,7.1
16/02/2026 5:42,29.64,7.66,5.19
16/02/2026 5:45,29.71,8.75,6.38
16/02/2026 5:48,29.15,8.07,5.56
16/02/2026 5:51,29.98,8.49,6.18
16/02/2026 5:54,28.91,8.34,6.01
16/02/2026 5:57,29.78,8.35,5.45
16/02/2026 6:00,28.74,7.76,5.4
16/02/2026 6:03,25.6,7.18,7.89
16/02/2026 6:06,27.39,7.13,7.81
16/02/2026 6:09,29.28,8.45,5.75
16/02/2026 6:12,28.72,7.88,5.01
16/02/2026 6:15,30.76,7.8,7.28
16/02/2026 6:18,29.46,8,6.3
16/02/2026 6:21,29.8,7.67,7.02
16/02/2026 6:24,29.81,7.86,5.94
16/02/2026 6:27,30.64,8.15,7.55
16/02/2026 6:30,29.51,8,6.1
16/02/2026 6:33,30.87,7.3,5.12
16/02/2026 6:36,30.41,8.11,6.05
16/02/2026 6:39,30.67,8.24,7.7
16/02/2026 6:42,29.76,7.69,5.04
16/02/2026 6:45,28.9,7.64,5.81
16/02/2026 6:48,28.51,7.72,7.9
16/02/2026 6:51,30.03,7.33,7.15
16/02/2026 6:54,28.14,7.92,6.6
16/02/2026 6:57,29.75,8.42,7.95
16/02/2026 7:00,29.29,7.69,9.78
16/02/2026 7:03,28.58,7.83,7.94
16/02/2026 7:06,25.53,7.37,6.32
16/02/2026 7:09,30.62,7.79,4.65
16/02/2026 7:12,26.11,7.11,7.46
16/02/2026 7:15,32.92,6.59,6.71
16/02/2026 7:18,28.83,7.75,6.6
16/02/2026 7:21,28.34,7.21,5.18
16/02/2026 7:24,28.82,7.15,6.6
16/02/2026 7:27,29.36,7.7,7.19
16/02/2026 7:30,29.69,8.48,8.59
16/02/2026 7:33,27.78,7.64,5.55
16/02/2026 7:36,30.85,7.09,7.42
16/02/2026 7:39,29.07,7.08,6.39
16/02/2026 7:42,30.46,8.26,6.49
16/02/2026 7:45,30.35,8.15,7.14
16/02/2026 7:48,28.95,8.15,6.95
16/02/2026 7:51,29.97,7.08,7.69
16/02/2026 7:54,30.03,8.45,6.78
16/02/2026 7:57,31.97,7.37,5.66
16/02/2026 8:00,28.59,7.77,6.06
16/02/2026 8:03,30.8,7.15,7.78
16/02/2026 8:06,28.19,7.06,6.94
16/02/2026 8:09,28.19,8.19,7.11
16/02/2026 8:12,29.66,7.19,8.18
16/02/2026 8:15,28.94,8.09,6.08
16/02/2026 8:18,29.66,7.03,5.19
16/02/2026 8:21,28.89,7.06,7.79
16/02/2026 8:24,30.66,7.81,6.85
16/02/2026 8:27,29.36,8.26,7.11
16/02/2026 8:30,28.34,8.37,7.92
16/02/2026 8:33,28.82,8.49,7
16/02/2026 8:36,28.48,7.06,6.28
16/02/2026 8:39,30.97,8.34,6.45
16/02/2026 8:42,30.29,8.46,5.23
16/02/2026 8:45,28.72,6.88,5.32
16/02/2026 8:48,28.62,8.46,6.32
16/02/2026 8:51,30.13,8.28,5.82
16/02/2026 8:54,30.35,8.03,5.95
16/02/2026 8:57,32.12,7.29,5.81
16/02/2026 9:00,29.49,7.99,5.93
16/02/2026 9:03,30.77,7.87,6.29
16/02/2026 9:06,29.3,8.46,7.78
16/02/2026 9:09,29.79,8.15,5.82
16/02/2026 9:12,28.19,8.14,6.6
16/02/2026 9:15,29.62,7.52,6.38
16/02/2026 9:18,26.15,7.29,6.11
16/02/2026 9:21,28.69,6.81,4.31
16/02/2026 9:24,28.37,8.03,7.58
16/02/2026 9:27,29.09,8.18,5.26
16/02/2026 9:30,29.79,8.4,5.32
16/02/2026 9:33,30.54,8.32,7.09
16/02/2026 9:36,29,7.26,6.63
16/02/2026 9:39,29.55,8.89,5.01
16/02/2026 9:42,30,7.42,5.78
16/02/2026 9:45,28.03,7.2,7.53
16/02/2026 9:48,29.69,7.52,5.01
16/02/2026 9:51,29.81,7.39,5.37
16/02/2026 9:54,28.36,8.12,7.11
16/02/2026 9:57,29.34,7,5.97
16/02/2026 10:00,29.32,7.18,6.13
16/02/2026 10:03,30.24,7.44,5.08
16/02/2026 10:06,28.95,8.39,6.24
16/02/2026 10:09,29.09,7.48,6.98
16/02/2026 10:12,28.18,6.98,7.59
16/02/2026 10:15,28.74,7.8,9.56
16/02/2026 10:18,29.96,8.15,5.48
16/02/2026 10:21,28.95,6.71,5.08
16/02/2026 10:24,29.78,7.62,6.24
16/02/2026 10:27,29.08,8.74,7.81
16/02/2026 10:30,29.77,8.04,6.53
16/02/2026 10:33,29.95,8.27,6.93
16/02/2026 10:36,29.22,7.9,5.26
16/02/2026 10:39,30.66,7.22,5.31
16/02/2026 10:42,28.02,8.38,7.13
16/02/2026 10:45,28.39,7.72,7.55
16/02/2026 10:48,29.66,7.71,7.48
16/02/2026 10:51,28.48,7.61,5.3
16/02/2026 10:54,28.89,7.3,6.58
16/02/2026 10:57,28.72,7.47,7.71
16/02/2026 11:00,29.58,7.19,7.93
16/02/2026 11:03,28.74,7.58,9.27
16/02/2026 11:06,29.36,8.95,6.96
16/02/2026 11:09,29.9,8.61,7.01
16/02/2026 11:12,28.74,7.55,9.72
16/02/2026 11:15,28.54,7.77,7.77
16/02/2026 11:18,31.47,7.52,5.53
16/02/2026 11:21,30.97,7.86,6.11
16/02/2026 11:24,28.55,8.36,5.58
16/02/2026 11:27,29,8.25,7.02
16/02/2026 11:30,29.2,8.35,5.69
16/02/2026 11:33,30.58,7.81,5.47
16/02/2026 11:36,28.83,7.17,4.47
16/02/2026 11:39,28.66,8.15,6.43
16/02/2026 11:42,28.38,7.77,7.44
16/02/2026 11:45,30.28,7.85,6.17
16/02/2026 11:48,27.62,7.04,6.53
16/02/2026 11:51,29.7,7.93,8.9
16/02/2026 11:54,28.28,7.21,3.83
16/02/2026 11:57,29.36,8.01,7.63
16/02/2026 12:00,30.97,7.33,7.32
16/02/2026 12:03,30.77,7.07,5.09
16/02/2026 12:06,29.69,7.25,7.23
16/02/2026 12:09,28.71,7.72,5.93
16/02/2026 12:12,29.77,7.52,5.17
16/02/2026 12:15,29.54,7.91,6.98
16/02/2026 12:18,30.91,7.53,7.56
16/02/2026 12:21,28.05,8.17,5.05
16/02/2026 12:24,25.37,8.13,6.24
16/02/2026 12:27,28.93,7.8,6.32
16/02/2026 12:30,33.66,8.08,6.4
16/02/2026 12:33,29.21,7.78,4.34
16/02/2026 12:36,30.19,7.06,7.18
16/02/2026 12:39,30.25,7.13,4.16
16/02/2026 12:42,30.2,7.35,5.64
16/02/2026 12:45,29.71,8.37,6.69
16/02/2026 12:48,29.66,7.89,6.16
16/02/2026 12:51,28.87,7.62,6.48
16/02/2026 12:54,30.61,8.4,7.38
16/02/2026 12:57,29.28,7.1,6.85
16/02/2026 13:00,29.07,7.71,7.75
16/02/2026 13:03,30.39,7.32,7.56
16/02/2026 13:06,30.17,7.03,6.8
16/02/2026 13:09,28.96,7.06,3.69
16/02/2026 13:12,28.07,7.95,3.69
16/02/2026 13:15,28.03,6.91,6.88
16/02/2026 13:18,30.55,7.85,5.59
16/02/2026 13:21,28.45,8.33,7.41
16/02/2026 13:24,29.81,7.69,7.29
16/02/2026 13:27,29.77,8.27,5.86
16/02/2026 13:30,28.68,8.2,5.31
16/02/2026 13:33,29.34,7.7,6.07
16/02/2026 13:36,29.26,7.83,5.6
16/02/2026 13:39,29.51,7.52,7.67
16/02/2026 13:42,30.57,8.16,7.24
16/02/2026 13:45,30.75,7.89,6.4
16/02/2026 13:48,28.26,6.5,5.42
16/02/2026 13:51,29.29,8,5.24
16/02/2026 13:54,28.88,7.98,7.45
16/02/2026 13:57,30.36,7.47,5.66
16/02/2026 14:00,29.04,8.25,7.47
16/02/2026 14:03,29.46,8.08,6.37
16/02/2026 14:06,30.12,7.27,5.36
16/02/2026 14:09,29.91,7.94,7.96
16/02/2026 14:12,30.23,8.08,7.15
16/02/2026 14:15,29.29,7.4,5.33
16/02/2026 14:18,29.62,7.13,5.42
16/02/2026 14:21,28.82,7.01,6
16/02/2026 14:24,26.58,6.34,7.63
16/02/2026 14:27,30.33,8.11,6.22
16/02/2026 14:30,30.6,8.23,5.24
16/02/2026 14:33,28.91,8.09,7.01
16/02/2026 14:36,29.49,7.17,5.86
16/02/2026 14:39,28.31,7.96,5.99
16/02/2026 14:42,28.34,7.81,7.03
16/02/2026 14:45,28.43,8.26,5.93
16/02/2026 14:48,29.89,7.51,9.48
16/02/2026 14:51,30.36,7.01,5.11
16/02/2026 14:54,28.39,7.42,5.22
16/02/2026 14:57,30.99,8.29,5.14
16/02/2026 15:00,29.06,8.12,7.09
16/02/2026 15:03,30.68,7.77,6.73
16/02/2026 15:06,31,8.3,6.83
16/02/2026 15:09,30.52,7.29,5.41
16/02/2026 15:12,29.14,7.72,5.35
16/02/2026 15:15,28.07,7.06,4.16
16/02/2026 15:18,31.49,7.81,6.25
16/02/2026 15:21,29.52,8.36,7.57
16/02/2026 15:24,29.46,7.32,5.06
16/02/2026 15:27,28.01,7.68,6.6
16/02/2026 15:30,30.61,7.5,7.51
16/02/2026 15:33,28.44,8.26,3.76
16/02/2026 15:36,29.88,8.04,7.45
16/02/2026 15:39,28.79,7.72,6.06
16/02/2026 15:42,29.24,7.21,7.18
16/02/2026 15:45,29.41,6.54,7.37
16/02/2026 15:48,29.76,7.82,6.3
16/02/2026 15:51,29.56,7.55,7.79
16/02/2026 15:54,29.09,7.48,7.57
16/02/2026 15:57,28.12,7.38,9.56
16/02/2026 16:00,28.38,7.34,6.41
16/02/2026 16:03,29.87,7.93,5.31
16/02/2026 16:06,29.82,7.78,7.65
16/02/2026 16:09,30,7.45,6.38
16/02/2026 16:12,28.24,8.31,8.32
16/02/2026 16:15,28.75,7.33,5.7
16/02/2026 16:18,33.83,7.78,5.16
16/02/2026 16:21,28.7,8.53,6.48
16/02/2026 16:24,30.44,8.26,8.95
16/02/2026 16:27,30.28,7.87,6.16
16/02/2026 16:30,30.25,8.47,6.17
16/02/2026 16:33,30.92,8.49,7.95
16/02/2026 16:36,30.75,8.65,7.22
16/02/2026 16:39,29.93,7.11,7.66
16/02/2026 16:42,29.53,7.34,6.31
16/02/2026 16:45,30.45,7.5,5.73
16/02/2026 16:48,29.65,7.57,5.1
16/02/2026 16:51,30.3,6.84,7.9
16/02/2026 16:54,28.54,8.5,7.88
16/02/2026 16:57,29.54,7.4,4
16/02/2026 17:00,33.84,7.38,7.19
16/02/2026 17:03,29.45,8.23,5.04
16/02/2026 17:06,29.45,8.7,6.88
16/02/2026 17:09,29.56,6.67,5.2
16/02/2026 17:12,29.84,8.06,4.38
16/02/2026 17:15,29.82,7.76,7.46
16/02/2026 17:18,30.86,8.37,7.52
16/02/2026 17:21,28.66,7.1,6.98
16/02/2026 17:24,28.43,8.13,5.16
16/02/2026 17:27,30.19,7.77,5.12
16/02/2026 17:30,28.73,7.1,6.08
16/02/2026 17:33,28.84,8.2,7.55
16/02/2026 17:36,28.54,8.37,7.41
16/02/2026 17:39,29.43,8.54,5.27
16/02/2026 17:42,27.33,7.1,7.15
16/02/2026 17:45,29.23,8,6.2
16/02/2026 17:48,30.93,7.17,7.73
16/02/2026 17:51,31.63,7.19,6.16
16/02/2026 17:54,30.03,7.8,5.17
16/02/2026 17:57,29.75,7.02,6.55
16/02/2026 18:00,27.22,7.13,5.26
16/02/2026 18:03,29.73,8.05,6.03
16/02/2026 18:06,28.86,9,7.52
16/02/2026 18:09,30.66,7.56,7.73
16/02/2026 18:12,28.35,8.42,5.95
16/02/2026 18:15,30.21,8.01,4.67
16/02/2026 18:18,28.37,7.84,7.99
16/02/2026 18:21,29.5,7.32,6.31
16/02/2026 18:24,28.65,7.2,5.21
16/02/2026 18:27,29.66,7.94,5.87
16/02/2026 18:30,28.59,7.77,5.72
16/02/2026 18:33,29.51,8.38,6.95
16/02/2026 18:36,28.09,7.44,6.57
16/02/2026 18:39,28.74,7.94,5.6
16/02/2026 18:42,30.21,7.72,5.53
16/02/2026 18:45,31.77,7.26,7.58
16/02/2026 18:48,29.56,8.48,5.65
16/02/2026 18:51,29.49,7.56,7.02
16/02/2026 18:54,26.98,7.36,5.31
16/02/2026 18:57,33.04,7.41,5.65
16/02/2026 19:00,29.91,7.93,7.75
16/02/2026 19:03,29.58,7.67,5.32
16/02/2026 19:06,28.79,8.2,6.08
16/02/2026 19:09,30.67,6.58,6.71
16/02/2026 19:12,28.94,7.43,5.08
16/02/2026 19:15,28.05,7.7,7.12
16/02/2026 19:18,28.57,8.1,6.71
16/02/2026 19:21,29.23,7.11,7.14
16/02/2026 19:24,28.03,7.95,5.9
16/02/2026 19:27,29.64,7.26,6.51
16/02/2026 19:30,30.86,8.26,5.03
16/02/2026 19:33,29.68,7.54,7.06
16/02/2026 19:36,28.62,7.84,5.31
16/02/2026 19:39,28.19,7.63,6.12
16/02/2026 19:42,29.62,8.46,5.13
16/02/2026 19:45,30.06,7.8,7.08
16/02/2026 19:48,29.92,7.08,6.91
16/02/2026 19:51,29.7,7.88,6.37
16/02/2026 19:54,29.1,7.82,6.9
16/02/2026 19:57,32.03,7.84,5.51
16/02/2026 20:00,29.17,7.7,7.83
16/02/2026 20:03,30.59,8.15,7.5
16/02/2026 20:06,28.15,7.13,4.18
16/02/2026 20:09,28.9,7.73,7.14
16/02/2026 20:12,28.86,8.01,9.72
16/02/2026 20:15,30.94,8.07,5.39
16/02/2026 20:18,29.51,8.64,5.18
16/02/2026 20:21,28.54,7.23,6.09
16/02/2026 20:24,31.4,7.97,6.69
16/02/2026 20:27,30.54,7.49,5.2
16/02/2026 20:30,29.12,8.2,6.58
16/02/2026 20:33,32.48,7.29,6.24
16/02/2026 20:36,29.16,8.48,6.42
16/02/2026 20:39,29.01,9.09,5.19
16/02/2026 20:42,28.45,8.12,7.39
16/02/2026 20:45,29.34,7.38,6.34
16/02/2026 20:48,29.65,8.78,6.42
16/02/2026 20:51,29.36,7.96,7.87
16/02/2026 20:54,29.14,7.29,7.22
16/02/2026 20:57,28.69,7.69,6.31
16/02/2026 21:00,30.58,7.52,7.51
16/02/2026 21:03,30.59,7.96,4.35
16/02/2026 21:06,29.69,9.05,3.59
16/02/2026 21:09,30.13,6.93,7.2
16/02/2026 21:12,30.73,8.25,6.49
16/02/2026 21:15,28.48,7.31,5.13
16/02/2026 21:18,28.38,7.65,6.41
16/02/2026 21:21,28.6,7.57,7.99
16/02/2026 21:24,31.02,8.32,9.04
16/02/2026 21:27,29.77,7.75,6.44
16/02/2026 21:30,28.22,7.41,9.36
16/02/2026 21:33,30.2,8.5,5.42
16/02/2026 21:36,28.15,7.6,6.8
16/02/2026 21:39,28.08,7.32,7.39
16/02/2026 21:42,30.9,8.25,6.35
16/02/2026 21:45,29.06,7.63,5.95
16/02/2026 21:48,29.68,6.72,7.79
16/02/2026 21:51,29.45,7.82,3.51
16/02/2026 21:54,29.94,7.24,6.78
16/02/2026 21:57,26.7,8.71,5.07
16/02/2026 22:00,30.83,7.56,5.85
16/02/2026 22:03,29.67,7.91,6.84
16/02/2026 22:06,28.97,7.27,5.89
16/02/2026 22:09,25.66,7.93,4.13
16/02/2026 22:12,28.12,8.28,5.21
16/02/2026 22:15,31.74,7.57,5.27
16/02/2026 22:18,29.93,7.32,7.04
16/02/2026 22:21,29.26,7.07,6.72
16/02/2026 22:24,30.87,7.23,7.28
16/02/2026 22:27,29.76,8.19,5.02
16/02/2026 22:30,29.9,7.42,7.37
16/02/2026 22:33,25.72,6.64,6.2
16/02/2026 22:36,29.92,7.14,5.27
16/02/2026 22:39,29.63,8.16,6.56
16/02/2026 22:42,29.16,8.16,6.68
16/02/2026 22:45,29.38,7.6,7.86
16/02/2026 22:48,30.05,8.85,7.82
16/02/2026 22:51,28.72,8.84,7.33
16/02/2026 22:54,28.55,7.48,6.14
16/02/2026 22:57,30.7,7.04,4.7
16/02/2026 23:00,30.05,7.72,6.95
16/02/2026 23:03,25.03,7.07,9.83
16/02/2026 23:06,30.61,8.49,7.14
16/02/2026 23:09,29.1,7.42,6.8
16/02/2026 23:12,29.73,8.31,5.53
16/02/2026 23:15,29.81,8.18,6.34
16/02/2026 23:18,30.68,7.52,8.61
16/02/2026 23:21,30.63,8.28,6.16
16/02/2026 23:24,28.78,7.79,9.87
16/02/2026 23:27,30.91,8.34,7.46
16/02/2026 23:30,29.12,8.19,5.65
16/02/2026 23:33,29.83,7.33,6.26
16/02/2026 23:36,30.98,8.38,7.5
16/02/2026 23:39,29.22,7.52,6.83
16/02/2026 23:42,29.93,8.06,6.94
16/02/2026 23:45,30.96,7.41,6.76
16/02/2026 23:48,29.89,7.53,7.19
16/02/2026 23:51,29.97,7.03,7.77
16/02/2026 23:54,30.36,8.77,4.44
16/02/2026 23:57,30.36,7.8,7.74
17/02/2026 0:00,26.34,7.39,7.53
17/02/2026 0:03,30.84,7.14,5.14
17/02/2026 0:06,29.95,7.04,6.35
17/02/2026 0:09,28.75,7.42,7.07
17/02/2026 0:12,28.18,8.02,6.22
17/02/2026 0:15,28.24,8.23,7.47
17/02/2026 0:18,30.89,7.87,6.01
17/02/2026 0:21,30.47,7.32,5.71
17/02/2026 0:24,29.78,7,6.62
17/02/2026 0:27,30.7,7.86,5.43
17/02/2026 0:30,25.8,7.62,6.2
17/02/2026 0:33,30.61,7.67,6.23
17/02/2026 0:36,29.08,8.27,5.73
17/02/2026 0:39,30.43,7.08,5.13
17/02/2026 0:42,28.6,6.85,6.71
17/02/2026 0:45,25.72,7.24,5.92
17/02/2026 0:48,30.95,7.93,6.84
17/02/2026 0:51,28.95,7,7.26
17/02/2026 0:54,28.84,7.73,5.96
17/02/2026 0:57,28.55,7.18,6.21
17/02/2026 1:00,26.92,8.09,9.77
17/02/2026 1:03,29.67,7.2,7.65
17/02/2026 1:06,30.7,8.22,5.82
17/02/2026 1:09,29.66,7.86,5.01
17/02/2026 1:12,28.12,8.34,5.8
17/02/2026 1:15,28.16,7.2,6.17
17/02/2026 1:18,29.55,7.38,5.52
17/02/2026 1:21,30.67,7.83,7.38
17/02/2026 1:24,29.75,7.32,7.92
17/02/2026 1:27,30.24,7.71,6.64
17/02/2026 1:30,30.51,7.37,7.39
17/02/2026 1:33,28.39,7.62,5.22
17/02/2026 1:36,29.29,8.01,4.58
17/02/2026 1:39,28.01,7.75,7.48
17/02/2026 1:42,29.26,8.36,6.71
17/02/2026 1:45,30.58,8,5.48
17/02/2026 1:48,30.36,7.47,6.81
17/02/2026 1:51,29,8.13,7.57
17/02/2026 1:54,30.14,7.43,6.3
17/02/2026 1:57,30.14,8.46,5.32
17/02/2026 2:00,29.47,6.38,7.4
17/02/2026 2:03,28.31,7.13,6.98
17/02/2026 2:06,30.78,7.65,5.7
17/02/2026 2:09,29.72,7.42,7.09
17/02/2026 2:12,28.54,7.97,7.37
17/02/2026 2:15,30.02,6.42,7.11
17/02/2026 2:18,30.31,8.26,7.29
17/02/2026 2:21,28.33,8.45,6.64
17/02/2026 2:24,29.27,6.58,4.7
17/02/2026 2:27,30.85,7.64,7.68
17/02/2026 2:30,29.76,7.93,6.63
17/02/2026 2:33,32.86,8.39,5.86
17/02/2026 2:36,30.35,7.81,5.83
17/02/2026 2:39,28.45,7.19,5.31
17/02/2026 2:42,33.93,8.18,6.24
17/02/2026 2:45,28.8,8.49,5.37
17/02/2026 2:48,31.18,7,9.43
17/02/2026 2:51,31.27,7.86,6.68
17/02/2026 2:54,30.89,8.87,7.99
17/02/2026 2:57,28.24,8.21,7.5
17/02/2026 3:00,30.68,8.01,6.03
17/02/2026 3:03,28.19,8.27,5.45
17/02/2026 3:06,29.78,8.02,6.63
17/02/2026 3:09,28.04,7.44,6.81
17/02/2026 3:12,25.47,7.72,3.6
17/02/2026 3:15,30.71,8.34,6.6
17/02/2026 3:18,29.6,8.74,7.59
17/02/2026 3:21,29.61,7.25,5.63
17/02/2026 3:24,29.17,7.13,7.94
17/02/2026 3:27,30.09,6.56,6.71
17/02/2026 3:30,30,7.38,7.63
17/02/2026 3:33,29.81,8.08,6.52
17/02/2026 3:36,29.38,7.08,6.98
17/02/2026 3:39,28.57,8.17,5.89
17/02/2026 3:42,29.74,8.45,7.26
17/02/2026 3:45,30.82,7.36,6.03
17/02/2026 3:48,28.9,8.58,5.3
17/02/2026 3:51,32.39,8.25,5.83
17/02/2026 3:54,29.38,7.85,8.92
17/02/2026 3:57,28.17,7.39,6.85
17/02/2026 4:00,28.26,8.09,7.78
17/02/2026 4:03,25.71,7.44,6.36
17/02/2026 4:06,28.6,8.3,5.84
17/02/2026 4:09,29.89,7.68,7.39
17/02/2026 4:12,28.82,7.99,5.79
17/02/2026 4:15,30.85,8.19,7.47
17/02/2026 4:18,29.25,7.31,7.06
17/02/2026 4:21,29.87,7.07,7.39
17/02/2026 4:24,29.7,7.92,3.57
17/02/2026 4:27,29.49,7.62,6.95
17/02/2026 4:30,29.2,7.16,5.31
17/02/2026 4:33,29.34,7.34,7.59
17/02/2026 4:36,30.99,7.95,5.75
17/02/2026 4:39,28.28,9.1,7.26
17/02/2026 4:42,30.9,7.77,6.9
17/02/2026 4:45,28.76,7.23,5.22
17/02/2026 4:48,30.39,7.74,7.6
17/02/2026 4:51,28.69,8.17,7.73
17/02/2026 4:54,33.47,8.23,6.54
17/02/2026 4:57,29.17,8.49,5.53
17/02/2026 5:00,30.14,7.42,5.73
17/02/2026 5:03,30.77,7.46,7.55
17/02/2026 5:06,29.31,7.91,6.18
17/02/2026 5:09,29.83,8.57,7
17/02/2026 5:12,29.04,7.21,5.27
17/02/2026 5:15,28.63,7.72,7.75
17/02/2026 5:18,30.82,7.42,5.52
17/02/2026 5:21,30.82,7.82,6.24
17/02/2026 5:24,30.93,8.22,7
17/02/2026 5:27,30.93,8.02,7.01
17/02/2026 5:30,30.71,8.17,6.5
17/02/2026 5:33,29.68,7.73,9.26
17/02/2026 5:36,28.93,8.14,6.02
17/02/2026 5:39,29.17,8.14,5.44
17/02/2026 5:42,28.88,7.76,5.18
17/02/2026 5:45,28.95,7.52,7.48
17/02/2026 5:48,30.3,6.68,7.69
17/02/2026 5:51,30.82,7.58,5.32
17/02/2026 5:54,29.71,7.71,6.74
17/02/2026 5:57,30.14,8.04,6.14
17/02/2026 6:00,28.82,7.9,5.9
17/02/2026 6:03,30.69,8.13,6.72
17/02/2026 6:06,29.59,8.48,7.33
17/02/2026 6:09,27.24,7.88,6.95
17/02/2026 6:12,29.99,8.46,7.34
17/02/2026 6:15,30.59,8.29,7.27
17/02/2026 6:18,28.95,8.14,7.17
17/02/2026 6:21,28.56,8.22,6.72
17/02/2026 6:24,31.51,7.12,7.16
17/02/2026 6:27,29.67,7.34,7.6
17/02/2026 6:30,30.45,8.14,6.1
17/02/2026 6:33,30.57,7.9,4.89
17/02/2026 6:36,28.15,7.3,6.84
17/02/2026 6:39,26.19,8.13,5.16
17/02/2026 6:42,30.38,7.65,5.28
17/02/2026 6:45,28.83,7.45,6.32
17/02/2026 6:48,28.32,8.44,7.09
17/02/2026 6:51,28.89,8.01,7.69
17/02/2026 6:54,28.37,7.26,4.3
17/02/2026 6:57,29.12,7.33,5.34
17/02/2026 7:00,29.45,8.14,7.1
17/02/2026 7:03,30.77,8.65,7.09
17/02/2026 7:06,30.62,7.03,7.69
17/02/2026 7:09,30.26,8.23,6.78
17/02/2026 7:12,28.29,7.02,6.98
17/02/2026 7:15,27.3,7.65,5.12
17/02/2026 7:18,29.35,8.29,5.91
17/02/2026 7:21,28.99,7.65,7.05
17/02/2026 7:24,32.73,8.54,7.06
17/02/2026 7:27,30.93,7.65,6.1
17/02/2026 7:30,25.54,7.67,6.19
17/02/2026 7:33,30.74,7.43,6.05
17/02/2026 7:36,30.74,8.1,6.88
17/02/2026 7:39,30.52,7.39,7.84
17/02/2026 7:42,32.01,8.15,7.25
17/02/2026 7:45,30.25,8.38,4.15
17/02/2026 7:48,30.13,7.1,6.15
17/02/2026 7:51,29.58,7.02,6.77
17/02/2026 7:54,29.75,8.12,8.5
17/02/2026 7:57,32.41,8.14,3.72
17/02/2026 8:00,29.44,7.35,6.37
17/02/2026 8:03,29.52,6.96,7.94
17/02/2026 8:06,28.48,7.49,4.18
17/02/2026 8:09,31.44,7.32,7.31
17/02/2026 8:12,28.73,7.24,5.25
17/02/2026 8:15,28.7,7.46,6.94
17/02/2026 8:18,29.02,6.59,7.41
17/02/2026 8:21,29.4,7.11,6.87
17/02/2026 8:24,29.33,7.64,7.41
17/02/2026 8:27,30.75,8.15,7.96
17/02/2026 8:30,28.49,8.05,7.29
17/02/2026 8:33,29.3,7.5,3.94
17/02/2026 8:36,28.75,7.52,6.27
17/02/2026 8:39,30.91,8.36,7.58
17/02/2026 8:42,29.52,8.92,7.2
17/02/2026 8:45,29.79,8,7.93
17/02/2026 8:48,30.88,7.47,7.19
17/02/2026 8:51,30.06,7.49,6.35
17/02/2026 8:54,29.54,7.14,5.87
17/02/2026 8:57,26.15,7.59,5.92
17/02/2026 9:00,29.09,6.3,7.55
17/02/2026 9:03,30.32,7.19,6.06
17/02/2026 9:06,26.87,7.2,7.56
17/02/2026 9:09,29.23,7.15,5.55
17/02/2026 9:12,30.27,7.24,5.39
17/02/2026 9:15,28.6,7.5,8.04
17/02/2026 9:18,28.07,7.2,6
17/02/2026 9:21,28.94,7.64,7.93
17/02/2026 9:24,30.16,7.78,5.82
17/02/2026 9:27,30.98,7.89,7.46
17/02/2026 9:30,28.61,6.72,6.08
17/02/2026 9:33,30.44,7.08,5.01
17/02/2026 9:36,29.81,7.12,7.38
17/02/2026 9:39,29.42,7.64,7.18
17/02/2026 9:42,30.75,7.15,5.98
17/02/2026 9:45,29.65,7.1,7.78
17/02/2026 9:48,29.66,8.5,6.81
17/02/2026 9:51,26.75,7.46,5.96
17/02/2026 9:54,28.11,7.24,6.72
17/02/2026 9:57,29.87,8.12,5.62
17/02/2026 10:00,30.33,7.68,7.59
17/02/2026 10:03,29.75,8.44,5.66
17/02/2026 10:06,30.42,7.23,7.94
17/02/2026 10:09,29.77,7.27,3.88
17/02/2026 10:12,30.1,8.35,7.07
17/02/2026 10:15,28.85,8.47,7.39
17/02/2026 10:18,28.46,8.82,6.12
17/02/2026 10:21,29.7,8.43,9.57
17/02/2026 10:24,30.2,8.45,5.79
17/02/2026 10:27,29.64,6.41,6.75
17/02/2026 10:30,28.53,7.01,6.75
17/02/2026 10:33,30.42,8.13,6.76
17/02/2026 10:36,28.53,7.1,7.29
17/02/2026 10:39,29.25,7.63,5.02
17/02/2026 10:42,30.58,6.94,6.92
17/02/2026 10:45,28.61,7.69,6.25
17/02/2026 10:48,28.91,7.42,5.26
17/02/2026 10:51,30.87,7.99,5.45
17/02/2026 10:54,29.49,7.34,5.7
17/02/2026 10:57,28.79,7.79,7.19
17/02/2026 11:00,28.02,7.52,7.13
17/02/2026 11:03,29.52,7.92,9.43
17/02/2026 11:06,30.6,7.84,5.35
17/02/2026 11:09,28.77,7.21,6.04
17/02/2026 11:12,29.82,6.71,5.73
17/02/2026 11:15,28.14,6.74,6.89
17/02/2026 11:18,25.89,7.86,5.2
17/02/2026 11:21,28.01,8.91,5.01
17/02/2026 11:24,29.66,7.24,6.6
17/02/2026 11:27,33.54,7.62,6.22
17/02/2026 11:30,28.33,7.93,7.58
17/02/2026 11:33,32.26,8.19,6.85
17/02/2026 11:36,30.93,8.16,7.69
17/02/2026 11:39,27.98,8.35,7.44
17/02/2026 11:42,29.93,9.04,7.31
17/02/2026 11:45,29.48,8.03,5.39
17/02/2026 11:48,29.32,7.46,7.91
17/02/2026 11:51,28.3,6.73,9.16
17/02/2026 11:54,26.17,7.64,7.1
17/02/2026 11:57,30.16,7.64,5.21
17/02/2026 12:00,30.9,7.56,6.9
17/02/2026 12:03,29.67,7.67,7.15
17/02/2026 12:06,29.7,8.14,7.39
17/02/2026 12:09,28.6,7.79,7.64
17/02/2026 12:12,28.6,8.5,6.01
17/02/2026 12:15,26.92,8.3,6.27
17/02/2026 12:18,28.06,7.85,7.06
17/02/2026 12:21,30.13,7.31,5.48
17/02/2026 12:24,30.35,7.58,6.19
17/02/2026 12:27,25.5,6.89,6.68
17/02/2026 12:30,29.82,7.21,5.92
17/02/2026 12:33,28.27,7.33,6.09
17/02/2026 12:36,28.28,8.17,5.63
17/02/2026 12:39,29.01,8.39,7.87
17/02/2026 12:42,30.02,6.42,7.85
17/02/2026 12:45,31.08,8.07,7.25
17/02/2026 12:48,25.52,7.16,7
17/02/2026 12:51,25.04,7.8,6.8
17/02/2026 12:54,30.43,8.31,7.44
17/02/2026 12:57,29.94,7.28,5.09
17/02/2026 13:00,28.26,7.37,5.3
17/02/2026 13:03,29.25,8.39,5.55
17/02/2026 13:06,28.34,8.22,6.19
17/02/2026 13:09,29.15,8.23,6.9
17/02/2026 13:12,32.84,6.58,5.1
17/02/2026 13:15,30.7,7.78,6.01
17/02/2026 13:18,30.49,7.9,7.09
17/02/2026 13:21,25.71,8.32,4.62
17/02/2026 13:24,29.9,8.07,5.89
17/02/2026 13:27,28.63,6.6,7.76
17/02/2026 13:30,28.31,6.52,5.68
17/02/2026 13:33,30.55,7.58,3.55
17/02/2026 13:36,29.51,7.82,6.51
17/02/2026 13:39,28.25,8.36,6.89
17/02/2026 13:42,30.63,6.3,6.79
17/02/2026 13:45,29.63,8.06,5.9
17/02/2026 13:48,30.81,7.79,7.15
17/02/2026 13:51,28.11,7.19,5.44
17/02/2026 13:54,28.7,8.72,7.72
17/02/2026 13:57,29,7.18,7.7
17/02/2026 14:00,28.35,7.08,5.91
17/02/2026 14:03,28.54,7.14,6.66
17/02/2026 14:06,29.65,7.55,5.01
17/02/2026 14:09,28.94,7.68,7.66
17/02/2026 14:12,29.4,7.14,6.02
17/02/2026 14:15,31.77,7.35,5.18
17/02/2026 14:18,28.36,7.68,6.74
17/02/2026 14:21,30.9,8.29,6.35
17/02/2026 14:24,29.55,8.11,4.23
17/02/2026 14:27,28.99,8.44,5.84
17/02/2026 14:30,29.52,7.85,7.76
17/02/2026 14:33,30.03,7.46,5.07
17/02/2026 14:36,29.32,8.17,8.95
17/02/2026 14:39,29.61,6.49,6.79
17/02/2026 14:42,29.52,8.04,7.53
17/02/2026 14:45,29.98,8.06,6.78
17/02/2026 14:48,28.84,7.83,7.98
17/02/2026 14:51,30.3,7.15,8.49
17/02/2026 14:54,29.31,7.36,5.85
17/02/2026 14:57,30.56,8.44,5.1
17/02/2026 15:00,33.28,7.24,4.27
17/02/2026 15:03,29.08,7.68,7.56
17/02/2026 15:06,28.6,7.13,7.48
17/02/2026 15:09,28.82,7.83,5.9
17/02/2026 15:12,28.25,7.7,7.2
17/02/2026 15:15,29.96,7.41,5.89
17/02/2026 15:18,28.72,7.67,5.38
17/02/2026 15:21,29.2,7.34,6.31
17/02/2026 15:24,28.88,7.35,7.7
17/02/2026 15:27,28.78,8.46,7.92
17/02/2026 15:30,30.76,8.2,7.38
17/02/2026 15:33,30.93,7.34,7.41
17/02/2026 15:36,30.28,7.08,7.39
17/02/2026 15:39,30.75,7.24,6.67
17/02/2026 15:42,28.67,7.04,4.32
17/02/2026 15:45,28.03,7.28,7.3
17/02/2026 15:48,29,7.46,6.93
17/02/2026 15:51,28.56,8.13,5.92
17/02/2026 15:54,28.47,7.86,5.37
17/02/2026 15:57,30.96,7.13,6.66
17/02/2026 16:00,28.55,8.39,6.07
17/02/2026 16:03,29.08,8.09,7.28
17/02/2026 16:06,28.1,7.77,5.38
17/02/2026 16:09,30.1,7.86,7.37
17/02/2026 16:12,29.46,7.94,6.36
17/02/2026 16:15,28.38,7.91,7.85
17/02/2026 16:18,28.81,8.29,6.19
17/02/2026 16:21,31.04,8.06,5.46
17/02/2026 16:24,28.16,8.04,7.62
17/02/2026 16:27,32.25,7.99,7.74
17/02/2026 16:30,30.93,8.08,7.72
17/02/2026 16:33,28.92,7.32,7.94
17/02/2026 16:36,28.19,6.73,8.15
17/02/2026 16:39,30.61,8.13,7.1
17/02/2026 16:42,29.64,7.66,5.19
17/02/2026 16:45,29.71,8.75,6.38
17/02/2026 16:48,29.15,8.07,5.56
17/02/2026 16:51,29.98,8.49,6.18
17/02/2026 16:54,28.91,8.34,6.01
17/02/2026 16:57,29.78,8.35,5.45
17/02/2026 17:00,28.74,7.76,5.4
17/02/2026 17:03,25.6,7.18,7.89
17/02/2026 17:06,27.39,7.13,7.81
17/02/2026 17:09,29.28,8.45,5.75
17/02/2026 17:12,28.72,7.88,5.01
17/02/2026 17:15,30.76,7.8,7.28
17/02/2026 17:18,29.46,8,6.3
17/02/2026 17:21,29.8,7.67,7.02
17/02/2026 17:24,29.81,7.86,5.94
17/02/2026 17:27,30.64,8.15,7.55
17/02/2026 17:30,29.51,8,6.1
17/02/2026 17:33,30.87,7.3,5.12
17/02/2026 17:36,30.41,8.11,6.05
17/02/2026 17:39,30.67,8.24,7.7
17/02/2026 17:42,29.76,7.69,5.04
17/02/2026 17:45,28.9,7.64,5.81
17/02/2026 17:48,28.51,7.72,7.9
17/02/2026 17:51,30.03,7.33,7.15
17/02/2026 17:54,28.14,7.92,6.6
17/02/2026 17:57,29.75,8.42,7.95
17/02/2026 18:00,29.29,7.69,9.78
17/02/2026 18:03,28.58,7.83,7.94
17/02/2026 18:06,25.53,7.37,6.32
17/02/2026 18:09,30.62,7.79,4.65
17/02/2026 18:12,26.11,7.11,7.46
17/02/2026 18:15,32.92,6.59,6.71
17/02/2026 18:18,28.83,7.75,6.6
17/02/2026 18:21,28.34,7.21,5.18
17/02/2026 18:24,28.82,7.15,6.6
17/02/2026 18:27,29.36,7.7,7.19
17/02/2026 18:30,29.69,8.48,8.59
17/02/2026 18:33,27.78,7.64,5.55
17/02/2026 18:36,30.85,7.09,7.42
17/02/2026 18:39,29.07,7.08,6.39
17/02/2026 18:42,30.46,8.26,6.49
17/02/2026 18:45,30.35,8.15,7.14
17/02/2026 18:48,28.95,8.15,6.95
17/02/2026 18:51,29.97,7.08,7.69
17/02/2026 18:54,30.03,8.45,6.78
17/02/2026 18:57,31.97,7.37,5.66
17/02/2026 19:00,28.59,7.77,6.06
17/02/2026 19:03,30.8,7.15,7.78
17/02/2026 19:06,28.19,7.06,6.94
17/02/2026 19:09,28.19,8.19,7.11
17/02/2026 19:12,29.66,7.19,8.18
17/02/2026 19:15,28.94,8.09,6.08
17/02/2026 19:18,29.66,7.03,5.19
17/02/2026 19:21,28.89,7.06,7.79
17/02/2026 19:24,30.66,7.81,6.85
17/02/2026 19:27,29.36,8.26,7.11
17/02/2026 19:30,28.34,8.37,7.92
17/02/2026 19:33,28.82,8.49,7
17/02/2026 19:36,28.48,7.06,6.28
17/02/2026 19:39,30.97,8.34,6.45
17/02/2026 19:42,30.29,8.46,5.23
17/02/2026 19:45,28.72,6.88,5.32
17/02/2026 19:48,28.62,8.46,6.32
17/02/2026 19:51,30.13,8.28,5.82
17/02/2026 19:54,30.35,8.03,5.95
17/02/2026 19:57,32.12,7.29,5.81
17/02/2026 20:00,29.49,7.99,5.93
17/02/2026 20:03,30.77,7.87,6.29
17/02/2026 20:06,29.3,8.46,7.78
17/02/2026 20:09,29.79,8.15,5.82
17/02/2026 20:12,28.19,8.14,6.6
17/02/2026 20:15,29.62,7.52,6.38
17/02/2026 20:18,26.15,7.29,6.11
17/02/2026 20:21,28.69,6.81,4.31
17/02/2026 20:24,28.37,8.03,7.58
17/02/2026 20:27,29.09,8.18,5.26
17/02/2026 20:30,29.79,8.4,5.32
17/02/2026 20:33,30.54,8.32,7.09
17/02/2026 20:36,29,7.26,6.63
17/02/2026 20:39,29.55,8.89,5.01
17/02/2026 20:42,30,7.42,5.78
17/02/2026 20:45,28.03,7.2,7.53
17/02/2026 20:48,29.69,7.52,5.01
17/02/2026 20:51,29.81,7.39,5.37
17/02/2026 20:54,28.36,8.12,7.11
17/02/2026 20:57,29.34,7,5.97
17/02/2026 21:00,29.32,7.18,6.13
17/02/2026 21:03,30.24,7.44,5.08
17/02/2026 21:06,28.95,8.39,6.24
17/02/2026 21:09,29.09,7.48,6.98
17/02/2026 21:12,28.18,6.98,7.59
17/02/2026 21:15,28.74,7.8,9.56
17/02/2026 21:18,29.96,8.15,5.48
17/02/2026 21:21,28.95,6.71,5.08
17/02/2026 21:24,29.78,7.62,6.24
17/02/2026 21:27,29.08,8.74,7.81
17/02/2026 21:30,29.77,8.04,6.53
17/02/2026 21:33,29.95,8.27,6.93
17/02/2026 21:36,29.22,7.9,5.26
17/02/2026 21:39,30.66,7.22,5.31
17/02/2026 21:42,28.02,8.38,7.13
17/02/2026 21:45,28.39,7.72,7.55
17/02/2026 21:48,29.66,7.71,7.48
17/02/2026 21:51,28.48,7.61,5.3
17/02/2026 21:54,28.89,7.3,6.58
17/02/2026 21:57,28.72,7.47,7.71
17/02/2026 22:00,29.58,7.19,7.93
17/02/2026 22:03,28.74,7.58,9.27
17/02/2026 22:06,29.36,8.95,6.96
17/02/2026 22:09,29.9,8.61,7.01
17/02/2026 22:12,28.74,7.55,9.72
17/02/2026 22:15,28.54,7.77,7.77
17/02/2026 22:18,31.47,7.52,5.53
17/02/2026 22:21,30.97,7.86,6.11
17/02/2026 22:24,28.55,8.36,5.58
17/02/2026 22:27,29,8.25,7.02
17/02/2026 22:30,29.2,8.35,5.69
17/02/2026 22:33,30.58,7.81,5.47
17/02/2026 22:36,28.83,7.17,4.47
17/02/2026 22:39,28.66,8.15,6.43
17/02/2026 22:42,28.38,7.77,7.44
17/02/2026 22:45,30.28,7.85,6.17
17/02/2026 22:48,27.62,7.04,6.53
17/02/2026 22:51,29.7,7.93,8.9
17/02/2026 22:54,28.28,7.21,3.83
17/02/2026 22:57,29.36,8.01,7.63
17/02/2026 23:00,30.97,7.33,7.32
17/02/2026 23:03,30.77,7.07,5.09
17/02/2026 23:06,29.69,7.25,7.23
17/02/2026 23:09,28.71,7.72,5.93
17/02/2026 23:12,29.77,7.52,5.17
17/02/2026 23:15,29.54,7.91,6.98
17/02/2026 23:18,30.91,7.53,7.56
17/02/2026 23:21,28.05,8.17,5.05
17/02/2026 23:24,25.37,8.13,6.24
17/02/2026 23:27,28.93,7.8,6.32
17/02/2026 23:30,33.66,8.08,6.4
17/02/2026 23:33,29.21,7.78,4.34
17/02/2026 23:36,30.19,7.06,7.18
17/02/2026 23:39,30.25,7.13,4.16
17/02/2026 23:42,30.2,7.35,5.64
17/02/2026 23:45,29.71,8.37,6.69
17/02/2026 23:48,29.66,7.89,6.16
17/02/2026 23:51,28.87,7.62,6.48
17/02/2026 23:54,30.61,8.4,7.38
17/02/2026 23:57,29.28,7.1,6.85
18/02/2026 0:00,29.07,7.71,7.75
18/02/2026 0:03,30.39,7.32,7.56
18/02/2026 0:06,30.17,7.03,6.8
18/02/2026 0:09,28.96,7.06,3.69
18/02/2026 0:12,28.07,7.95,3.69
18/02/2026 0:15,28.03,6.91,6.88
18/02/2026 0:18,30.55,7.85,5.59
18/02/2026 0:21,28.45,8.33,7.41
18/02/2026 0:24,29.81,7.69,7.29
18/02/2026 0:27,29.77,8.27,5.86
18/02/2026 0:30,28.68,8.2,5.31
18/02/2026 0:33,29.34,7.7,6.07
18/02/2026 0:36,29.26,7.83,5.6
18/02/2026 0:39,29.51,7.52,7.67
18/02/2026 0:42,30.57,8.16,7.24
18/02/2026 0:45,30.75,7.89,6.4
18/02/2026 0:48,28.26,6.5,5.42
18/02/2026 0:51,29.29,8,5.24
18/02/2026 0:54,28.88,7.98,7.45
18/02/2026 0:57,30.36,7.47,5.66
18/02/2026 1:00,29.04,8.25,7.47
18/02/2026 1:03,29.46,8.08,6.37
18/02/2026 1:06,30.12,7.27,5.36
18/02/2026 1:09,29.91,7.94,7.96
18/02/2026 1:12,30.23,8.08,7.15
18/02/2026 1:15,29.29,7.4,5.33
18/02/2026 1:18,29.62,7.13,5.42
18/02/2026 1:21,28.82,7.01,6
18/02/2026 1:24,26.58,6.34,7.63
18/02/2026 1:27,30.33,8.11,6.22
18/02/2026 1:30,30.6,8.23,5.24
18/02/2026 1:33,28.91,8.09,7.01
18/02/2026 1:36,29.49,7.17,5.86
18/02/2026 1:39,28.31,7.96,5.99
18/02/2026 1:42,28.34,7.81,7.03
18/02/2026 1:45,28.43,8.26,5.93
18/02/2026 1:48,29.89,7.51,9.48
18/02/2026 1:51,30.36,7.01,5.11
18/02/2026 1:54,28.39,7.42,5.22
18/02/2026 1:57,30.99,8.29,5.14
18/02/2026 2:00,29.06,8.12,7.09
18/02/2026 2:03,30.68,7.77,6.73
18/02/2026 2:06,31,8.3,6.83
18/02/2026 2:09,30.52,7.29,5.41
18/02/2026 2:12,29.14,7.72,5.35
18/02/2026 2:15,28.07,7.06,4.16
18/02/2026 2:18,31.49,7.81,6.25
18/02/2026 2:21,29.52,8.36,7.57
18/02/2026 2:24,29.46,7.32,5.06
18/02/2026 2:27,28.01,7.68,6.6
18/02/2026 2:30,30.61,7.5,7.51
18/02/2026 2:33,28.44,8.26,3.76
18/02/2026 2:36,29.88,8.04,7.45
18/02/2026 2:39,28.79,7.72,6.06
18/02/2026 2:42,29.24,7.21,7.18
18/02/2026 2:45,29.41,6.54,7.37
18/02/2026 2:48,29.76,7.82,6.3
18/02/2026 2:51,29.56,7.55,7.79
18/02/2026 2:54,29.09,7.48,7.57
18/02/2026 2:57,28.12,7.38,9.56
18/02/2026 3:00,28.38,7.34,6.41
18/02/2026 3:03,29.87,7.93,5.31
18/02/2026 3:06,29.82,7.78,7.65
18/02/2026 3:09,30,7.45,6.38
18/02/2026 3:12,28.24,8.31,8.32
18/02/2026 3:15,28.75,7.33,5.7
18/02/2026 3:18,33.83,7.78,5.16
18/02/2026 3:21,28.7,8.53,6.48
18/02/2026 3:24,30.44,8.26,8.95
18/02/2026 3:27,30.28,7.87,6.16
18/02/2026 3:30,30.25,8.47,6.17
18/02/2026 3:33,30.92,8.49,7.95
18/02/2026 3:36,30.75,8.65,7.22
18/02/2026 3:39,29.93,7.11,7.66
18/02/2026 3:42,29.53,7.34,6.31
18/02/2026 3:45,30.45,7.5,5.73
18/02/2026 3:48,29.65,7.57,5.1
18/02/2026 3:51,30.3,6.84,7.9
18/02/2026 3:54,28.54,8.5,7.88
18/02/2026 3:57,29.54,7.4,4
18/02/2026 4:00,33.84,7.38,7.19
18/02/2026 4:03,29.45,8.23,5.04
18/02/2026 4:06,29.45,8.7,6.88
18/02/2026 4:09,29.56,6.67,5.2
18/02/2026 4:12,29.84,8.06,4.38
18/02/2026 4:15,29.82,7.76,7.46
18/02/2026 4:18,30.86,8.37,7.52
18/02/2026 4:21,28.66,7.1,6.98
18/02/2026 4:24,28.43,8.13,5.16
18/02/2026 4:27,30.19,7.77,5.12
18/02/2026 4:30,28.73,7.1,6.08
18/02/2026 4:33,28.84,8.2,7.55
18/02/2026 4:36,28.54,8.37,7.41
18/02/2026 4:39,29.43,8.54,5.27
18/02/2026 4:42,27.33,7.1,7.15
18/02/2026 4:45,29.23,8,6.2
18/02/2026 4:48,30.93,7.17,7.73
18/02/2026 4:51,31.63,7.19,6.16
18/02/2026 4:54,30.03,7.8,5.17
18/02/2026 4:57,29.75,7.02,6.55
18/02/2026 5:00,27.22,7.13,5.26
18/02/2026 5:03,29.73,8.05,6.03
18/02/2026 5:06,28.86,9,7.52
18/02/2026 5:09,30.66,7.56,7.73
18/02/2026 5:12,28.35,8.42,5.95
18/02/2026 5:15,30.21,8.01,4.67
18/02/2026 5:18,28.37,7.84,7.99
18/02/2026 5:21,29.5,7.32,6.31
18/02/2026 5:24,28.65,7.2,5.21
18/02/2026 5:27,29.66,7.94,5.87
18/02/2026 5:30,28.59,7.77,5.72
18/02/2026 5:33,29.51,8.38,6.95
18/02/2026 5:36,28.09,7.44,6.57
18/02/2026 5:39,28.74,7.94,5.6
18/02/2026 5:42,30.21,7.72,5.53
18/02/2026 5:45,31.77,7.26,7.58
18/02/2026 5:48,29.56,8.48,5.65
18/02/2026 5:51,29.49,7.56,7.02
18/02/2026 5:54,26.98,7.36,5.31
18/02/2026 5:57,33.04,7.41,5.65
18/02/2026 6:00,29.91,7.93,7.75
18/02/2026 6:03,29.58,7.67,5.32
18/02/2026 6:06,28.79,8.2,6.08
18/02/2026 6:09,30.67,6.58,6.71
18/02/2026 6:12,28.94,7.43,5.08
18/02/2026 6:15,28.05,7.7,7.12
18/02/2026 6:18,28.57,8.1,6.71
18/02/2026 6:21,29.23,7.11,7.14
18/02/2026 6:24,28.03,7.95,5.9
18/02/2026 6:27,29.64,7.26,6.51
18/02/2026 6:30,30.86,8.26,5.03
18/02/2026 6:33,29.68,7.54,7.06
18/02/2026 6:36,28.62,7.84,5.31
18/02/2026 6:39,28.19,7.63,6.12
18/02/2026 6:42,29.62,8.46,5.13
18/02/2026 6:45,30.06,7.8,7.08
18/02/2026 6:48,29.92,7.08,6.91
18/02/2026 6:51,29.7,7.88,6.37
18/02/2026 6:54,29.1,7.82,6.9
18/02/2026 6:57,32.03,7.84,5.51
18/02/2026 7:00,29.17,7.7,7.83
18/02/2026 7:03,30.59,8.15,7.5
18/02/2026 7:06,28.15,7.13,4.18
18/02/2026 7:09,28.9,7.73,7.14
18/02/2026 7:12,28.86,8.01,9.72
18/02/2026 7:15,30.94,8.07,5.39
18/02/2026 7:18,29.51,8.64,5.18
18/02/2026 7:21,28.54,7.23,6.09
18/02/2026 7:24,31.4,7.97,6.69
18/02/2026 7:27,30.54,7.49,5.2
18/02/2026 7:30,29.12,8.2,6.58
18/02/2026 7:33,32.48,7.29,6.24
18/02/2026 7:36,29.16,8.48,6.42
18/02/2026 7:39,29.01,9.09,5.19
18/02/2026 7:42,28.45,8.12,7.39
18/02/2026 7:45,29.34,7.38,6.34
18/02/2026 7:48,29.65,8.78,6.42
18/02/2026 7:51,29.36,7.96,7.87
18/02/2026 7:54,29.14,7.29,7.22
18/02/2026 7:57,28.69,7.69,6.31
18/02/2026 8:00,30.58,7.52,7.51
18/02/2026 8:03,30.59,7.96,4.35
18/02/2026 8:06,29.69,9.05,3.59
18/02/2026 8:09,30.13,6.93,7.2
18/02/2026 8:12,30.73,8.25,6.49
18/02/2026 8:15,28.48,7.31,5.13
18/02/2026 8:18,28.38,7.65,6.41
18/02/2026 8:21,28.6,7.57,7.99
18/02/2026 8:24,31.02,8.32,9.04
18/02/2026 8:27,29.77,7.75,6.44
18/02/2026 8:30,28.22,7.41,9.36
18/02/2026 8:33,30.2,8.5,5.42
18/02/2026 8:36,28.15,7.6,6.8
18/02/2026 8:39,28.08,7.32,7.39
18/02/2026 8:42,30.9,8.25,6.35
18/02/2026 8:45,29.06,7.63,5.95
18/02/2026 8:48,29.68,6.72,7.79
18/02/2026 8:51,29.45,7.82,3.51
18/02/2026 8:54,29.94,7.24,6.78
18/02/2026 8:57,26.7,8.71,5.07
18/02/2026 9:00,30.83,7.56,5.85
18/02/2026 9:03,29.67,7.91,6.84
18/02/2026 9:06,28.97,7.27,5.89
18/02/2026 9:09,25.66,7.93,4.13
18/02/2026 9:12,28.12,8.28,5.21
18/02/2026 9:15,31.74,7.57,5.27
18/02/2026 9:18,29.93,7.32,7.04
18/02/2026 9:21,29.26,7.07,6.72
18/02/2026 9:24,30.87,7.23,7.28
18/02/2026 9:27,29.76,8.19,5.02
18/02/2026 9:30,29.9,7.42,7.37
18/02/2026 9:33,25.72,6.64,6.2
18/02/2026 9:36,29.92,7.14,5.27
18/02/2026 9:39,29.63,8.16,6.56
18/02/2026 9:42,29.16,8.16,6.68
18/02/2026 9:45,29.38,7.6,7.86
18/02/2026 9:48,30.05,8.85,7.82
18/02/2026 9:51,28.72,8.84,7.33
18/02/2026 9:54,28.55,7.48,6.14
18/02/2026 9:57,30.7,7.04,4.7
18/02/2026 10:00,30.05,7.72,6.95
18/02/2026 10:03,25.03,7.07,9.83
18/02/2026 10:06,30.61,8.49,7.14
18/02/2026 10:09,29.1,7.42,6.8
18/02/2026 10:12,29.73,8.31,5.53
18/02/2026 10:15,29.81,8.18,6.34
18/02/2026 10:18,30.68,7.52,8.61
18/02/2026 10:21,30.63,8.28,6.16
18/02/2026 10:24,28.78,7.79,9.87
18/02/2026 10:27,30.91,8.34,7.46
18/02/2026 10:30,29.12,8.19,5.65
18/02/2026 10:33,29.83,7.33,6.26
18/02/2026 10:36,30.98,8.38,7.5
18/02/2026 10:39,29.22,7.52,6.83
18/02/2026 10:42,29.93,8.06,6.94
18/02/2026 10:45,30.96,7.41,6.76
18/02/2026 10:48,29.89,7.53,7.19
18/02/2026 10:51,29.97,7.03,7.77
18/02/2026 10:54,30.36,8.77,4.44
18/02/2026 10:57,30.36,7.8,7.74
18/02/2026 11:00,26.34,7.39,7.53
18/02/2026 11:03,30.84,7.14,5.14
18/02/2026 11:06,29.95,7.04,6.35
18/02/2026 11:09,28.75,7.42,7.07
18/02/2026 11:12,28.18,8.02,6.22
18/02/2026 11:15,28.24,8.23,7.47
18/02/2026 11:18,30.89,7.87,6.01
18/02/2026 11:21,30.47,7.32,5.71
18/02/2026 11:24,29.78,7,6.62
18/02/2026 11:27,30.7,7.86,5.43
18/02/2026 11:30,25.8,7.62,6.2
18/02/2026 11:33,30.61,7.67,6.23
18/02/2026 11:36,29.08,8.27,5.73
18/02/2026 11:39,30.43,7.08,5.13
18/02/2026 11:42,28.6,6.85,6.71
18/02/2026 11:45,25.72,7.24,5.92
18/02/2026 11:48,30.95,7.93,6.84
18/02/2026 11:51,28.95,7,7.26
18/02/2026 11:54,28.84,7.73,5.96
18/02/2026 11:57,28.55,7.18,6.21
18/02/2026 12:00,26.92,8.09,9.77
18/02/2026 12:03,29.67,7.2,7.65
18/02/2026 12:06,30.7,8.22,5.82
18/02/2026 12:09,29.66,7.86,5.01
18/02/2026 12:12,28.12,8.34,5.8
18/02/2026 12:15,28.16,7.2,6.17
18/02/2026 12:18,29.55,7.38,5.52
18/02/2026 12:21,30.67,7.83,7.38
18/02/2026 12:24,29.75,7.32,7.92
18/02/2026 12:27,30.24,7.71,6.64
18/02/2026 12:30,30.51,7.37,7.39
18/02/2026 12:33,28.39,7.62,5.22
18/02/2026 12:36,29.29,8.01,4.58
18/02/2026 12:39,28.01,7.75,7.48
18/02/2026 12:42,29.26,8.36,6.71
18/02/2026 12:45,30.58,8,5.48
18/02/2026 12:48,30.36,7.47,6.81
18/02/2026 12:51,29,8.13,7.57
18/02/2026 12:54,30.14,7.43,6.3
18/02/2026 12:57,30.14,8.46,5.32
18/02/2026 13:00,29.47,6.38,7.4
18/02/2026 13:03,28.31,7.13,6.98
18/02/2026 13:06,30.78,7.65,5.7
18/02/2026 13:09,29.72,7.42,7.09
18/02/2026 13:12,28.54,7.97,7.37
18/02/2026 13:15,30.02,6.42,7.11
18/02/2026 13:18,30.31,8.26,7.29
18/02/2026 13:21,28.33,8.45,6.64
18/02/2026 13:24,29.27,6.58,4.7
18/02/2026 13:27,30.85,7.64,7.68
18/02/2026 13:30,29.76,7.93,6.63
18/02/2026 13:33,32.86,8.39,5.86
18/02/2026 13:36,30.35,7.81,5.83
18/02/2026 13:39,28.45,7.19,5.31
18/02/2026 13:42,33.93,8.18,6.24
18/02/2026 13:45,28.8,8.49,5.37
18/02/2026 13:48,31.18,7,9.43
18/02/2026 13:51,31.27,7.86,6.68
18/02/2026 13:54,30.89,8.87,7.99
18/02/2026 13:57,28.24,8.21,7.5
18/02/2026 14:00,30.68,8.01,6.03
18/02/2026 14:03,28.19,8.27,5.45
18/02/2026 14:06,29.78,8.02,6.63
18/02/2026 14:09,28.04,7.44,6.81
18/02/2026 14:12,25.47,7.72,3.6
18/02/2026 14:15,30.71,8.34,6.6
18/02/2026 14:18,29.6,8.74,7.59
18/02/2026 14:21,29.61,7.25,5.63
18/02/2026 14:24,29.17,7.13,7.94
18/02/2026 14:27,30.09,6.56,6.71
18/02/2026 14:30,30,7.38,7.63
18/02/2026 14:33,29.81,8.08,6.52
18/02/2026 14:36,29.38,7.08,6.98
18/02/2026 14:39,28.57,8.17,5.89
18/02/2026 14:42,29.74,8.45,7.26
18/02/2026 14:45,30.82,7.36,6.03
18/02/2026 14:48,28.9,8.58,5.3
18/02/2026 14:51,32.39,8.25,5.83
18/02/2026 14:54,29.38,7.85,8.92
18/02/2026 14:57,28.17,7.39,6.85
18/02/2026 15:00,28.26,8.09,7.78
18/02/2026 15:03,25.71,7.44,6.36
18/02/2026 15:06,28.6,8.3,5.84
18/02/2026 15:09,29.89,7.68,7.39
18/02/2026 15:12,28.82,7.99,5.79
18/02/2026 15:15,30.85,8.19,7.47
18/02/2026 15:18,29.25,7.31,7.06
18/02/2026 15:21,29.87,7.07,7.39
18/02/2026 15:24,29.7,7.92,3.57
18/02/2026 15:27,29.49,7.62,6.95
18/02/2026 15:30,29.2,7.16,5.31
18/02/2026 15:33,29.34,7.34,7.59
18/02/2026 15:36,30.99,7.95,5.75
18/02/2026 15:39,28.28,9.1,7.26
18/02/2026 15:42,30.9,7.77,6.9
18/02/2026 15:45,28.76,7.23,5.22
18/02/2026 15:48,30.39,7.74,7.6
18/02/2026 15:51,28.69,8.17,7.73
18/02/2026 15:54,33.47,8.23,6.54
18/02/2026 15:57,29.17,8.49,5.53
18/02/2026 16:00,30.14,7.42,5.73
18/02/2026 16:03,30.77,7.46,7.55
18/02/2026 16:06,29.31,7.91,6.18
18/02/2026 16:09,29.83,8.57,7
18/02/2026 16:12,29.04,7.21,5.27
18/02/2026 16:15,28.63,7.72,7.75
18/02/2026 16:18,30.82,7.42,5.52
18/02/2026 16:21,30.82,7.82,6.24
18/02/2026 16:24,30.93,8.22,7
18/02/2026 16:27,30.93,8.02,7.01
18/02/2026 16:30,30.71,8.17,6.5
18/02/2026 16:33,29.68,7.73,9.26
18/02/2026 16:36,28.93,8.14,6.02
18/02/2026 16:39,29.17,8.14,5.44
18/02/2026 16:42,28.88,7.76,5.18
18/02/2026 16:45,28.95,7.52,7.48
18/02/2026 16:48,30.3,6.68,7.69
18/02/2026 16:51,30.82,7.58,5.32
18/02/2026 16:54,29.71,7.71,6.74
18/02/2026 16:57,30.14,8.04,6.14
18/02/2026 17:00,28.82,7.9,5.9
18/02/2026 17:03,30.69,8.13,6.72
18/02/2026 17:06,29.59,8.48,7.33
18/02/2026 17:09,27.24,7.88,6.95
18/02/2026 17:12,29.99,8.46,7.34
18/02/2026 17:15,30.59,8.29,7.27
18/02/2026 17:18,28.95,8.14,7.17
18/02/2026 17:21,28.56,8.22,6.72
18/02/2026 17:24,31.51,7.12,7.16
18/02/2026 17:27,29.67,7.34,7.6
18/02/2026 17:30,30.45,8.14,6.1
18/02/2026 17:33,30.57,7.9,4.89
18/02/2026 17:36,28.15,7.3,6.84
18/02/2026 17:39,26.19,8.13,5.16
18/02/2026 17:42,30.38,7.65,5.28
18/02/2026 17:45,28.83,7.45,6.32
18/02/2026 17:48,28.32,8.44,7.09
18/02/2026 17:51,28.89,8.01,7.69
18/02/2026 17:54,28.37,7.26,4.3
18/02/2026 17:57,29.12,7.33,5.34
18/02/2026 18:00,29.45,8.14,7.1
18/02/2026 18:03,30.77,8.65,7.09
18/02/2026 18:06,30.62,7.03,7.69
18/02/2026 18:09,30.26,8.23,6.78
18/02/2026 18:12,28.29,7.02,6.98
18/02/2026 18:15,27.3,7.65,5.12
18/02/2026 18:18,29.35,8.29,5.91
18/02/2026 18:21,28.99,7.65,7.05
18/02/2026 18:24,32.73,8.54,7.06
18/02/2026 18:27,30.93,7.65,6.1
18/02/2026 18:30,25.54,7.67,6.19
18/02/2026 18:33,30.74,7.43,6.05
18/02/2026 18:36,30.74,8.1,6.88
18/02/2026 18:39,30.52,7.39,7.84
18/02/2026 18:42,32.01,8.15,7.25
18/02/2026 18:45,30.25,8.38,4.15
18/02/2026 18:48,30.13,7.1,6.15
18/02/2026 18:51,29.58,7.02,6.77
18/02/2026 18:54,29.75,8.12,8.5
18/02/2026 18:57,32.41,8.14,3.72
18/02/2026 19:00,29.44,7.35,6.37
18/02/2026 19:03,29.52,6.96,7.94
18/02/2026 19:06,28.48,7.49,4.18
18/02/2026 19:09,31.44,7.32,7.31
18/02/2026 19:12,28.73,7.24,5.25
18/02/2026 19:15,28.7,7.46,6.94
18/02/2026 19:18,29.02,6.59,7.41
18/02/2026 19:21,29.4,7.11,6.87
18/02/2026 19:24,29.33,7.64,7.41
18/02/2026 19:27,30.75,8.15,7.96
18/02/2026 19:30,28.49,8.05,7.29
18/02/2026 19:33,29.3,7.5,3.94
18/02/2026 19:36,28.75,7.52,6.27
18/02/2026 19:39,30.91,8.36,7.58
18/02/2026 19:42,29.52,8.92,7.2
18/02/2026 19:45,29.79,8,7.93
18/02/2026 19:48,30.88,7.47,7.19
18/02/2026 19:51,30.06,7.49,6.35
18/02/2026 19:54,29.54,7.14,5.87
18/02/2026 19:57,26.15,7.59,5.92
18/02/2026 20:00,29.09,6.3,7.55
18/02/2026 20:03,30.32,7.19,6.06
18/02/2026 20:06,26.87,7.2,7.56
18/02/2026 20:09,29.23,7.15,5.55
18/02/2026 20:12,30.27,7.24,5.39
18/02/2026 20:15,28.6,7.5,8.04
18/02/2026 20:18,28.07,7.2,6
18/02/2026 20:21,28.94,7.64,7.93
18/02/2026 20:24,30.16,7.78,5.82
18/02/2026 20:27,30.98,7.89,7.46
18/02/2026 20:30,28.61,6.72,6.08
18/02/2026 20:33,30.44,7.08,5.01
18/02/2026 20:36,29.81,7.12,7.38
18/02/2026 20:39,29.42,7.64,7.18
18/02/2026 20:42,30.75,7.15,5.98
18/02/2026 20:45,29.65,7.1,7.78
18/02/2026 20:48,29.66,8.5,6.81
18/02/2026 20:51,26.75,7.46,5.96
18/02/2026 20:54,28.11,7.24,6.72
18/02/2026 20:57,29.87,8.12,5.62
18/02/2026 21:00,30.33,7.68,7.59
18/02/2026 21:03,29.75,8.44,5.66
18/02/2026 21:06,30.42,7.23,7.94
18/02/2026 21:09,29.77,7.27,3.88
18/02/2026 21:12,30.1,8.35,7.07
18/02/2026 21:15,28.85,8.47,7.39
18/02/2026 21:18,28.46,8.82,6.12
18/02/2026 21:21,29.7,8.43,9.57
18/02/2026 21:24,30.2,8.45,5.79
18/02/2026 21:27,29.64,6.41,6.75
18/02/2026 21:30,28.53,7.01,6.75
18/02/2026 21:33,30.42,8.13,6.76
18/02/2026 21:36,28.53,7.1,7.29
18/02/2026 21:39,29.25,7.63,5.02
18/02/2026 21:42,30.58,6.94,6.92
18/02/2026 21:45,28.61,7.69,6.25
18/02/2026 21:48,28.91,7.42,5.26
18/02/2026 21:51,30.87,7.99,5.45
18/02/2026 21:54,29.49,7.34,5.7
18/02/2026 21:57,28.79,7.79,7.19
18/02/2026 22:00,28.02,7.52,7.13
18/02/2026 22:03,29.52,7.92,9.43
18/02/2026 22:06,30.6,7.84,5.35
18/02/2026 22:09,28.77,7.21,6.04
18/02/2026 22:12,29.82,6.71,5.73
18/02/2026 22:15,28.14,6.74,6.89
18/02/2026 22:18,25.89,7.86,5.2
18/02/2026 22:21,28.01,8.91,5.01
18/02/2026 22:24,29.66,7.24,6.6
18/02/2026 22:27,33.54,7.62,6.22
18/02/2026 22:30,28.33,7.93,7.58
18/02/2026 22:33,32.26,8.19,6.85
18/02/2026 22:36,30.93,8.16,7.69
18/02/2026 22:39,27.98,8.35,7.44
18/02/2026 22:42,29.93,9.04,7.31
18/02/2026 22:45,29.48,8.03,5.39
18/02/2026 22:48,29.32,7.46,7.91
18/02/2026 22:51,28.3,6.73,9.16
18/02/2026 22:54,26.17,7.64,7.1
18/02/2026 22:57,30.16,7.64,5.21
18/02/2026 23:00,30.9,7.56,6.9
18/02/2026 23:03,29.67,7.67,7.15
18/02/2026 23:06,29.7,8.14,7.39
18/02/2026 23:09,28.6,7.79,7.64
18/02/2026 23:12,28.6,8.5,6.01
18/02/2026 23:15,26.92,8.3,6.27
18/02/2026 23:18,28.06,7.85,7.06
18/02/2026 23:21,30.13,7.31,5.48
18/02/2026 23:24,30.35,7.58,6.19
18/02/2026 23:27,25.5,6.89,6.68
18/02/2026 23:30,29.82,7.21,5.92
18/02/2026 23:33,28.27,7.33,6.09
18/02/2026 23:36,28.28,8.17,5.63
18/02/2026 23:39,29.01,8.39,7.87
18/02/2026 23:42,30.02,6.42,7.85
18/02/2026 23:45,31.08,8.07,7.25
18/02/2026 23:48,25.52,7.16,7
18/02/2026 23:51,25.04,7.8,6.8
18/02/2026 23:54,30.43,8.31,7.44
18/02/2026 23:57,29.94,7.28,5.09
19/02/2026 0:00,28.26,7.37,5.3
19/02/2026 0:03,29.25,8.39,5.55
19/02/2026 0:06,28.34,8.22,6.19
19/02/2026 0:09,29.15,8.23,6.9
19/02/2026 0:12,32.84,6.58,5.1
19/02/2026 0:15,30.7,7.78,6.01
19/02/2026 0:18,30.49,7.9,7.09
19/02/2026 0:21,25.71,8.32,4.62
19/02/2026 0:24,29.9,8.07,5.89
19/02/2026 0:27,28.63,6.6,7.76
19/02/2026 0:30,28.31,6.52,5.68
19/02/2026 0:33,30.55,7.58,3.55
19/02/2026 0:36,29.51,7.82,6.51
19/02/2026 0:39,28.25,8.36,6.89
19/02/2026 0:42,30.63,6.3,6.79
19/02/2026 0:45,29.63,8.06,5.9
19/02/2026 0:48,30.81,7.79,7.15
19/02/2026 0:51,28.11,7.19,5.44
19/02/2026 0:54,28.7,8.72,7.72
19/02/2026 0:57,29,7.18,7.7
19/02/2026 1:00,28.35,7.08,5.91
19/02/2026 1:03,28.54,7.14,6.66
19/02/2026 1:06,29.65,7.55,5.01
19/02/2026 1:09,28.94,7.68,7.66
19/02/2026 1:12,29.4,7.14,6.02
19/02/2026 1:15,31.77,7.35,5.18
19/02/2026 1:18,28.36,7.68,6.74
19/02/2026 1:21,30.9,8.29,6.35
19/02/2026 1:24,29.55,8.11,4.23
19/02/2026 1:27,28.99,8.44,5.84
19/02/2026 1:30,29.52,7.85,7.76
19/02/2026 1:33,30.03,7.46,5.07
19/02/2026 1:36,29.32,8.17,8.95
19/02/2026 1:39,29.61,6.49,6.79
19/02/2026 1:42,29.52,8.04,7.53
19/02/2026 1:45,29.98,8.06,6.78
19/02/2026 1:48,28.84,7.83,7.98
19/02/2026 1:51,30.3,7.15,8.49
19/02/2026 1:54,29.31,7.36,5.85
19/02/2026 1:57,30.56,8.44,5.1
19/02/2026 2:00,33.28,7.24,4.27
19/02/2026 2:03,29.08,7.68,7.56
19/02/2026 2:06,28.6,7.13,7.48
19/02/2026 2:09,28.82,7.83,5.9
19/02/2026 2:12,28.25,7.7,7.2
19/02/2026 2:15,29.96,7.41,5.89
19/02/2026 2:18,28.72,7.67,5.38
19/02/2026 2:21,29.2,7.34,6.31
19/02/2026 2:24,28.88,7.35,7.7
19/02/2026 2:27,28.78,8.46,7.92
19/02/2026 2:30,30.76,8.2,7.38
19/02/2026 2:33,30.93,7.34,7.41
19/02/2026 2:36,30.28,7.08,7.39
19/02/2026 2:39,30.75,7.24,6.67
19/02/2026 2:42,28.67,7.04,4.32
19/02/2026 2:45,28.03,7.28,7.3
19/02/2026 2:48,29,7.46,6.93
19/02/2026 2:51,28.56,8.13,5.92
19/02/2026 2:54,28.47,7.86,5.37
19/02/2026 2:57,30.96,7.13,6.66
19/02/2026 3:00,28.55,8.39,6.07
19/02/2026 3:03,29.08,8.09,7.28
19/02/2026 3:06,28.1,7.77,5.38
19/02/2026 3:09,30.1,7.86,7.37
19/02/2026 3:12,29.46,7.94,6.36
19/02/2026 3:15,28.38,7.91,7.85
19/02/2026 3:18,28.81,8.29,6.19
19/02/2026 3:21,31.04,8.06,5.46
19/02/2026 3:24,28.16,8.04,7.62
19/02/2026 3:27,32.25,7.99,7.74
19/02/2026 3:30,30.93,8.08,7.72
19/02/2026 3:33,28.92,7.32,7.94
19/02/2026 3:36,28.19,6.73,8.15
19/02/2026 3:39,30.61,8.13,7.1
19/02/2026 3:42,29.64,7.66,5.19
19/02/2026 3:45,29.71,8.75,6.38
19/02/2026 3:48,29.15,8.07,5.56
19/02/2026 3:51,29.98,8.49,6.18
19/02/2026 3:54,28.91,8.34,6.01
19/02/2026 3:57,29.78,8.35,5.45
19/02/2026 4:00,28.74,7.76,5.4
19/02/2026 4:03,25.6,7.18,7.89
19/02/2026 4:06,27.39,7.13,7.81
19/02/2026 4:09,29.28,8.45,5.75
19/02/2026 4:12,28.72,7.88,5.01
19/02/2026 4:15,30.76,7.8,7.28
19/02/2026 4:18,29.46,8,6.3
19/02/2026 4:21,29.8,7.67,7.02
19/02/2026 4:24,29.81,7.86,5.94
19/02/2026 4:27,30.64,8.15,7.55
19/02/2026 4:30,29.51,8,6.1
19/02/2026 4:33,30.87,7.3,5.12
19/02/2026 4:36,30.41,8.11,6.05
19/02/2026 4:39,30.67,8.24,7.7
19/02/2026 4:42,29.76,7.69,5.04
19/02/2026 4:45,28.9,7.64,5.81
19/02/2026 4:48,28.51,7.72,7.9
19/02/2026 4:51,30.03,7.33,7.15
19/02/2026 4:54,28.14,7.92,6.6
19/02/2026 4:57,29.75,8.42,7.95
19/02/2026 5:00,29.29,7.69,9.78
19/02/2026 5:03,28.58,7.83,7.94
19/02/2026 5:06,25.53,7.37,6.32
19/02/2026 5:09,30.62,7.79,4.65
19/02/2026 5:12,26.11,7.11,7.46
19/02/2026 5:15,32.92,6.59,6.71
19/02/2026 5:18,28.83,7.75,6.6
19/02/2026 5:21,28.34,7.21,5.18
19/02/2026 5:24,28.82,7.15,6.6
19/02/2026 5:27,29.36,7.7,7.19
19/02/2026 5:30,29.69,8.48,8.59
19/02/2026 5:33,27.78,7.64,5.55
19/02/2026 5:36,30.85,7.09,7.42
19/02/2026 5:39,29.07,7.08,6.39
19/02/2026 5:42,30.46,8.26,6.49
19/02/2026 5:45,30.35,8.15,7.14
19/02/2026 5:48,28.95,8.15,6.95
19/02/2026 5:51,29.97,7.08,7.69
19/02/2026 5:54,30.03,8.45,6.78
19/02/2026 5:57,31.97,7.37,5.66
19/02/2026 6:00,28.59,7.77,6.06
19/02/2026 6:03,30.8,7.15,7.78
19/02/2026 6:06,28.19,7.06,6.94
19/02/2026 6:09,28.19,8.19,7.11
19/02/2026 6:12,29.66,7.19,8.18
19/02/2026 6:15,28.94,8.09,6.08
19/02/2026 6:18,29.66,7.03,5.19
19/02/2026 6:21,28.89,7.06,7.79
19/02/2026 6:24,30.66,7.81,6.85
19/02/2026 6:27,29.36,8.26,7.11
19/02/2026 6:30,28.34,8.37,7.92
19/02/2026 6:33,28.82,8.49,7
19/02/2026 6:36,28.48,7.06,6.28
19/02/2026 6:39,30.97,8.34,6.45
19/02/2026 6:42,30.29,8.46,5.23
19/02/2026 6:45,28.72,6.88,5.32
19/02/2026 6:48,28.62,8.46,6.32
19/02/2026 6:51,30.13,8.28,5.82
19/02/2026 6:54,30.35,8.03,5.95
19/02/2026 6:57,32.12,7.29,5.81
19/02/2026 7:00,29.49,7.99,5.93
19/02/2026 7:03,30.77,7.87,6.29
19/02/2026 7:06,29.3,8.46,7.78
19/02/2026 7:09,29.79,8.15,5.82
19/02/2026 7:12,28.19,8.14,6.6
19/02/2026 7:15,29.62,7.52,6.38
19/02/2026 7:18,26.15,7.29,6.11
19/02/2026 7:21,28.69,6.81,4.31
19/02/2026 7:24,28.37,8.03,7.58
19/02/2026 7:27,29.09,8.18,5.26
19/02/2026 7:30,29.79,8.4,5.32
19/02/2026 7:33,30.54,8.32,7.09
19/02/2026 7:36,29,7.26,6.63
19/02/2026 7:39,29.55,8.89,5.01
19/02/2026 7:42,30,7.42,5.78
19/02/2026 7:45,28.03,7.2,7.53
19/02/2026 7:48,29.69,7.52,5.01
19/02/2026 7:51,29.81,7.39,5.37
19/02/2026 7:54,28.36,8.12,7.11
19/02/2026 7:57,29.34,7,5.97
19/02/2026 8:00,29.32,7.18,6.13
19/02/2026 8:03,30.24,7.44,5.08
19/02/2026 8:06,28.95,8.39,6.24
19/02/2026 8:09,29.09,7.48,6.98
19/02/2026 8:12,28.18,6.98,7.59
19/02/2026 8:15,28.74,7.8,9.56
19/02/2026 8:18,29.96,8.15,5.48
19/02/2026 8:21,28.95,6.71,5.08
19/02/2026 8:24,29.78,7.62,6.24
19/02/2026 8:27,29.08,8.74,7.81
19/02/2026 8:30,29.77,8.04,6.53
19/02/2026 8:33,29.95,8.27,6.93
19/02/2026 8:36,29.22,7.9,5.26
19/02/2026 8:39,30.66,7.22,5.31
19/02/2026 8:42,28.02,8.38,7.13
19/02/2026 8:45,28.39,7.72,7.55
19/02/2026 8:48,29.66,7.71,7.48
19/02/2026 8:51,28.48,7.61,5.3
19/02/2026 8:54,28.89,7.3,6.58
19/02/2026 8:57,28.72,7.47,7.71
19/02/2026 9:00,29.58,7.19,7.93
19/02/2026 9:03,28.74,7.58,9.27
19/02/2026 9:06,29.36,8.95,6.96
19/02/2026 9:09,29.9,8.61,7.01
19/02/2026 9:12,28.74,7.55,9.72
19/02/2026 9:15,28.54,7.77,7.77
19/02/2026 9:18,31.47,7.52,5.53
19/02/2026 9:21,30.97,7.86,6.11
19/02/2026 9:24,28.55,8.36,5.58
19/02/2026 9:27,29,8.25,7.02
19/02/2026 9:30,29.2,8.35,5.69
19/02/2026 9:33,30.58,7.81,5.47
19/02/2026 9:36,28.83,7.17,4.47
19/02/2026 9:39,28.66,8.15,6.43
19/02/2026 9:42,28.38,7.77,7.44
19/02/2026 9:45,30.28,7.85,6.17
19/02/2026 9:48,27.62,7.04,6.53
19/02/2026 9:51,29.7,7.93,8.9
19/02/2026 9:54,28.28,7.21,3.83
19/02/2026 9:57,29.36,8.01,7.63
19/02/2026 10:00,30.97,7.33,7.32
19/02/2026 10:03,30.77,7.07,5.09
19/02/2026 10:06,29.69,7.25,7.23
19/02/2026 10:09,28.71,7.72,5.93
19/02/2026 10:12,29.77,7.52,5.17
19/02/2026 10:15,29.54,7.91,6.98
19/02/2026 10:18,30.91,7.53,7.56
19/02/2026 10:21,28.05,8.17,5.05
19/02/2026 10:24,25.37,8.13,6.24
19/02/2026 10:27,28.93,7.8,6.32
19/02/2026 10:30,33.66,8.08,6.4
19/02/2026 10:33,29.21,7.78,4.34
19/02/2026 10:36,30.19,7.06,7.18
19/02/2026 10:39,30.25,7.13,4.16
19/02/2026 10:42,30.2,7.35,5.64
19/02/2026 10:45,29.71,8.37,6.69
19/02/2026 10:48,29.66,7.89,6.16
19/02/2026 10:51,28.87,7.62,6.48
19/02/2026 10:54,30.61,8.4,7.38
19/02/2026 10:57,29.28,7.1,6.85
19/02/2026 11:00,29.07,7.71,7.75
19/02/2026 11:03,30.39,7.32,7.56
19/02/2026 11:06,30.17,7.03,6.8
19/02/2026 11:09,28.96,7.06,3.69
19/02/2026 11:12,28.07,7.95,3.69
19/02/2026 11:15,28.03,6.91,6.88
19/02/2026 11:18,30.55,7.85,5.59
19/02/2026 11:21,28.45,8.33,7.41
19/02/2026 11:24,29.81,7.69,7.29
19/02/2026 11:27,29.77,8.27,5.86
19/02/2026 11:30,28.68,8.2,5.31
19/02/2026 11:33,29.34,7.7,6.07
19/02/2026 11:36,29.26,7.83,5.6
19/02/2026 11:39,29.51,7.52,7.67
19/02/2026 11:42,30.57,8.16,7.24
19/02/2026 11:45,30.75,7.89,6.4
19/02/2026 11:48,28.26,6.5,5.42
19/02/2026 11:51,29.29,8,5.24
19/02/2026 11:54,28.88,7.98,7.45
19/02/2026 11:57,30.36,7.47,5.66
19/02/2026 12:00,29.04,8.25,7.47
19/02/2026 12:03,29.46,8.08,6.37
19/02/2026 12:06,30.12,7.27,5.36
19/02/2026 12:09,29.91,7.94,7.96
19/02/2026 12:12,30.23,8.08,7.15
19/02/2026 12:15,29.29,7.4,5.33
19/02/2026 12:18,29.62,7.13,5.42
19/02/2026 12:21,28.82,7.01,6
19/02/2026 12:24,26.58,6.34,7.63
19/02/2026 12:27,30.33,8.11,6.22
19/02/2026 12:30,30.6,8.23,5.24
19/02/2026 12:33,28.91,8.09,7.01
19/02/2026 12:36,29.49,7.17,5.86
19/02/2026 12:39,28.31,7.96,5.99
19/02/2026 12:42,28.34,7.81,7.03
19/02/2026 12:45,28.43,8.26,5.93
19/02/2026 12:48,29.89,7.51,9.48
19/02/2026 12:51,30.36,7.01,5.11
19/02/2026 12:54,28.39,7.42,5.22
19/02/2026 12:57,30.99,8.29,5.14
19/02/2026 13:00,29.06,8.12,7.09
19/02/2026 13:03,30.68,7.77,6.73
19/02/2026 13:06,31,8.3,6.83
19/02/2026 13:09,30.52,7.29,5.41
19/02/2026 13:12,29.14,7.72,5.35
19/02/2026 13:15,28.07,7.06,4.16
19/02/2026 13:18,31.49,7.81,6.25
19/02/2026 13:21,29.52,8.36,7.57
19/02/2026 13:24,29.46,7.32,5.06
19/02/2026 13:27,28.01,7.68,6.6
19/02/2026 13:30,30.61,7.5,7.51
19/02/2026 13:33,28.44,8.26,3.76
19/02/2026 13:36,29.88,8.04,7.45
19/02/2026 13:39,28.79,7.72,6.06
19/02/2026 13:42,29.24,7.21,7.18
19/02/2026 13:45,29.41,6.54,7.37
19/02/2026 13:48,29.76,7.82,6.3
19/02/2026 13:51,29.56,7.55,7.79
19/02/2026 13:54,29.09,7.48,7.57
19/02/2026 13:57,28.12,7.38,9.56
19/02/2026 14:00,28.38,7.34,6.41
19/02/2026 14:03,29.87,7.93,5.31
19/02/2026 14:06,29.82,7.78,7.65
19/02/2026 14:09,30,7.45,6.38
19/02/2026 14:12,28.24,8.31,8.32
19/02/2026 14:15,28.75,7.33,5.7
19/02/2026 14:18,33.83,7.78,5.16
19/02/2026 14:21,28.7,8.53,6.48
19/02/2026 14:24,30.44,8.26,8.95
19/02/2026 14:27,30.28,7.87,6.16
19/02/2026 14:30,30.25,8.47,6.17
19/02/2026 14:33,30.92,8.49,7.95
19/02/2026 14:36,30.75,8.65,7.22
19/02/2026 14:39,29.93,7.11,7.66
19/02/2026 14:42,29.53,7.34,6.31
19/02/2026 14:45,30.45,7.5,5.73
19/02/2026 14:48,29.65,7.57,5.1
19/02/2026 14:51,30.3,6.84,7.9
19/02/2026 14:54,28.54,8.5,7.88
19/02/2026 14:57,29.54,7.4,4
19/02/2026 15:00,33.84,7.38,7.19
19/02/2026 15:03,29.45,8.23,5.04
19/02/2026 15:06,29.45,8.7,6.88
19/02/2026 15:09,29.56,6.67,5.2
19/02/2026 15:12,29.84,8.06,4.38
19/02/2026 15:15,29.82,7.76,7.46
19/02/2026 15:18,30.86,8.37,7.52
19/02/2026 15:21,28.66,7.1,6.98
19/02/2026 15:24,28.43,8.13,5.16
19/02/2026 15:27,30.19,7.77,5.12
19/02/2026 15:30,28.73,7.1,6.08
19/02/2026 15:33,28.84,8.2,7.55
19/02/2026 15:36,28.54,8.37,7.41
19/02/2026 15:39,29.43,8.54,5.27
19/02/2026 15:42,27.33,7.1,7.15
19/02/2026 15:45,29.23,8,6.2
19/02/2026 15:48,30.93,7.17,7.73
19/02/2026 15:51,31.63,7.19,6.16
19/02/2026 15:54,30.03,7.8,5.17
19/02/2026 15:57,29.75,7.02,6.55
19/02/2026 16:00,27.22,7.13,5.26
19/02/2026 16:03,29.73,8.05,6.03
19/02/2026 16:06,28.86,9,7.52
19/02/2026 16:09,30.66,7.56,7.73
19/02/2026 16:12,28.35,8.42,5.95
19/02/2026 16:15,30.21,8.01,4.67
19/02/2026 16:18,28.37,7.84,7.99
19/02/2026 16:21,29.5,7.32,6.31
19/02/2026 16:24,28.65,7.2,5.21
19/02/2026 16:27,29.66,7.94,5.87
19/02/2026 16:30,28.59,7.77,5.72
19/02/2026 16:33,29.51,8.38,6.95
19/02/2026 16:36,28.09,7.44,6.57
19/02/2026 16:39,28.74,7.94,5.6
19/02/2026 16:42,30.21,7.72,5.53
19/02/2026 16:45,31.77,7.26,7.58
19/02/2026 16:48,29.56,8.48,5.65
19/02/2026 16:51,29.49,7.56,7.02
19/02/2026 16:54,26.98,7.36,5.31
19/02/2026 16:57,33.04,7.41,5.65
19/02/2026 17:00,29.91,7.93,7.75
19/02/2026 17:03,29.58,7.67,5.32
19/02/2026 17:06,28.79,8.2,6.08
19/02/2026 17:09,30.67,6.58,6.71
19/02/2026 17:12,28.94,7.43,5.08
19/02/2026 17:15,28.05,7.7,7.12
19/02/2026 17:18,28.57,8.1,6.71
19/02/2026 17:21,29.23,7.11,7.14
19/02/2026 17:24,28.03,7.95,5.9
19/02/2026 17:27,29.64,7.26,6.51
19/02/2026 17:30,30.86,8.26,5.03
19/02/2026 17:33,29.68,7.54,7.06
19/02/2026 17:36,28.62,7.84,5.31
19/02/2026 17:39,28.19,7.63,6.12
19/02/2026 17:42,29.62,8.46,5.13
19/02/2026 17:45,30.06,7.8,7.08
19/02/2026 17:48,29.92,7.08,6.91
19/02/2026 17:51,29.7,7.88,6.37
19/02/2026 17:54,29.1,7.82,6.9
19/02/2026 17:57,32.03,7.84,5.51
19/02/2026 18:00,29.17,7.7,7.83
19/02/2026 18:03,30.59,8.15,7.5
19/02/2026 18:06,28.15,7.13,4.18
19/02/2026 18:09,28.9,7.73,7.14
19/02/2026 18:12,28.86,8.01,9.72
19/02/2026 18:15,30.94,8.07,5.39
19/02/2026 18:18,29.51,8.64,5.18
19/02/2026 18:21,28.54,7.23,6.09
19/02/2026 18:24,31.4,7.97,6.69
19/02/2026 18:27,30.54,7.49,5.2
19/02/2026 18:30,29.12,8.2,6.58
19/02/2026 18:33,32.48,7.29,6.24
19/02/2026 18:36,29.16,8.48,6.42
19/02/2026 18:39,29.01,9.09,5.19
19/02/2026 18:42,28.45,8.12,7.39
19/02/2026 18:45,29.34,7.38,6.34
19/02/2026 18:48,29.65,8.78,6.42
19/02/2026 18:51,29.36,7.96,7.87
19/02/2026 18:54,29.14,7.29,7.22
19/02/2026 18:57,28.69,7.69,6.31
19/02/2026 19:00,30.58,7.52,7.51
19/02/2026 19:03,30.59,7.96,4.35
19/02/2026 19:06,29.69,9.05,3.59
19/02/2026 19:09,30.13,6.93,7.2
19/02/2026 19:12,30.73,8.25,6.49
19/02/2026 19:15,28.48,7.31,5.13
19/02/2026 19:18,28.38,7.65,6.41
19/02/2026 19:21,28.6,7.57,7.99
19/02/2026 19:24,31.02,8.32,9.04
19/02/2026 19:27,29.77,7.75,6.44
19/02/2026 19:30,28.22,7.41,9.36
19/02/2026 19:33,30.2,8.5,5.42
19/02/2026 19:36,28.15,7.6,6.8
19/02/2026 19:39,28.08,7.32,7.39
19/02/2026 19:42,30.9,8.25,6.35
19/02/2026 19:45,29.06,7.63,5.95
19/02/2026 19:48,29.68,6.72,7.79
19/02/2026 19:51,29.45,7.82,3.51
19/02/2026 19:54,29.94,7.24,6.78
19/02/2026 19:57,26.7,8.71,5.07
19/02/2026 20:00,30.83,7.56,5.85
19/02/2026 20:03,29.67,7.91,6.84
19/02/2026 20:06,28.97,7.27,5.89
19/02/2026 20:09,25.66,7.93,4.13
19/02/2026 20:12,28.12,8.28,5.21
19/02/2026 20:15,31.74,7.57,5.27
19/02/2026 20:18,29.93,7.32,7.04
19/02/2026 20:21,29.26,7.07,6.72
19/02/2026 20:24,30.87,7.23,7.28
19/02/2026 20:27,29.76,8.19,5.02
19/02/2026 20:30,29.9,7.42,7.37
19/02/2026 20:33,25.72,6.64,6.2
19/02/2026 20:36,29.92,7.14,5.27
19/02/2026 20:39,29.63,8.16,6.56
19/02/2026 20:42,29.16,8.16,6.68
19/02/2026 20:45,29.38,7.6,7.86
19/02/2026 20:48,30.05,8.85,7.82
19/02/2026 20:51,28.72,8.84,7.33
19/02/2026 20:54,28.55,7.48,6.14
19/02/2026 20:57,30.7,7.04,4.7
19/02/2026 21:00,30.05,7.72,6.95
19/02/2026 21:03,25.03,7.07,9.83
19/02/2026 21:06,30.61,8.49,7.14
19/02/2026 21:09,29.1,7.42,6.8
19/02/2026 21:12,29.73,8.31,5.53
19/02/2026 21:15,29.81,8.18,6.34
19/02/2026 21:18,30.68,7.52,8.61
19/02/2026 21:21,30.63,8.28,6.16
19/02/2026 21:24,28.78,7.79,9.87
19/02/2026 21:27,30.91,8.34,7.46
19/02/2026 21:30,29.12,8.19,5.65
19/02/2026 21:33,29.83,7.33,6.26
19/02/2026 21:36,30.98,8.38,7.5
19/02/2026 21:39,29.22,7.52,6.83
19/02/2026 21:42,29.93,8.06,6.94
19/02/2026 21:45,30.96,7.41,6.76
19/02/2026 21:48,29.89,7.53,7.19
19/02/2026 21:51,29.97,7.03,7.77
19/02/2026 21:54,30.36,8.77,4.44
19/02/2026 21:57,30.36,7.8,7.74
19/02/2026 22:00,26.34,7.39,7.53
19/02/2026 22:03,30.84,7.14,5.14
19/02/2026 22:06,29.95,7.04,6.35
19/02/2026 22:09,28.75,7.42,7.07
19/02/2026 22:12,28.18,8.02,6.22
19/02/2026 22:15,28.24,8.23,7.47
19/02/2026 22:18,30.89,7.87,6.01
19/02/2026 22:21,30.47,7.32,5.71
19/02/2026 22:24,29.78,7,6.62
19/02/2026 22:27,30.7,7.86,5.43
19/02/2026 22:30,25.8,7.62,6.2
19/02/2026 22:33,30.61,7.67,6.23
19/02/2026 22:36,29.08,8.27,5.73
19/02/2026 22:39,30.43,7.08,5.13
19/02/2026 22:42,28.6,6.85,6.71
19/02/2026 22:45,25.72,7.24,5.92
19/02/2026 22:48,30.95,7.93,6.84
19/02/2026 22:51,28.95,7,7.26
19/02/2026 22:54,28.84,7.73,5.96
19/02/2026 22:57,28.55,7.18,6.21
19/02/2026 23:00,26.92,8.09,9.77
19/02/2026 23:03,29.67,7.2,7.65
19/02/2026 23:06,30.7,8.22,5.82
19/02/2026 23:09,29.66,7.86,5.01
19/02/2026 23:12,28.12,8.34,5.8
19/02/2026 23:15,28.16,7.2,6.17
19/02/2026 23:18,29.55,7.38,5.52
19/02/2026 23:21,30.67,7.83,7.38
19/02/2026 23:24,29.75,7.32,7.92
19/02/2026 23:27,30.24,7.71,6.64
19/02/2026 23:30,30.51,7.37,7.39
19/02/2026 23:33,28.39,7.62,5.22
19/02/2026 23:36,29.29,8.01,4.58
19/02/2026 23:39,28.01,7.75,7.48
19/02/2026 23:42,29.26,8.36,6.71
19/02/2026 23:45,30.58,8,5.48
19/02/2026 23:48,30.36,7.47,6.81
19/02/2026 23:51,29,8.13,7.57
19/02/2026 23:54,30.14,7.43,6.3
19/02/2026 23:57,30.14,8.46,5.32
20/02/2026 0:00,29.47,6.38,7.4
20/02/2026 0:03,28.31,7.13,6.98
20/02/2026 0:06,30.78,7.65,5.7
20/02/2026 0:09,29.72,7.42,7.09
20/02/2026 0:12,28.54,7.97,7.37
20/02/2026 0:15,30.02,6.42,7.11
20/02/2026 0:18,30.31,8.26,7.29
20/02/2026 0:21,28.33,8.45,6.64
20/02/2026 0:24,29.27,6.58,4.7
20/02/2026 0:27,30.85,7.64,7.68
20/02/2026 0:30,29.76,7.93,6.63
20/02/2026 0:33,32.86,8.39,5.86
20/02/2026 0:36,30.35,7.81,5.83
20/02/2026 0:39,28.45,7.19,5.31
20/02/2026 0:42,33.93,8.18,6.24
20/02/2026 0:45,28.8,8.49,5.37
20/02/2026 0:48,31.18,7,9.43
20/02/2026 0:51,31.27,7.86,6.68
20/02/2026 0:54,30.89,8.87,7.99
20/02/2026 0:57,28.24,8.21,7.5
20/02/2026 1:00,30.68,8.01,6.03
20/02/2026 1:03,28.19,8.27,5.45
20/02/2026 1:06,29.78,8.02,6.63
20/02/2026 1:09,28.04,7.44,6.81
20/02/2026 1:12,25.47,7.72,3.6
20/02/2026 1:15,30.71,8.34,6.6
20/02/2026 1:18,29.6,8.74,7.59
20/02/2026 1:21,29.61,7.25,5.63
20/02/2026 1:24,29.17,7.13,7.94
20/02/2026 1:27,30.09,6.56,6.71
20/02/2026 1:30,30,7.38,7.63
20/02/2026 1:33,29.81,8.08,6.52
20/02/2026 1:36,29.38,7.08,6.98
20/02/2026 1:39,28.57,8.17,5.89
20/02/2026 1:42,29.74,8.45,7.26
20/02/2026 1:45,30.82,7.36,6.03
20/02/2026 1:48,28.9,8.58,5.3
20/02/2026 1:51,32.39,8.25,5.83
20/02/2026 1:54,29.38,7.85,8.92
20/02/2026 1:57,28.17,7.39,6.85
20/02/2026 2:00,28.26,8.09,7.78
20/02/2026 2:03,25.71,7.44,6.36
20/02/2026 2:06,28.6,8.3,5.84
20/02/2026 2:09,29.89,7.68,7.39
20/02/2026 2:12,28.82,7.99,5.79
20/02/2026 2:15,30.85,8.19,7.47
20/02/2026 2:18,29.25,7.31,7.06
20/02/2026 2:21,29.87,7.07,7.39
20/02/2026 2:24,29.7,7.92,3.57
20/02/2026 2:27,29.49,7.62,6.95
20/02/2026 2:30,29.2,7.16,5.31
20/02/2026 2:33,29.34,7.34,7.59
20/02/2026 2:36,30.99,7.95,5.75
20/02/2026 2:39,28.28,9.1,7.26
20/02/2026 2:42,30.9,7.77,6.9
20/02/2026 2:45,28.76,7.23,5.22
20/02/2026 2:48,30.39,7.74,7.6
20/02/2026 2:51,28.69,8.17,7.73
20/02/2026 2:54,33.47,8.23,6.54
20/02/2026 2:57,29.17,8.49,5.53
20/02/2026 3:00,30.14,7.42,5.73
20/02/2026 3:03,30.77,7.46,7.55
20/02/2026 3:06,29.31,7.91,6.18
20/02/2026 3:09,29.83,8.57,7
20/02/2026 3:12,29.04,7.21,5.27
20/02/2026 3:15,28.63,7.72,7.75
20/02/2026 3:18,30.82,7.42,5.52
20/02/2026 3:21,30.82,7.82,6.24
20/02/2026 3:24,30.93,8.22,7
20/02/2026 3:27,30.93,8.02,7.01
20/02/2026 3:30,30.71,8.17,6.5
20/02/2026 3:33,29.68,7.73,9.26
20/02/2026 3:36,28.93,8.14,6.02
20/02/2026 3:39,29.17,8.14,5.44
20/02/2026 3:42,28.88,7.76,5.18
20/02/2026 3:45,28.95,7.52,7.48
20/02/2026 3:48,30.3,6.68,7.69
20/02/2026 3:51,30.82,7.58,5.32
20/02/2026 3:54,29.71,7.71,6.74
20/02/2026 3:57,30.14,8.04,6.14
20/02/2026 4:00,28.82,7.9,5.9
20/02/2026 4:03,30.69,8.13,6.72
20/02/2026 4:06,29.59,8.48,7.33
20/02/2026 4:09,27.24,7.88,6.95
20/02/2026 4:12,29.99,8.46,7.34
20/02/2026 4:15,30.59,8.29,7.27
20/02/2026 4:18,28.95,8.14,7.17
20/02/2026 4:21,28.56,8.22,6.72
20/02/2026 4:24,31.51,7.12,7.16
20/02/2026 4:27,29.67,7.34,7.6
20/02/2026 4:30,30.45,8.14,6.1
20/02/2026 4:33,30.57,7.9,4.89
20/02/2026 4:36,28.15,7.3,6.84
20/02/2026 4:39,26.19,8.13,5.16
20/02/2026 4:42,30.38,7.65,5.28
20/02/2026 4:45,28.83,7.45,6.32
20/02/2026 4:48,28.32,8.44,7.09
20/02/2026 4:51,28.89,8.01,7.69
20/02/2026 4:54,28.37,7.26,4.3
20/02/2026 4:57,29.12,7.33,5.34
20/02/2026 5:00,29.45,8.14,7.1
20/02/2026 5:03,30.77,8.65,7.09
20/02/2026 5:06,30.62,7.03,7.69
20/02/2026 5:09,30.26,8.23,6.78
20/02/2026 5:12,28.29,7.02,6.98
20/02/2026 5:15,27.3,7.65,5.12
20/02/2026 5:18,29.35,8.29,5.91
20/02/2026 5:21,28.99,7.65,7.05
20/02/2026 5:24,32.73,8.54,7.06
20/02/2026 5:27,30.93,7.65,6.1
20/02/2026 5:30,25.54,7.67,6.19
20/02/2026 5:33,30.74,7.43,6.05
20/02/2026 5:36,30.74,8.1,6.88
20/02/2026 5:39,30.52,7.39,7.84
20/02/2026 5:42,32.01,8.15,7.25
20/02/2026 5:45,30.25,8.38,4.15
20/02/2026 5:48,30.13,7.1,6.15
20/02/2026 5:51,29.58,7.02,6.77
20/02/2026 5:54,29.75,8.12,8.5
20/02/2026 5:57,32.41,8.14,3.72
20/02/2026 6:00,29.44,7.35,6.37
20/02/2026 6:03,29.52,6.96,7.94
20/02/2026 6:06,28.48,7.49,4.18
20/02/2026 6:09,31.44,7.32,7.31
20/02/2026 6:12,28.73,7.24,5.25
20/02/2026 6:15,28.7,7.46,6.94
20/02/2026 6:18,29.02,6.59,7.41
20/02/2026 6:21,29.4,7.11,6.87
20/02/2026 6:24,29.33,7.64,7.41
20/02/2026 6:27,30.75,8.15,7.96
20/02/2026 6:30,28.49,8.05,7.29
20/02/2026 6:33,29.3,7.5,3.94
20/02/2026 6:36,28.75,7.52,6.27
20/02/2026 6:39,30.91,8.36,7.58
20/02/2026 6:42,29.52,8.92,7.2
20/02/2026 6:45,29.79,8,7.93
20/02/2026 6:48,30.88,7.47,7.19
20/02/2026 6:51,30.06,7.49,6.35
20/02/2026 6:54,29.54,7.14,5.87
20/02/2026 6:57,26.15,7.59,5.92
20/02/2026 7:00,29.09,6.3,7.55
20/02/2026 7:03,30.32,7.19,6.06
20/02/2026 7:06,26.87,7.2,7.56
20/02/2026 7:09,29.23,7.15,5.55
20/02/2026 7:12,30.27,7.24,5.39
20/02/2026 7:15,28.6,7.5,8.04
20/02/2026 7:18,28.07,7.2,6
20/02/2026 7:21,28.94,7.64,7.93
20/02/2026 7:24,30.16,7.78,5.82
20/02/2026 7:27,30.98,7.89,7.46
20/02/2026 7:30,28.61,6.72,6.08
20/02/2026 7:33,30.44,7.08,5.01
20/02/2026 7:36,29.81,7.12,7.38
20/02/2026 7:39,29.42,7.64,7.18
20/02/2026 7:42,30.75,7.15,5.98
20/02/2026 7:45,29.65,7.1,7.78
20/02/2026 7:48,29.66,8.5,6.81
20/02/2026 7:51,26.75,7.46,5.96
20/02/2026 7:54,28.11,7.24,6.72
20/02/2026 7:57,29.87,8.12,5.62
20/02/2026 8:00,30.33,7.68,7.59
20/02/2026 8:03,29.75,8.44,5.66
20/02/2026 8:06,30.42,7.23,7.94
20/02/2026 8:09,29.77,7.27,3.88
20/02/2026 8:12,30.1,8.35,7.07
20/02/2026 8:15,28.85,8.47,7.39
20/02/2026 8:18,28.46,8.82,6.12
20/02/2026 8:21,29.7,8.43,9.57
20/02/2026 8:24,30.2,8.45,5.79
20/02/2026 8:27,29.64,6.41,6.75
20/02/2026 8:30,28.53,7.01,6.75
20/02/2026 8:33,30.42,8.13,6.76
20/02/2026 8:36,28.53,7.1,7.29
20/02/2026 8:39,29.25,7.63,5.02
20/02/2026 8:42,30.58,6.94,6.92
20/02/2026 8:45,28.61,7.69,6.25
20/02/2026 8:48,28.91,7.42,5.26
20/02/2026 8:51,30.87,7.99,5.45
20/02/2026 8:54,29.49,7.34,5.7
20/02/2026 8:57,28.79,7.79,7.19
20/02/2026 9:00,28.02,7.52,7.13
20/02/2026 9:03,29.52,7.92,9.43
20/02/2026 9:06,30.6,7.84,5.35
20/02/2026 9:09,28.77,7.21,6.04
20/02/2026 9:12,29.82,6.71,5.73
20/02/2026 9:15,28.14,6.74,6.89
20/02/2026 9:18,25.89,7.86,5.2
20/02/2026 9:21,28.01,8.91,5.01
20/02/2026 9:24,29.66,7.24,6.6
20/02/2026 9:27,33.54,7.62,6.22
20/02/2026 9:30,28.33,7.93,7.58
20/02/2026 9:33,32.26,8.19,6.85
20/02/2026 9:36,30.93,8.16,7.69
20/02/2026 9:39,27.98,8.35,7.44
20/02/2026 9:42,29.93,9.04,7.31
20/02/2026 9:45,29.48,8.03,5.39
20/02/2026 9:48,29.32,7.46,7.91
20/02/2026 9:51,28.3,6.73,9.16
20/02/2026 9:54,26.17,7.64,7.1
20/02/2026 9:57,30.16,7.64,5.21
20/02/2026 10:00,30.9,7.56,6.9
20/02/2026 10:03,29.67,7.67,7.15
20/02/2026 10:06,29.7,8.14,7.39
20/02/2026 10:09,28.6,7.79,7.64
20/02/2026 10:12,28.6,8.5,6.01
20/02/2026 10:15,26.92,8.3,6.27
20/02/2026 10:18,28.06,7.85,7.06
20/02/2026 10:21,30.13,7.31,5.48
20/02/2026 10:24,30.35,7.58,6.19
20/02/2026 10:27,25.5,6.89,6.68
20/02/2026 10:30,29.82,7.21,5.92
20/02/2026 10:33,28.27,7.33,6.09
20/02/2026 10:36,28.28,8.17,5.63
20/02/2026 10:39,29.01,8.39,7.87
20/02/2026 10:42,30.02,6.42,7.85
20/02/2026 10:45,31.08,8.07,7.25
20/02/2026 10:48,25.52,7.16,7
20/02/2026 10:51,25.04,7.8,6.8
20/02/2026 10:54,30.43,8.31,7.44
20/02/2026 10:57,29.94,7.28,5.09
20/02/2026 11:00,28.26,7.37,5.3
20/02/2026 11:03,29.25,8.39,5.55
20/02/2026 11:06,28.34,8.22,6.19
20/02/2026 11:09,29.15,8.23,6.9
20/02/2026 11:12,32.84,6.58,5.1
20/02/2026 11:15,30.7,7.78,6.01
20/02/2026 11:18,30.49,7.9,7.09
20/02/2026 11:21,25.71,8.32,4.62
20/02/2026 11:24,29.9,8.07,5.89
20/02/2026 11:27,28.63,6.6,7.76
20/02/2026 11:30,28.31,6.52,5.68
20/02/2026 11:33,30.55,7.58,3.55
20/02/2026 11:36,29.51,7.82,6.51
20/02/2026 11:39,28.25,8.36,6.89
20/02/2026 11:42,30.63,6.3,6.79
20/02/2026 11:45,29.63,8.06,5.9
20/02/2026 11:48,30.81,7.79,7.15
20/02/2026 11:51,28.11,7.19,5.44
20/02/2026 11:54,28.7,8.72,7.72
20/02/2026 11:57,29,7.18,7.7
20/02/2026 12:00,28.35,7.08,5.91
20/02/2026 12:03,28.54,7.14,6.66
20/02/2026 12:06,29.65,7.55,5.01
20/02/2026 12:09,28.94,7.68,7.66
20/02/2026 12:12,29.4,7.14,6.02
20/02/2026 12:15,31.77,7.35,5.18
20/02/2026 12:18,28.36,7.68,6.74
20/02/2026 12:21,30.9,8.29,6.35
20/02/2026 12:24,29.55,8.11,4.23
20/02/2026 12:27,28.99,8.44,5.84
20/02/2026 12:30,29.52,7.85,7.76
20/02/2026 12:33,30.03,7.46,5.07
20/02/2026 12:36,29.32,8.17,8.95
20/02/2026 12:39,29.61,6.49,6.79
20/02/2026 12:42,29.52,8.04,7.53
20/02/2026 12:45,29.98,8.06,6.78
20/02/2026 12:48,28.84,7.83,7.98
20/02/2026 12:51,30.3,7.15,8.49
20/02/2026 12:54,29.31,7.36,5.85
20/02/2026 12:57,30.56,8.44,5.1
20/02/2026 13:00,33.28,7.24,4.27
20/02/2026 13:03,29.08,7.68,7.56
20/02/2026 13:06,28.6,7.13,7.48
20/02/2026 13:09,28.82,7.83,5.9
20/02/2026 13:12,28.25,7.7,7.2
20/02/2026 13:15,29.96,7.41,5.89
20/02/2026 13:18,28.72,7.67,5.38
20/02/2026 13:21,29.2,7.34,6.31
20/02/2026 13:24,28.88,7.35,7.7
20/02/2026 13:27,28.78,8.46,7.92
20/02/2026 13:30,30.76,8.2,7.38
20/02/2026 13:33,30.93,7.34,7.41
20/02/2026 13:36,30.28,7.08,7.39
20/02/2026 13:39,30.75,7.24,6.67
20/02/2026 13:42,28.67,7.04,4.32
20/02/2026 13:45,28.03,7.28,7.3
20/02/2026 13:48,29,7.46,6.93
20/02/2026 13:51,28.56,8.13,5.92
20/02/2026 13:54,28.47,7.86,5.37
20/02/2026 13:57,30.96,7.13,6.66
20/02/2026 14:00,28.55,8.39,6.07
20/02/2026 14:03,29.08,8.09,7.28
20/02/2026 14:06,28.1,7.77,5.38
20/02/2026 14:09,30.1,7.86,7.37
20/02/2026 14:12,29.46,7.94,6.36
20/02/2026 14:15,28.38,7.91,7.85
20/02/2026 14:18,28.81,8.29,6.19
20/02/2026 14:21,31.04,8.06,5.46
20/02/2026 14:24,28.16,8.04,7.62
20/02/2026 14:27,32.25,7.99,7.74
20/02/2026 14:30,30.93,8.08,7.72
20/02/2026 14:33,28.92,7.32,7.94
20/02/2026 14:36,28.19,6.73,8.15
20/02/2026 14:39,30.61,8.13,7.1
20/02/2026 14:42,29.64,7.66,5.19
20/02/2026 14:45,29.71,8.75,6.38
20/02/2026 14:48,29.15,8.07,5.56
20/02/2026 14:51,29.98,8.49,6.18
20/02/2026 14:54,28.91,8.34,6.01
20/02/2026 14:57,29.78,8.35,5.45
20/02/2026 15:00,28.74,7.76,5.4
20/02/2026 15:03,25.6,7.18,7.89
20/02/2026 15:06,27.39,7.13,7.81
20/02/2026 15:09,29.28,8.45,5.75
20/02/2026 15:12,28.72,7.88,5.01
20/02/2026 15:15,30.76,7.8,7.28
20/02/2026 15:18,29.46,8,6.3
20/02/2026 15:21,29.8,7.67,7.02
20/02/2026 15:24,29.81,7.86,5.94
20/02/2026 15:27,30.64,8.15,7.55
20/02/2026 15:30,29.51,8,6.1
20/02/2026 15:33,30.87,7.3,5.12
20/02/2026 15:36,30.41,8.11,6.05
20/02/2026 15:39,30.67,8.24,7.7
20/02/2026 15:42,29.76,7.69,5.04
20/02/2026 15:45,28.9,7.64,5.81
20/02/2026 15:48,28.51,7.72,7.9
20/02/2026 15:51,30.03,7.33,7.15
20/02/2026 15:54,28.14,7.92,6.6
20/02/2026 15:57,29.75,8.42,7.95
20/02/2026 16:00,29.29,7.69,9.78
20/02/2026 16:03,28.58,7.83,7.94
20/02/2026 16:06,25.53,7.37,6.32
20/02/2026 16:09,30.62,7.79,4.65
20/02/2026 16:12,26.11,7.11,7.46
20/02/2026 16:15,32.92,6.59,6.71
20/02/2026 16:18,28.83,7.75,6.6
20/02/2026 16:21,28.34,7.21,5.18
20/02/2026 16:24,28.82,7.15,6.6
20/02/2026 16:27,29.36,7.7,7.19
20/02/2026 16:30,29.69,8.48,8.59
20/02/2026 16:33,27.78,7.64,5.55
20/02/2026 16:36,30.85,7.09,7.42
20/02/2026 16:39,29.07,7.08,6.39
20/02/2026 16:42,30.46,8.26,6.49
20/02/2026 16:45,30.35,8.15,7.14
20/02/2026 16:48,28.95,8.15,6.95
20/02/2026 16:51,29.97,7.08,7.69
20/02/2026 16:54,30.03,8.45,6.78
20/02/2026 16:57,31.97,7.37,5.66
20/02/2026 17:00,28.59,7.77,6.06
20/02/2026 17:03,30.8,7.15,7.78
20/02/2026 17:06,28.19,7.06,6.94
20/02/2026 17:09,28.19,8.19,7.11
20/02/2026 17:12,29.66,7.19,8.18
20/02/2026 17:15,28.94,8.09,6.08
20/02/2026 17:18,29.66,7.03,5.19
20/02/2026 17:21,28.89,7.06,7.79
20/02/2026 17:24,30.66,7.81,6.85
20/02/2026 17:27,29.36,8.26,7.11
20/02/2026 17:30,28.34,8.37,7.92
20/02/2026 17:33,28.82,8.49,7
20/02/2026 17:36,28.48,7.06,6.28
20/02/2026 17:39,30.97,8.34,6.45
20/02/2026 17:42,30.29,8.46,5.23
20/02/2026 17:45,28.72,6.88,5.32
20/02/2026 17:48,28.62,8.46,6.32
20/02/2026 17:51,30.13,8.28,5.82
20/02/2026 17:54,30.35,8.03,5.95
20/02/2026 17:57,32.12,7.29,5.81
20/02/2026 18:00,29.49,7.99,5.93
20/02/2026 18:03,30.77,7.87,6.29
20/02/2026 18:06,29.3,8.46,7.78
20/02/2026 18:09,29.79,8.15,5.82
20/02/2026 18:12,28.19,8.14,6.6
20/02/2026 18:15,29.62,7.52,6.38
20/02/2026 18:18,26.15,7.29,6.11
20/02/2026 18:21,28.69,6.81,4.31
20/02/2026 18:24,28.37,8.03,7.58
20/02/2026 18:27,29.09,8.18,5.26
20/02/2026 18:30,29.79,8.4,5.32
20/02/2026 18:33,30.54,8.32,7.09
20/02/2026 18:36,29,7.26,6.63
20/02/2026 18:39,29.55,8.89,5.01
20/02/2026 18:42,30,7.42,5.78
20/02/2026 18:45,28.03,7.2,7.53
20/02/2026 18:48,29.69,7.52,5.01
20/02/2026 18:51,29.81,7.39,5.37
20/02/2026 18:54,28.36,8.12,7.11
20/02/2026 18:57,29.34,7,5.97
20/02/2026 19:00,29.32,7.18,6.13
20/02/2026 19:03,30.24,7.44,5.08
20/02/2026 19:06,28.95,8.39,6.24
20/02/2026 19:09,29.09,7.48,6.98
20/02/2026 19:12,28.18,6.98,7.59
20/02/2026 19:15,28.74,7.8,9.56
20/02/2026 19:18,29.96,8.15,5.48
20/02/2026 19:21,28.95,6.71,5.08
20/02/2026 19:24,29.78,7.62,6.24
20/02/2026 19:27,29.08,8.74,7.81
20/02/2026 19:30,29.77,8.04,6.53
20/02/2026 19:33,29.95,8.27,6.93
20/02/2026 19:36,29.22,7.9,5.26
20/02/2026 19:39,30.66,7.22,5.31
20/02/2026 19:42,28.02,8.38,7.13
20/02/2026 19:45,28.39,7.72,7.55
20/02/2026 19:48,29.66,7.71,7.48
20/02/2026 19:51,28.48,7.61,5.3
20/02/2026 19:54,28.89,7.3,6.58
20/02/2026 19:57,28.72,7.47,7.71
20/02/2026 20:00,29.58,7.19,7.93
20/02/2026 20:03,28.74,7.58,9.27
20/02/2026 20:06,29.36,8.95,6.96
20/02/2026 20:09,29.9,8.61,7.01
20/02/2026 20:12,28.74,7.55,9.72
20/02/2026 20:15,28.54,7.77,7.77
20/02/2026 20:18,31.47,7.52,5.53
20/02/2026 20:21,30.97,7.86,6.11
20/02/2026 20:24,28.55,8.36,5.58
20/02/2026 20:27,29,8.25,7.02
20/02/2026 20:30,29.2,8.35,5.69
20/02/2026 20:33,30.58,7.81,5.47
20/02/2026 20:36,28.83,7.17,4.47
20/02/2026 20:39,28.66,8.15,6.43
20/02/2026 20:42,28.38,7.77,7.44
20/02/2026 20:45,30.28,7.85,6.17
20/02/2026 20:48,27.62,7.04,6.53
20/02/2026 20:51,29.7,7.93,8.9
20/02/2026 20:54,28.28,7.21,3.83
20/02/2026 20:57,29.36,8.01,7.63
20/02/2026 21:00,30.97,7.33,7.32
20/02/2026 21:03,30.77,7.07,5.09
20/02/2026 21:06,29.69,7.25,7.23
20/02/2026 21:09,28.71,7.72,5.93
20/02/2026 21:12,29.77,7.52,5.17
20/02/2026 21:15,29.54,7.91,6.98
20/02/2026 21:18,30.91,7.53,7.56
20/02/2026 21:21,28.05,8.17,5.05
20/02/2026 21:24,25.37,8.13,6.24
20/02/2026 21:27,28.93,7.8,6.32
20/02/2026 21:30,33.66,8.08,6.4
20/02/2026 21:33,29.21,7.78,4.34
20/02/2026 21:36,30.19,7.06,7.18
20/02/2026 21:39,30.25,7.13,4.16
20/02/2026 21:42,30.2,7.35,5.64
20/02/2026 21:45,29.71,8.37,6.69
20/02/2026 21:48,29.66,7.89,6.16
20/02/2026 21:51,28.87,7.62,6.48
20/02/2026 21:54,30.61,8.4,7.38
20/02/2026 21:57,29.28,7.1,6.85
20/02/2026 22:00,29.07,7.71,7.75
20/02/2026 22:03,30.39,7.32,7.56
20/02/2026 22:06,30.17,7.03,6.8
20/02/2026 22:09,28.96,7.06,3.69
20/02/2026 22:12,28.07,7.95,3.69
20/02/2026 22:15,28.03,6.91,6.88
20/02/2026 22:18,30.55,7.85,5.59
20/02/2026 22:21,28.45,8.33,7.41
20/02/2026 22:24,29.81,7.69,7.29
20/02/2026 22:27,29.77,8.27,5.86
20/02/2026 22:30,28.68,8.2,5.31
20/02/2026 22:33,29.34,7.7,6.07
20/02/2026 22:36,29.26,7.83,5.6
20/02/2026 22:39,29.51,7.52,7.67
20/02/2026 22:42,30.57,8.16,7.24
20/02/2026 22:45,30.75,7.89,6.4
20/02/2026 22:48,28.26,6.5,5.42
20/02/2026 22:51,29.29,8,5.24
20/02/2026 22:54,28.88,7.98,7.45
20/02/2026 22:57,30.36,7.47,5.66
20/02/2026 23:00,29.04,8.25,7.47
20/02/2026 23:03,29.46,8.08,6.37
20/02/2026 23:06,30.12,7.27,5.36
20/02/2026 23:09,29.91,7.94,7.96
20/02/2026 23:12,30.23,8.08,7.15
20/02/2026 23:15,29.29,7.4,5.33
20/02/2026 23:18,29.62,7.13,5.42
20/02/2026 23:21,28.82,7.01,6
20/02/2026 23:24,26.58,6.34,7.63
20/02/2026 23:27,30.33,8.11,6.22
20/02/2026 23:30,30.6,8.23,5.24
20/02/2026 23:33,28.91,8.09,7.01
20/02/2026 23:36,29.49,7.17,5.86
20/02/2026 23:39,28.31,7.96,5.99
20/02/2026 23:42,28.34,7.81,7.03
20/02/2026 23:45,28.43,8.26,5.93
20/02/2026 23:48,29.89,7.51,9.48
20/02/2026 23:51,30.36,7.01,5.11
20/02/2026 23:54,28.39,7.42,5.22
20/02/2026 23:57,30.99,8.29,5.14
21/02/2026 0:00,29.06,8.12,7.09
21/02/2026 0:03,30.68,7.77,6.73
21/02/2026 0:06,31,8.3,6.83
21/02/2026 0:09,30.52,7.29,5.41
21/02/2026 0:12,29.14,7.72,5.35
21/02/2026 0:15,28.07,7.06,4.16
21/02/2026 0:18,31.49,7.81,6.25
21/02/2026 0:21,29.52,8.36,7.57
21/02/2026 0:24,29.46,7.32,5.06
21/02/2026 0:27,28.01,7.68,6.6
21/02/2026 0:30,30.61,7.5,7.51
21/02/2026 0:33,28.44,8.26,3.76
21/02/2026 0:36,29.88,8.04,7.45
21/02/2026 0:39,28.79,7.72,6.06
21/02/2026 0:42,29.24,7.21,7.18
21/02/2026 0:45,29.41,6.54,7.37
21/02/2026 0:48,29.76,7.82,6.3
21/02/2026 0:51,29.56,7.55,7.79
21/02/2026 0:54,29.09,7.48,7.57
21/02/2026 0:57,28.12,7.38,9.56
21/02/2026 1:00,28.38,7.34,6.41
21/02/2026 1:03,29.87,7.93,5.31
21/02/2026 1:06,29.82,7.78,7.65
21/02/2026 1:09,30,7.45,6.38
21/02/2026 1:12,28.24,8.31,8.32
21/02/2026 1:15,28.75,7.33,5.7
21/02/2026 1:18,33.83,7.78,5.16
21/02/2026 1:21,28.7,8.53,6.48
21/02/2026 1:24,30.44,8.26,8.95
21/02/2026 1:27,30.28,7.87,6.16
21/02/2026 1:30,30.25,8.47,6.17
21/02/2026 1:33,30.92,8.49,7.95
21/02/2026 1:36,30.75,8.65,7.22
21/02/2026 1:39,29.93,7.11,7.66
21/02/2026 1:42,29.53,7.34,6.31
21/02/2026 1:45,30.45,7.5,5.73
21/02/2026 1:48,29.65,7.57,5.1
21/02/2026 1:51,30.3,6.84,7.9
21/02/2026 1:54,28.54,8.5,7.88
21/02/2026 1:57,29.54,7.4,4
21/02/2026 2:00,33.84,7.38,7.19
21/02/2026 2:03,29.45,8.23,5.04
21/02/2026 2:06,29.45,8.7,6.88
21/02/2026 2:09,29.56,6.67,5.2
21/02/2026 2:12,29.84,8.06,4.38
21/02/2026 2:15,29.82,7.76,7.46
21/02/2026 2:18,30.86,8.37,7.52
21/02/2026 2:21,28.66,7.1,6.98
21/02/2026 2:24,28.43,8.13,5.16
21/02/2026 2:27,30.19,7.77,5.12
21/02/2026 2:30,28.73,7.1,6.08
21/02/2026 2:33,28.84,8.2,7.55
21/02/2026 2:36,28.54,8.37,7.41
21/02/2026 2:39,29.43,8.54,5.27
21/02/2026 2:42,27.33,7.1,7.15
21/02/2026 2:45,29.23,8,6.2
21/02/2026 2:48,30.93,7.17,7.73
21/02/2026 2:51,31.63,7.19,6.16
21/02/2026 2:54,30.03,7.8,5.17
21/02/2026 2:57,29.75,7.02,6.55
21/02/2026 3:00,27.22,7.13,5.26
21/02/2026 3:03,29.73,8.05,6.03
21/02/2026 3:06,28.86,9,7.52
21/02/2026 3:09,30.66,7.56,7.73
21/02/2026 3:12,28.35,8.42,5.95
21/02/2026 3:15,30.21,8.01,4.67
21/02/2026 3:18,28.37,7.84,7.99
21/02/2026 3:21,29.5,7.32,6.31
21/02/2026 3:24,28.65,7.2,5.21
21/02/2026 3:27,29.66,7.94,5.87
21/02/2026 3:30,28.59,7.77,5.72
21/02/2026 3:33,29.51,8.38,6.95
21/02/2026 3:36,28.09,7.44,6.57
21/02/2026 3:39,28.74,7.94,5.6
21/02/2026 3:42,30.21,7.72,5.53
21/02/2026 3:45,31.77,7.26,7.58
21/02/2026 3:48,29.56,8.48,5.65
21/02/2026 3:51,29.49,7.56,7.02
21/02/2026 3:54,26.98,7.36,5.31
21/02/2026 3:57,33.04,7.41,5.65
21/02/2026 4:00,29.91,7.93,7.75
21/02/2026 4:03,29.58,7.67,5.32
21/02/2026 4:06,28.79,8.2,6.08
21/02/2026 4:09,30.67,6.58,6.71
21/02/2026 4:12,28.94,7.43,5.08
21/02/2026 4:15,28.05,7.7,7.12
21/02/2026 4:18,28.57,8.1,6.71
21/02/2026 4:21,29.23,7.11,7.14
21/02/2026 4:24,28.03,7.95,5.9
21/02/2026 4:27,29.64,7.26,6.51
21/02/2026 4:30,30.86,8.26,5.03
21/02/2026 4:33,29.68,7.54,7.06
21/02/2026 4:36,28.62,7.84,5.31
21/02/2026 4:39,28.19,7.63,6.12
21/02/2026 4:42,29.62,8.46,5.13
21/02/2026 4:45,30.06,7.8,7.08
21/02/2026 4:48,29.92,7.08,6.91
21/02/2026 4:51,29.7,7.88,6.37
21/02/2026 4:54,29.1,7.82,6.9
21/02/2026 4:57,32.03,7.84,5.51
21/02/2026 5:00,29.17,7.7,7.83
21/02/2026 5:03,30.59,8.15,7.5
21/02/2026 5:06,28.15,7.13,4.18
21/02/2026 5:09,28.9,7.73,7.14
21/02/2026 5:12,28.86,8.01,9.72
21/02/2026 5:15,30.94,8.07,5.39
21/02/2026 5:18,29.51,8.64,5.18
21/02/2026 5:21,28.54,7.23,6.09
21/02/2026 5:24,31.4,7.97,6.69
21/02/2026 5:27,30.54,7.49,5.2
21/02/2026 5:30,29.12,8.2,6.58
21/02/2026 5:33,32.48,7.29,6.24
21/02/2026 5:36,29.16,8.48,6.42
21/02/2026 5:39,29.01,9.09,5.19
21/02/2026 5:42,28.45,8.12,7.39
21/02/2026 5:45,29.34,7.38,6.34
21/02/2026 5:48,29.65,8.78,6.42
21/02/2026 5:51,29.36,7.96,7.87
21/02/2026 5:54,29.14,7.29,7.22
21/02/2026 5:57,28.69,7.69,6.31
21/02/2026 6:00,30.58,7.52,7.51
21/02/2026 6:03,30.59,7.96,4.35
21/02/2026 6:06,29.69,9.05,3.59
21/02/2026 6:09,30.13,6.93,7.2
21/02/2026 6:12,30.73,8.25,6.49
21/02/2026 6:15,28.48,7.31,5.13
21/02/2026 6:18,28.38,7.65,6.41
21/02/2026 6:21,28.6,7.57,7.99
21/02/2026 6:24,31.02,8.32,9.04
21/02/2026 6:27,29.77,7.75,6.44
21/02/2026 6:30,28.22,7.41,9.36
21/02/2026 6:33,30.2,8.5,5.42
21/02/2026 6:36,28.15,7.6,6.8
21/02/2026 6:39,28.08,7.32,7.39
21/02/2026 6:42,30.9,8.25,6.35
21/02/2026 6:45,29.06,7.63,5.95
21/02/2026 6:48,29.68,6.72,7.79
21/02/2026 6:51,29.45,7.82,3.51
21/02/2026 6:54,29.94,7.24,6.78
21/02/2026 6:57,26.7,8.71,5.07
21/02/2026 7:00,30.83,7.56,5.85
21/02/2026 7:03,29.67,7.91,6.84
21/02/2026 7:06,28.97,7.27,5.89
21/02/2026 7:09,25.66,7.93,4.13
21/02/2026 7:12,28.12,8.28,5.21
21/02/2026 7:15,31.74,7.57,5.27
21/02/2026 7:18,29.93,7.32,7.04
21/02/2026 7:21,29.26,7.07,6.72
21/02/2026 7:24,30.87,7.23,7.28
21/02/2026 7:27,29.76,8.19,5.02
21/02/2026 7:30,29.9,7.42,7.37
21/02/2026 7:33,25.72,6.64,6.2
21/02/2026 7:36,29.92,7.14,5.27
21/02/2026 7:39,29.63,8.16,6.56
21/02/2026 7:42,29.16,8.16,6.68
21/02/2026 7:45,29.38,7.6,7.86
21/02/2026 7:48,30.05,8.85,7.82
21/02/2026 7:51,28.72,8.84,7.33
21/02/2026 7:54,28.55,7.48,6.14
21/02/2026 7:57,30.7,7.04,4.7
21/02/2026 8:00,30.05,7.72,6.95
21/02/2026 8:03,25.03,7.07,9.83
21/02/2026 8:06,30.61,8.49,7.14
21/02/2026 8:09,29.1,7.42,6.8
21/02/2026 8:12,29.73,8.31,5.53
21/02/2026 8:15,29.81,8.18,6.34
21/02/2026 8:18,30.68,7.52,8.61
21/02/2026 8:21,30.63,8.28,6.16
21/02/2026 8:24,28.78,7.79,9.87
21/02/2026 8:27,30.91,8.34,7.46
21/02/2026 8:30,29.12,8.19,5.65
21/02/2026 8:33,29.83,7.33,6.26
21/02/2026 8:36,30.98,8.38,7.5
21/02/2026 8:39,29.22,7.52,6.83
21/02/2026 8:42,29.93,8.06,6.94
21/02/2026 8:45,30.96,7.41,6.76
21/02/2026 8:48,29.89,7.53,7.19
21/02/2026 8:51,29.97,7.03,7.77
21/02/2026 8:54,30.36,8.77,4.44
21/02/2026 8:57,30.36,7.8,7.74
21/02/2026 9:00,26.34,7.39,7.53
21/02/2026 9:03,30.84,7.14,5.14
21/02/2026 9:06,29.95,7.04,6.35
21/02/2026 9:09,28.75,7.42,7.07
21/02/2026 9:12,28.18,8.02,6.22
21/02/2026 9:15,28.24,8.23,7.47
21/02/2026 9:18,30.89,7.87,6.01
21/02/2026 9:21,30.47,7.32,5.71
21/02/2026 9:24,29.78,7,6.62
21/02/2026 9:27,30.7,7.86,5.43
21/02/2026 9:30,25.8,7.62,6.2
21/02/2026 9:33,30.61,7.67,6.23
21/02/2026 9:36,29.08,8.27,5.73
21/02/2026 9:39,30.43,7.08,5.13
21/02/2026 9:42,28.6,6.85,6.71
21/02/2026 9:45,25.72,7.24,5.92
21/02/2026 9:48,30.95,7.93,6.84
21/02/2026 9:51,28.95,7,7.26
21/02/2026 9:54,28.84,7.73,5.96
21/02/2026 9:57,28.55,7.18,6.21
21/02/2026 10:00,26.92,8.09,9.77
21/02/2026 10:03,29.67,7.2,7.65
21/02/2026 10:06,30.7,8.22,5.82
21/02/2026 10:09,29.66,7.86,5.01
21/02/2026 10:12,28.12,8.34,5.8
21/02/2026 10:15,28.16,7.2,6.17
21/02/2026 10:18,29.55,7.38,5.52
21/02/2026 10:21,30.67,7.83,7.38
21/02/2026 10:24,29.75,7.32,7.92
21/02/2026 10:27,30.24,7.71,6.64
21/02/2026 10:30,30.51,7.37,7.39
21/02/2026 10:33,28.39,7.62,5.22
21/02/2026 10:36,29.29,8.01,4.58
21/02/2026 10:39,28.01,7.75,7.48
21/02/2026 10:42,29.26,8.36,6.71
21/02/2026 10:45,30.58,8,5.48
21/02/2026 10:48,30.36,7.47,6.81
21/02/2026 10:51,29,8.13,7.57
21/02/2026 10:54,30.14,7.43,6.3
21/02/2026 10:57,30.14,8.46,5.32
21/02/2026 11:00,29.47,6.38,7.4
21/02/2026 11:03,28.31,7.13,6.98
21/02/2026 11:06,30.78,7.65,5.7
21/02/2026 11:09,29.72,7.42,7.09
21/02/2026 11:12,28.54,7.97,7.37
21/02/2026 11:15,30.02,6.42,7.11
21/02/2026 11:18,30.31,8.26,7.29
21/02/2026 11:21,28.33,8.45,6.64
21/02/2026 11:24,29.27,6.58,4.7
21/02/2026 11:27,30.85,7.64,7.68
21/02/2026 11:30,29.76,7.93,6.63
21/02/2026 11:33,32.86,8.39,5.86
21/02/2026 11:36,30.35,7.81,5.83
21/02/2026 11:39,28.45,7.19,5.31
21/02/2026 11:42,33.93,8.18,6.24
21/02/2026 11:45,28.8,8.49,5.37
21/02/2026 11:48,31.18,7,9.43
21/02/2026 11:51,31.27,7.86,6.68
21/02/2026 11:54,30.89,8.87,7.99
21/02/2026 11:57,28.24,8.21,7.5
21/02/2026 12:00,30.68,8.01,6.03
21/02/2026 12:03,28.19,8.27,5.45
21/02/2026 12:06,29.78,8.02,6.63
21/02/2026 12:09,28.04,7.44,6.81
21/02/2026 12:12,25.47,7.72,3.6
21/02/2026 12:15,30.71,8.34,6.6
21/02/2026 12:18,29.6,8.74,7.59
21/02/2026 12:21,29.61,7.25,5.63
21/02/2026 12:24,29.17,7.13,7.94
21/02/2026 12:27,30.09,6.56,6.71
21/02/2026 12:30,30,7.38,7.63
21/02/2026 12:33,29.81,8.08,6.52
21/02/2026 12:36,29.38,7.08,6.98
21/02/2026 12:39,28.57,8.17,5.89
21/02/2026 12:42,29.74,8.45,7.26
21/02/2026 12:45,30.82,7.36,6.03
21/02/2026 12:48,28.9,8.58,5.3
21/02/2026 12:51,32.39,8.25,5.83
21/02/2026 12:54,29.38,7.85,8.92
21/02/2026 12:57,28.17,7.39,6.85
21/02/2026 13:00,28.26,8.09,7.78
21/02/2026 13:03,25.71,7.44,6.36
21/02/2026 13:06,28.6,8.3,5.84
21/02/2026 13:09,29.89,7.68,7.39
21/02/2026 13:12,28.82,7.99,5.79
21/02/2026 13:15,30.85,8.19,7.47
21/02/2026 13:18,29.25,7.31,7.06
21/02/2026 13:21,29.87,7.07,7.39
21/02/2026 13:24,29.7,7.92,3.57
21/02/2026 13:27,29.49,7.62,6.95
21/02/2026 13:30,29.2,7.16,5.31
21/02/2026 13:33,29.34,7.34,7.59
21/02/2026 13:36,30.99,7.95,5.75
21/02/2026 13:39,28.28,9.1,7.26
21/02/2026 13:42,30.9,7.77,6.9
21/02/2026 13:45,28.76,7.23,5.22
21/02/2026 13:48,30.39,7.74,7.6
21/02/2026 13:51,28.69,8.17,7.73
21/02/2026 13:54,33.47,8.23,6.54
21/02/2026 13:57,29.17,8.49,5.53
21/02/2026 14:00,30.14,7.42,5.73
21/02/2026 14:03,30.77,7.46,7.55
21/02/2026 14:06,29.31,7.91,6.18
21/02/2026 14:09,29.83,8.57,7
21/02/2026 14:12,29.04,7.21,5.27
21/02/2026 14:15,28.63,7.72,7.75
21/02/2026 14:18,30.82,7.42,5.52
21/02/2026 14:21,30.82,7.82,6.24
21/02/2026 14:24,30.93,8.22,7
21/02/2026 14:27,30.93,8.02,7.01
21/02/2026 14:30,30.71,8.17,6.5
21/02/2026 14:33,29.68,7.73,9.26
21/02/2026 14:36,28.93,8.14,6.02
21/02/2026 14:39,29.17,8.14,5.44
21/02/2026 14:42,28.88,7.76,5.18
21/02/2026 14:45,28.95,7.52,7.48
21/02/2026 14:48,30.3,6.68,7.69
21/02/2026 14:51,30.82,7.58,5.32
21/02/2026 14:54,29.71,7.71,6.74
21/02/2026 14:57,30.14,8.04,6.14
21/02/2026 15:00,28.82,7.9,5.9
21/02/2026 15:03,30.69,8.13,6.72
21/02/2026 15:06,29.59,8.48,7.33
21/02/2026 15:09,27.24,7.88,6.95
21/02/2026 15:12,29.99,8.46,7.34
21/02/2026 15:15,30.59,8.29,7.27
21/02/2026 15:18,28.95,8.14,7.17
21/02/2026 15:21,28.56,8.22,6.72
21/02/2026 15:24,31.51,7.12,7.16
21/02/2026 15:27,29.67,7.34,7.6
21/02/2026 15:30,30.45,8.14,6.1
21/02/2026 15:33,30.57,7.9,4.89
21/02/2026 15:36,28.15,7.3,6.84
21/02/2026 15:39,26.19,8.13,5.16
21/02/2026 15:42,30.38,7.65,5.28
21/02/2026 15:45,28.83,7.45,6.32
21/02/2026 15:48,28.32,8.44,7.09
21/02/2026 15:51,28.89,8.01,7.69
21/02/2026 15:54,28.37,7.26,4.3
21/02/2026 15:57,29.12,7.33,5.34
21/02/2026 16:00,29.45,8.14,7.1
21/02/2026 16:03,30.77,8.65,7.09
21/02/2026 16:06,30.62,7.03,7.69
21/02/2026 16:09,30.26,8.23,6.78
21/02/2026 16:12,28.29,7.02,6.98
21/02/2026 16:15,27.3,7.65,5.12
21/02/2026 16:18,29.35,8.29,5.91
21/02/2026 16:21,28.99,7.65,7.05
21/02/2026 16:24,32.73,8.54,7.06
21/02/2026 16:27,30.93,7.65,6.1
21/02/2026 16:30,25.54,7.67,6.19
21/02/2026 16:33,30.74,7.43,6.05
21/02/2026 16:36,30.74,8.1,6.88
21/02/2026 16:39,30.52,7.39,7.84
21/02/2026 16:42,32.01,8.15,7.25
21/02/2026 16:45,30.25,8.38,4.15
21/02/2026 16:48,30.13,7.1,6.15
21/02/2026 16:51,29.58,7.02,6.77
21/02/2026 16:54,29.75,8.12,8.5
21/02/2026 16:57,32.41,8.14,3.72
21/02/2026 17:00,29.44,7.35,6.37
21/02/2026 17:03,29.52,6.96,7.94
21/02/2026 17:06,28.48,7.49,4.18
21/02/2026 17:09,31.44,7.32,7.31
21/02/2026 17:12,28.73,7.24,5.25
21/02/2026 17:15,28.7,7.46,6.94
21/02/2026 17:18,29.02,6.59,7.41
21/02/2026 17:21,29.4,7.11,6.87
21/02/2026 17:24,29.33,7.64,7.41
21/02/2026 17:27,30.75,8.15,7.96
21/02/2026 17:30,28.49,8.05,7.29
21/02/2026 17:33,29.3,7.5,3.94
21/02/2026 17:36,28.75,7.52,6.27
21/02/2026 17:39,30.91,8.36,7.58
21/02/2026 17:42,29.52,8.92,7.2
21/02/2026 17:45,29.79,8,7.93
21/02/2026 17:48,30.88,7.47,7.19
21/02/2026 17:51,30.06,7.49,6.35
21/02/2026 17:54,29.54,7.14,5.87
21/02/2026 17:57,26.15,7.59,5.92
21/02/2026 18:00,29.09,6.3,7.55
21/02/2026 18:03,30.32,7.19,6.06
21/02/2026 18:06,26.87,7.2,7.56
21/02/2026 18:09,29.23,7.15,5.55
21/02/2026 18:12,30.27,7.24,5.39
21/02/2026 18:15,28.6,7.5,8.04
21/02/2026 18:18,28.07,7.2,6
21/02/2026 18:21,28.94,7.64,7.93
21/02/2026 18:24,30.16,7.78,5.82
21/02/2026 18:27,30.98,7.89,7.46
21/02/2026 18:30,28.61,6.72,6.08
21/02/2026 18:33,30.44,7.08,5.01
21/02/2026 18:36,29.81,7.12,7.38
21/02/2026 18:39,29.42,7.64,7.18
21/02/2026 18:42,30.75,7.15,5.98
21/02/2026 18:45,29.65,7.1,7.78
21/02/2026 18:48,29.66,8.5,6.81
21/02/2026 18:51,26.75,7.46,5.96
21/02/2026 18:54,28.11,7.24,6.72
21/02/2026 18:57,29.87,8.12,5.62
21/02/2026 19:00,30.33,7.68,7.59
21/02/2026 19:03,29.75,8.44,5.66
21/02/2026 19:06,30.42,7.23,7.94
21/02/2026 19:09,29.77,7.27,3.88
21/02/2026 19:12,30.1,8.35,7.07
21/02/2026 19:15,28.85,8.47,7.39
21/02/2026 19:18,28.46,8.82,6.12
21/02/2026 19:21,29.7,8.43,9.57
21/02/2026 19:24,30.2,8.45,5.79
21/02/2026 19:27,29.64,6.41,6.75
21/02/2026 19:30,28.53,7.01,6.75
21/02/2026 19:33,30.42,8.13,6.76
21/02/2026 19:36,28.53,7.1,7.29
21/02/2026 19:39,29.25,7.63,5.02
21/02/2026 19:42,30.58,6.94,6.92
21/02/2026 19:45,28.61,7.69,6.25
21/02/2026 19:48,28.91,7.42,5.26
21/02/2026 19:51,30.87,7.99,5.45
21/02/2026 19:54,29.49,7.34,5.7
21/02/2026 19:57,28.79,7.79,7.19
21/02/2026 20:00,28.02,7.52,7.13
21/02/2026 20:03,29.52,7.92,9.43
21/02/2026 20:06,30.6,7.84,5.35
21/02/2026 20:09,28.77,7.21,6.04
21/02/2026 20:12,29.82,6.71,5.73
21/02/2026 20:15,28.14,6.74,6.89
21/02/2026 20:18,25.89,7.86,5.2
21/02/2026 20:21,28.01,8.91,5.01
21/02/2026 20:24,29.66,7.24,6.6
21/02/2026 20:27,33.54,7.62,6.22
21/02/2026 20:30,28.33,7.93,7.58
21/02/2026 20:33,32.26,8.19,6.85
21/02/2026 20:36,30.93,8.16,7.69
21/02/2026 20:39,27.98,8.35,7.44
21/02/2026 20:42,29.93,9.04,7.31
21/02/2026 20:45,29.48,8.03,5.39
21/02/2026 20:48,29.32,7.46,7.91
21/02/2026 20:51,28.3,6.73,9.16
21/02/2026 20:54,26.17,7.64,7.1
21/02/2026 20:57,30.16,7.64,5.21
21/02/2026 21:00,30.9,7.56,6.9
21/02/2026 21:03,29.67,7.67,7.15
21/02/2026 21:06,29.7,8.14,7.39
21/02/2026 21:09,28.6,7.79,7.64
21/02/2026 21:12,28.6,8.5,6.01
21/02/2026 21:15,26.92,8.3,6.27
21/02/2026 21:18,28.06,7.85,7.06
21/02/2026 21:21,30.13,7.31,5.48
21/02/2026 21:24,30.35,7.58,6.19
21/02/2026 21:27,25.5,6.89,6.68
21/02/2026 21:30,29.82,7.21,5.92
21/02/2026 21:33,28.27,7.33,6.09
21/02/2026 21:36,28.28,8.17,5.63
21/02/2026 21:39,29.01,8.39,7.87
21/02/2026 21:42,30.02,6.42,7.85
21/02/2026 21:45,31.08,8.07,7.25
21/02/2026 21:48,25.52,7.16,7
21/02/2026 21:51,25.04,7.8,6.8
21/02/2026 21:54,30.43,8.31,7.44
21/02/2026 21:57,29.94,7.28,5.09
21/02/2026 22:00,28.26,7.37,5.3
21/02/2026 22:03,29.25,8.39,5.55
21/02/2026 22:06,28.34,8.22,6.19
21/02/2026 22:09,29.15,8.23,6.9
21/02/2026 22:12,32.84,6.58,5.1
21/02/2026 22:15,30.7,7.78,6.01
21/02/2026 22:18,30.49,7.9,7.09
21/02/2026 22:21,25.71,8.32,4.62
21/02/2026 22:24,29.9,8.07,5.89
21/02/2026 22:27,28.63,6.6,7.76
21/02/2026 22:30,28.31,6.52,5.68
21/02/2026 22:33,30.55,7.58,3.55
21/02/2026 22:36,29.51,7.82,6.51
21/02/2026 22:39,28.25,8.36,6.89
21/02/2026 22:42,30.63,6.3,6.79
21/02/2026 22:45,29.63,8.06,5.9
21/02/2026 22:48,30.81,7.79,7.15
21/02/2026 22:51,28.11,7.19,5.44
21/02/2026 22:54,28.7,8.72,7.72
21/02/2026 22:57,29,7.18,7.7
21/02/2026 23:00,28.35,7.08,5.91
21/02/2026 23:03,28.54,7.14,6.66
21/02/2026 23:06,29.65,7.55,5.01
21/02/2026 23:09,28.94,7.68,7.66
21/02/2026 23:12,29.4,7.14,6.02
21/02/2026 23:15,31.77,7.35,5.18
21/02/2026 23:18,28.36,7.68,6.74
21/02/2026 23:21,30.9,8.29,6.35
21/02/2026 23:24,29.55,8.11,4.23
21/02/2026 23:27,28.99,8.44,5.84
21/02/2026 23:30,29.52,7.85,7.76
21/02/2026 23:33,30.03,7.46,5.07
21/02/2026 23:36,29.32,8.17,8.95
21/02/2026 23:39,29.61,6.49,6.79
21/02/2026 23:42,29.52,8.04,7.53
21/02/2026 23:45,29.98,8.06,6.78
21/02/2026 23:48,28.84,7.83,7.98
21/02/2026 23:51,30.3,7.15,8.49
21/02/2026 23:54,29.31,7.36,5.85
21/02/2026 23:57,30.56,8.44,5.1
22/02/2026 0:00,33.28,7.24,4.27
22/02/2026 0:03,29.08,7.68,7.56
22/02/2026 0:06,28.6,7.13,7.48
22/02/2026 0:09,28.82,7.83,5.9
22/02/2026 0:12,28.25,7.7,7.2
22/02/2026 0:15,29.96,7.41,5.89
22/02/2026 0:18,28.72,7.67,5.38
22/02/2026 0:21,29.2,7.34,6.31
22/02/2026 0:24,28.88,7.35,7.7
22/02/2026 0:27,28.78,8.46,7.92
22/02/2026 0:30,30.76,8.2,7.38
22/02/2026 0:33,30.93,7.34,7.41
22/02/2026 0:36,30.28,7.08,7.39
22/02/2026 0:39,30.75,7.24,6.67
22/02/2026 0:42,28.67,7.04,4.32
22/02/2026 0:45,28.03,7.28,7.3
22/02/2026 0:48,29,7.46,6.93
22/02/2026 0:51,28.56,8.13,5.92
22/02/2026 0:54,28.47,7.86,5.37
22/02/2026 0:57,30.96,7.13,6.66
22/02/2026 1:00,28.55,8.39,6.07
22/02/2026 1:03,29.08,8.09,7.28
22/02/2026 1:06,28.1,7.77,5.38
22/02/2026 1:09,30.1,7.86,7.37
22/02/2026 1:12,29.46,7.94,6.36
22/02/2026 1:15,28.38,7.91,7.85
22/02/2026 1:18,28.81,8.29,6.19
22/02/2026 1:21,31.04,8.06,5.46
22/02/2026 1:24,28.16,8.04,7.62
22/02/2026 1:27,32.25,7.99,7.74
22/02/2026 1:30,30.93,8.08,7.72
22/02/2026 1:33,28.92,7.32,7.94
22/02/2026 1:36,28.19,6.73,8.15
22/02/2026 1:39,30.61,8.13,7.1
22/02/2026 1:42,29.64,7.66,5.19
22/02/2026 1:45,29.71,8.75,6.38
22/02/2026 1:48,29.15,8.07,5.56
22/02/2026 1:51,29.98,8.49,6.18
22/02/2026 1:54,28.91,8.34,6.01
22/02/2026 1:57,29.78,8.35,5.45
22/02/2026 2:00,28.74,7.76,5.4
22/02/2026 2:03,25.6,7.18,7.89
22/02/2026 2:06,27.39,7.13,7.81
22/02/2026 2:09,29.28,8.45,5.75
22/02/2026 2:12,28.72,7.88,5.01
22/02/2026 2:15,30.76,7.8,7.28
22/02/2026 2:18,29.46,8,6.3
22/02/2026 2:21,29.8,7.67,7.02
22/02/2026 2:24,29.81,7.86,5.94
22/02/2026 2:27,30.64,8.15,7.55
22/02/2026 2:30,29.51,8,6.1
22/02/2026 2:33,30.87,7.3,5.12
22/02/2026 2:36,30.41,8.11,6.05
22/02/2026 2:39,30.67,8.24,7.7
22/02/2026 2:42,29.76,7.69,5.04
22/02/2026 2:45,28.9,7.64,5.81
22/02/2026 2:48,28.51,7.72,7.9
22/02/2026 2:51,30.03,7.33,7.15
22/02/2026 2:54,28.14,7.92,6.6
22/02/2026 2:57,29.75,8.42,7.95
22/02/2026 3:00,29.29,7.69,9.78
22/02/2026 3:03,28.58,7.83,7.94
22/02/2026 3:06,25.53,7.37,6.32
22/02/2026 3:09,30.62,7.79,4.65
22/02/2026 3:12,26.11,7.11,7.46
22/02/2026 3:15,32.92,6.59,6.71
22/02/2026 3:18,28.83,7.75,6.6
22/02/2026 3:21,28.34,7.21,5.18
22/02/2026 3:24,28.82,7.15,6.6
22/02/2026 3:27,29.36,7.7,7.19
22/02/2026 3:30,29.69,8.48,8.59
22/02/2026 3:33,27.78,7.64,5.55
22/02/2026 3:36,30.85,7.09,7.42
22/02/2026 3:39,29.07,7.08,6.39
22/02/2026 3:42,30.46,8.26,6.49
22/02/2026 3:45,30.35,8.15,7.14
22/02/2026 3:48,28.95,8.15,6.95
22/02/2026 3:51,29.97,7.08,7.69
22/02/2026 3:54,30.03,8.45,6.78
22/02/2026 3:57,31.97,7.37,5.66
22/02/2026 4:00,28.59,7.77,6.06
22/02/2026 4:03,30.8,7.15,7.78
22/02/2026 4:06,28.19,7.06,6.94
22/02/2026 4:09,28.19,8.19,7.11
22/02/2026 4:12,29.66,7.19,8.18
22/02/2026 4:15,28.94,8.09,6.08
22/02/2026 4:18,29.66,7.03,5.19
22/02/2026 4:21,28.89,7.06,7.79
22/02/2026 4:24,30.66,7.81,6.85
22/02/2026 4:27,29.36,8.26,7.11
22/02/2026 4:30,28.34,8.37,7.92
22/02/2026 4:33,28.82,8.49,7
22/02/2026 4:36,28.48,7.06,6.28
22/02/2026 4:39,30.97,8.34,6.45
22/02/2026 4:42,30.29,8.46,5.23
22/02/2026 4:45,28.72,6.88,5.32
22/02/2026 4:48,28.62,8.46,6.32
22/02/2026 4:51,30.13,8.28,5.82
22/02/2026 4:54,30.35,8.03,5.95
22/02/2026 4:57,32.12,7.29,5.81
22/02/2026 5:00,29.49,7.99,5.93
22/02/2026 5:03,30.77,7.87,6.29
22/02/2026 5:06,29.3,8.46,7.78
22/02/2026 5:09,29.79,8.15,5.82
22/02/2026 5:12,28.19,8.14,6.6
22/02/2026 5:15,29.62,7.52,6.38
22/02/2026 5:18,26.15,7.29,6.11
22/02/2026 5:21,28.69,6.81,4.31
22/02/2026 5:24,28.37,8.03,7.58
22/02/2026 5:27,29.09,8.18,5.26
22/02/2026 5:30,29.79,8.4,5.32
22/02/2026 5:33,30.54,8.32,7.09
22/02/2026 5:36,29,7.26,6.63
22/02/2026 5:39,29.55,8.89,5.01
22/02/2026 5:42,30,7.42,5.78
22/02/2026 5:45,28.03,7.2,7.53
22/02/2026 5:48,29.69,7.52,5.01
22/02/2026 5:51,29.81,7.39,5.37
22/02/2026 5:54,28.36,8.12,7.11
22/02/2026 5:57,29.34,7,5.97
22/02/2026 6:00,29.32,7.18,6.13
22/02/2026 6:03,30.24,7.44,5.08
22/02/2026 6:06,28.95,8.39,6.24
22/02/2026 6:09,29.09,7.48,6.98
22/02/2026 6:12,28.18,6.98,7.59
22/02/2026 6:15,28.74,7.8,9.56
22/02/2026 6:18,29.96,8.15,5.48
22/02/2026 6:21,28.95,6.71,5.08
22/02/2026 6:24,29.78,7.62,6.24
22/02/2026 6:27,29.08,8.74,7.81
22/02/2026 6:30,29.77,8.04,6.53
22/02/2026 6:33,29.95,8.27,6.93
22/02/2026 6:36,29.22,7.9,5.26
22/02/2026 6:39,30.66,7.22,5.31
22/02/2026 6:42,28.02,8.38,7.13
22/02/2026 6:45,28.39,7.72,7.55
22/02/2026 6:48,29.66,7.71,7.48
22/02/2026 6:51,28.48,7.61,5.3
22/02/2026 6:54,28.89,7.3,6.58
22/02/2026 6:57,28.72,7.47,7.71
22/02/2026 7:00,29.58,7.19,7.93
22/02/2026 7:03,28.74,7.58,9.27
22/02/2026 7:06,29.36,8.95,6.96
22/02/2026 7:09,29.9,8.61,7.01
22/02/2026 7:12,28.74,7.55,9.72
22/02/2026 7:15,28.54,7.77,7.77
22/02/2026 7:18,31.47,7.52,5.53
22/02/2026 7:21,30.97,7.86,6.11
22/02/2026 7:24,28.55,8.36,5.58
22/02/2026 7:27,29,8.25,7.02
22/02/2026 7:30,29.2,8.35,5.69
22/02/2026 7:33,30.58,7.81,5.47
22/02/2026 7:36,28.83,7.17,4.47
22/02/2026 7:39,28.66,8.15,6.43
22/02/2026 7:42,28.38,7.77,7.44
22/02/2026 7:45,30.28,7.85,6.17
22/02/2026 7:48,27.62,7.04,6.53
22/02/2026 7:51,29.7,7.93,8.9
22/02/2026 7:54,28.28,7.21,3.83
22/02/2026 7:57,29.36,8.01,7.63
22/02/2026 8:00,30.97,7.33,7.32
22/02/2026 8:03,30.77,7.07,5.09
22/02/2026 8:06,29.69,7.25,7.23
22/02/2026 8:09,28.71,7.72,5.93
22/02/2026 8:12,29.77,7.52,5.17
22/02/2026 8:15,29.54,7.91,6.98
22/02/2026 8:18,30.91,7.53,7.56
22/02/2026 8:21,28.05,8.17,5.05
22/02/2026 8:24,25.37,8.13,6.24
22/02/2026 8:27,28.93,7.8,6.32
22/02/2026 8:30,33.66,8.08,6.4
22/02/2026 8:33,29.21,7.78,4.34
22/02/2026 8:36,30.19,7.06,7.18
22/02/2026 8:39,30.25,7.13,4.16
22/02/2026 8:42,30.2,7.35,5.64
22/02/2026 8:45,29.71,8.37,6.69
22/02/2026 8:48,29.66,7.89,6.16
22/02/2026 8:51,28.87,7.62,6.48
22/02/2026 8:54,30.61,8.4,7.38
22/02/2026 8:57,29.28,7.1,6.85
22/02/2026 9:00,29.07,7.71,7.75
22/02/2026 9:03,30.39,7.32,7.56
22/02/2026 9:06,30.17,7.03,6.8
22/02/2026 9:09,28.96,7.06,3.69
22/02/2026 9:12,28.07,7.95,3.69
22/02/2026 9:15,28.03,6.91,6.88
22/02/2026 9:18,30.55,7.85,5.59
22/02/2026 9:21,28.45,8.33,7.41
22/02/2026 9:24,29.81,7.69,7.29
22/02/2026 9:27,29.77,8.27,5.86
22/02/2026 9:30,28.68,8.2,5.31
22/02/2026 9:33,29.34,7.7,6.07
22/02/2026 9:36,29.26,7.83,5.6
22/02/2026 9:39,29.51,7.52,7.67
22/02/2026 9:42,30.57,8.16,7.24
22/02/2026 9:45,30.75,7.89,6.4
22/02/2026 9:48,28.26,6.5,5.42
22/02/2026 9:51,29.29,8,5.24
22/02/2026 9:54,28.88,7.98,7.45
22/02/2026 9:57,30.36,7.47,5.66
22/02/2026 10:00,29.04,8.25,7.47
22/02/2026 10:03,29.46,8.08,6.37
22/02/2026 10:06,30.12,7.27,5.36
22/02/2026 10:09,29.91,7.94,7.96
22/02/2026 10:12,30.23,8.08,7.15
22/02/2026 10:15,29.29,7.4,5.33
22/02/2026 10:18,29.62,7.13,5.42
22/02/2026 10:21,28.82,7.01,6
22/02/2026 10:24,26.58,6.34,7.63
22/02/2026 10:27,30.33,8.11,6.22
22/02/2026 10:30,30.6,8.23,5.24
22/02/2026 10:33,28.91,8.09,7.01
22/02/2026 10:36,29.49,7.17,5.86
22/02/2026 10:39,28.31,7.96,5.99
22/02/2026 10:42,28.34,7.81,7.03
22/02/2026 10:45,28.43,8.26,5.93
22/02/2026 10:48,29.89,7.51,9.48
22/02/2026 10:51,30.36,7.01,5.11
22/02/2026 10:54,28.39,7.42,5.22
22/02/2026 10:57,30.99,8.29,5.14
22/02/2026 11:00,29.06,8.12,7.09
22/02/2026 11:03,30.68,7.77,6.73
22/02/2026 11:06,31,8.3,6.83
22/02/2026 11:09,30.52,7.29,5.41
22/02/2026 11:12,29.14,7.72,5.35
22/02/2026 11:15,28.07,7.06,4.16
22/02/2026 11:18,31.49,7.81,6.25
22/02/2026 11:21,29.52,8.36,7.57
22/02/2026 11:24,29.46,7.32,5.06
22/02/2026 11:27,28.01,7.68,6.6
22/02/2026 11:30,30.61,7.5,7.51
22/02/2026 11:33,28.44,8.26,3.76
22/02/2026 11:36,29.88,8.04,7.45
22/02/2026 11:39,28.79,7.72,6.06
22/02/2026 11:42,29.24,7.21,7.18
22/02/2026 11:45,29.41,6.54,7.37
22/02/2026 11:48,29.76,7.82,6.3
22/02/2026 11:51,29.56,7.55,7.79
22/02/2026 11:54,29.09,7.48,7.57
22/02/2026 11:57,28.12,7.38,9.56
22/02/2026 12:00,28.38,7.34,6.41
22/02/2026 12:03,29.87,7.93,5.31
22/02/2026 12:06,29.82,7.78,7.65
22/02/2026 12:09,30,7.45,6.38
22/02/2026 12:12,28.24,8.31,8.32
22/02/2026 12:15,28.75,7.33,5.7
22/02/2026 12:18,33.83,7.78,5.16
22/02/2026 12:21,28.7,8.53,6.48
22/02/2026 12:24,30.44,8.26,8.95
22/02/2026 12:27,30.28,7.87,6.16
22/02/2026 12:30,30.25,8.47,6.17
22/02/2026 12:33,30.92,8.49,7.95
22/02/2026 12:36,30.75,8.65,7.22
22/02/2026 12:39,29.93,7.11,7.66
22/02/2026 12:42,29.53,7.34,6.31
22/02/2026 12:45,30.45,7.5,5.73
22/02/2026 12:48,29.65,7.57,5.1
22/02/2026 12:51,30.3,6.84,7.9
22/02/2026 12:54,28.54,8.5,7.88
22/02/2026 12:57,29.54,7.4,4
22/02/2026 13:00,33.84,7.38,7.19
22/02/2026 13:03,29.45,8.23,5.04
22/02/2026 13:06,29.45,8.7,6.88
22/02/2026 13:09,29.56,6.67,5.2
22/02/2026 13:12,29.84,8.06,4.38
22/02/2026 13:15,29.82,7.76,7.46
22/02/2026 13:18,30.86,8.37,7.52
22/02/2026 13:21,28.66,7.1,6.98
22/02/2026 13:24,28.43,8.13,5.16
22/02/2026 13:27,30.19,7.77,5.12
22/02/2026 13:30,28.73,7.1,6.08
22/02/2026 13:33,28.84,8.2,7.55
22/02/2026 13:36,28.54,8.37,7.41
22/02/2026 13:39,29.43,8.54,5.27
22/02/2026 13:42,27.33,7.1,7.15
22/02/2026 13:45,29.23,8,6.2
22/02/2026 13:48,30.93,7.17,7.73
22/02/2026 13:51,31.63,7.19,6.16
22/02/2026 13:54,30.03,7.8,5.17
22/02/2026 13:57,29.75,7.02,6.55
22/02/2026 14:00,27.22,7.13,5.26
22/02/2026 14:03,29.73,8.05,6.03
22/02/2026 14:06,28.86,9,7.52
22/02/2026 14:09,30.66,7.56,7.73
22/02/2026 14:12,28.35,8.42,5.95
22/02/2026 14:15,30.21,8.01,4.67
22/02/2026 14:18,28.37,7.84,7.99
22/02/2026 14:21,29.5,7.32,6.31
22/02/2026 14:24,28.65,7.2,5.21
22/02/2026 14:27,29.66,7.94,5.87
22/02/2026 14:30,28.59,7.77,5.72
22/02/2026 14:33,29.51,8.38,6.95
22/02/2026 14:36,28.09,7.44,6.57
22/02/2026 14:39,28.74,7.94,5.6
22/02/2026 14:42,30.21,7.72,5.53
22/02/2026 14:45,31.77,7.26,7.58
22/02/2026 14:48,29.56,8.48,5.65
22/02/2026 14:51,29.49,7.56,7.02
22/02/2026 14:54,26.98,7.36,5.31
22/02/2026 14:57,33.04,7.41,5.65
22/02/2026 15:00,29.91,7.93,7.75
22/02/2026 15:03,29.58,7.67,5.32
22/02/2026 15:06,28.79,8.2,6.08
22/02/2026 15:09,30.67,6.58,6.71
22/02/2026 15:12,28.94,7.43,5.08
22/02/2026 15:15,28.05,7.7,7.12
22/02/2026 15:18,28.57,8.1,6.71
22/02/2026 15:21,29.23,7.11,7.14
22/02/2026 15:24,28.03,7.95,5.9
22/02/2026 15:27,29.64,7.26,6.51
22/02/2026 15:30,30.86,8.26,5.03
22/02/2026 15:33,29.68,7.54,7.06
22/02/2026 15:36,28.62,7.84,5.31
22/02/2026 15:39,28.19,7.63,6.12
22/02/2026 15:42,29.62,8.46,5.13
22/02/2026 15:45,30.06,7.8,7.08
22/02/2026 15:48,29.92,7.08,6.91
22/02/2026 15:51,29.7,7.88,6.37
22/02/2026 15:54,29.1,7.82,6.9
22/02/2026 15:57,32.03,7.84,5.51
22/02/2026 16:00,29.17,7.7,7.83
22/02/2026 16:03,30.59,8.15,7.5
22/02/2026 16:06,28.15,7.13,4.18
22/02/2026 16:09,28.9,7.73,7.14
22/02/2026 16:12,28.86,8.01,9.72
22/02/2026 16:15,30.94,8.07,5.39
22/02/2026 16:18,29.51,8.64,5.18
22/02/2026 16:21,28.54,7.23,6.09
22/02/2026 16:24,31.4,7.97,6.69
22/02/2026 16:27,30.54,7.49,5.2
22/02/2026 16:30,29.12,8.2,6.58
22/02/2026 16:33,32.48,7.29,6.24
22/02/2026 16:36,29.16,8.48,6.42
22/02/2026 16:39,29.01,9.09,5.19
22/02/2026 16:42,28.45,8.12,7.39
22/02/2026 16:45,29.34,7.38,6.34
22/02/2026 16:48,29.65,8.78,6.42
22/02/2026 16:51,29.36,7.96,7.87
22/02/2026 16:54,29.14,7.29,7.22
22/02/2026 16:57,28.69,7.69,6.31
22/02/2026 17:00,30.58,7.52,7.51
22/02/2026 17:03,30.59,7.96,4.35
22/02/2026 17:06,29.69,9.05,3.59
22/02/2026 17:09,30.13,6.93,7.2
22/02/2026 17:12,30.73,8.25,6.49
22/02/2026 17:15,28.48,7.31,5.13
22/02/2026 17:18,28.38,7.65,6.41
22/02/2026 17:21,28.6,7.57,7.99
22/02/2026 17:24,31.02,8.32,9.04
22/02/2026 17:27,29.77,7.75,6.44
22/02/2026 17:30,28.22,7.41,9.36
22/02/2026 17:33,30.2,8.5,5.42
22/02/2026 17:36,28.15,7.6,6.8
22/02/2026 17:39,28.08,7.32,7.39
22/02/2026 17:42,30.9,8.25,6.35
22/02/2026 17:45,29.06,7.63,5.95
22/02/2026 17:48,29.68,6.72,7.79
22/02/2026 17:51,29.45,7.82,3.51
22/02/2026 17:54,29.94,7.24,6.78
22/02/2026 17:57,26.7,8.71,5.07
22/02/2026 18:00,30.83,7.56,5.85
22/02/2026 18:03,29.67,7.91,6.84
22/02/2026 18:06,28.97,7.27,5.89
22/02/2026 18:09,25.66,7.93,4.13
22/02/2026 18:12,28.12,8.28,5.21
22/02/2026 18:15,31.74,7.57,5.27
22/02/2026 18:18,29.93,7.32,7.04
22/02/2026 18:21,29.26,7.07,6.72
22/02/2026 18:24,30.87,7.23,7.28
22/02/2026 18:27,29.76,8.19,5.02
22/02/2026 18:30,29.9,7.42,7.37
22/02/2026 18:33,25.72,6.64,6.2
22/02/2026 18:36,29.92,7.14,5.27
22/02/2026 18:39,29.63,8.16,6.56
22/02/2026 18:42,29.16,8.16,6.68
22/02/2026 18:45,29.38,7.6,7.86
22/02/2026 18:48,30.05,8.85,7.82
22/02/2026 18:51,28.72,8.84,7.33
22/02/2026 18:54,28.55,7.48,6.14
22/02/2026 18:57,30.7,7.04,4.7
22/02/2026 19:00,30.05,7.72,6.95
22/02/2026 19:03,25.03,7.07,9.83
22/02/2026 19:06,30.61,8.49,7.14
22/02/2026 19:09,29.1,7.42,6.8
22/02/2026 19:12,29.73,8.31,5.53
22/02/2026 19:15,29.81,8.18,6.34
22/02/2026 19:18,30.68,7.52,8.61
22/02/2026 19:21,30.63,8.28,6.16
22/02/2026 19:24,28.78,7.79,9.87
22/02/2026 19:27,30.91,8.34,7.46
22/02/2026 19:30,29.12,8.19,5.65
22/02/2026 19:33,29.83,7.33,6.26
22/02/2026 19:36,30.98,8.38,7.5
22/02/2026 19:39,29.22,7.52,6.83
22/02/2026 19:42,29.93,8.06,6.94
22/02/2026 19:45,30.96,7.41,6.76
22/02/2026 19:48,29.89,7.53,7.19
22/02/2026 19:51,29.97,7.03,7.77
22/02/2026 19:54,30.36,8.77,4.44
22/02/2026 19:57,30.36,7.8,7.74
22/02/2026 20:00,26.34,7.39,7.53
22/02/2026 20:03,30.84,7.14,5.14
22/02/2026 20:06,29.95,7.04,6.35
22/02/2026 20:09,28.75,7.42,7.07
22/02/2026 20:12,28.18,8.02,6.22
22/02/2026 20:15,28.24,8.23,7.47
22/02/2026 20:18,30.89,7.87,6.01
22/02/2026 20:21,30.47,7.32,5.71
22/02/2026 20:24,29.78,7,6.62
22/02/2026 20:27,30.7,7.86,5.43
22/02/2026 20:30,25.8,7.62,6.2
22/02/2026 20:33,30.61,7.67,6.23
22/02/2026 20:36,29.08,8.27,5.73
22/02/2026 20:39,30.43,7.08,5.13
22/02/2026 20:42,28.6,6.85,6.71
22/02/2026 20:45,25.72,7.24,5.92
22/02/2026 20:48,30.95,7.93,6.84
22/02/2026 20:51,28.95,7,7.26
22/02/2026 20:54,28.84,7.73,5.96
22/02/2026 20:57,28.55,7.18,6.21
22/02/2026 21:00,26.92,8.09,9.77
22/02/2026 21:03,29.67,7.2,7.65
22/02/2026 21:06,30.7,8.22,5.82
22/02/2026 21:09,29.66,7.86,5.01
22/02/2026 21:12,28.12,8.34,5.8
22/02/2026 21:15,28.16,7.2,6.17
22/02/2026 21:18,29.55,7.38,5.52
22/02/2026 21:21,30.67,7.83,7.38
22/02/2026 21:24,29.75,7.32,7.92
22/02/2026 21:27,30.24,7.71,6.64
22/02/2026 21:30,30.51,7.37,7.39
22/02/2026 21:33,28.39,7.62,5.22
22/02/2026 21:36,29.29,8.01,4.58
22/02/2026 21:39,28.01,7.75,7.48
22/02/2026 21:42,29.26,8.36,6.71
22/02/2026 21:45,30.58,8,5.48
22/02/2026 21:48,30.36,7.47,6.81
22/02/2026 21:51,29,8.13,7.57
22/02/2026 21:54,30.14,7.43,6.3
22/02/2026 21:57,30.14,8.46,5.32
22/02/2026 22:00,29.47,6.38,7.4
22/02/2026 22:03,28.31,7.13,6.98
22/02/2026 22:06,30.78,7.65,5.7
22/02/2026 22:09,29.72,7.42,7.09
22/02/2026 22:12,28.54,7.97,7.37
22/02/2026 22:15,30.02,6.42,7.11
22/02/2026 22:18,30.31,8.26,7.29
22/02/2026 22:21,28.33,8.45,6.64
22/02/2026 22:24,29.27,6.58,4.7
22/02/2026 22:27,30.85,7.64,7.68
22/02/2026 22:30,29.76,7.93,6.63
22/02/2026 22:33,32.86,8.39,5.86
22/02/2026 22:36,30.35,7.81,5.83
22/02/2026 22:39,28.45,7.19,5.31
22/02/2026 22:42,33.93,8.18,6.24
22/02/2026 22:45,28.8,8.49,5.37
22/02/2026 22:48,31.18,7,9.43
22/02/2026 22:51,31.27,7.86,6.68
22/02/2026 22:54,30.89,8.87,7.99
22/02/2026 22:57,28.24,8.21,7.5
22/02/2026 23:00,30.68,8.01,6.03
22/02/2026 23:03,28.19,8.27,5.45
22/02/2026 23:06,29.78,8.02,6.63
22/02/2026 23:09,28.04,7.44,6.81
22/02/2026 23:12,25.47,7.72,3.6
22/02/2026 23:15,30.71,8.34,6.6
22/02/2026 23:18,29.6,8.74,7.59
22/02/2026 23:21,29.61,7.25,5.63
22/02/2026 23:24,29.17,7.13,7.94
22/02/2026 23:27,30.09,6.56,6.71
22/02/2026 23:30,30,7.38,7.63
22/02/2026 23:33,29.81,8.08,6.52
22/02/2026 23:36,29.38,7.08,6.98
22/02/2026 23:39,28.57,8.17,5.89
22/02/2026 23:42,29.74,8.45,7.26
22/02/2026 23:45,30.82,7.36,6.03
22/02/2026 23:48,28.9,8.58,5.3
22/02/2026 23:51,32.39,8.25,5.83
22/02/2026 23:54,29.38,7.85,8.92
22/02/2026 23:57,28.17,7.39,6.85
23/02/2026 0:00,28.26,8.09,7.78
23/02/2026 0:03,25.71,7.44,6.36
23/02/2026 0:06,28.6,8.3,5.84
23/02/2026 0:09,29.89,7.68,7.39
23/02/2026 0:12,28.82,7.99,5.79
23/02/2026 0:15,30.85,8.19,7.47
23/02/2026 0:18,29.25,7.31,7.06
23/02/2026 0:21,29.87,7.07,7.39
23/02/2026 0:24,29.7,7.92,3.57
23/02/2026 0:27,29.49,7.62,6.95
23/02/2026 0:30,29.2,7.16,5.31
23/02/2026 0:33,29.34,7.34,7.59
23/02/2026 0:36,30.99,7.95,5.75
23/02/2026 0:39,28.28,9.1,7.26
23/02/2026 0:42,30.9,7.77,6.9
23/02/2026 0:45,28.76,7.23,5.22
23/02/2026 0:48,30.39,7.74,7.6
23/02/2026 0:51,28.69,8.17,7.73
23/02/2026 0:54,33.47,8.23,6.54
23/02/2026 0:57,29.17,8.49,5.53
23/02/2026 1:00,30.14,7.42,5.73
23/02/2026 1:03,30.77,7.46,7.55
23/02/2026 1:06,29.31,7.91,6.18
23/02/2026 1:09,29.83,8.57,7
23/02/2026 1:12,29.04,7.21,5.27
23/02/2026 1:15,28.63,7.72,7.75
23/02/2026 1:18,30.82,7.42,5.52
23/02/2026 1:21,30.82,7.82,6.24
23/02/2026 1:24,30.93,8.22,7
23/02/2026 1:27,30.93,8.02,7.01
23/02/2026 1:30,30.71,8.17,6.5
23/02/2026 1:33,29.68,7.73,9.26
23/02/2026 1:36,28.93,8.14,6.02
23/02/2026 1:39,29.17,8.14,5.44
23/02/2026 1:42,28.88,7.76,5.18
23/02/2026 1:45,28.95,7.52,7.48
23/02/2026 1:48,30.3,6.68,7.69
23/02/2026 1:51,30.82,7.58,5.32
23/02/2026 1:54,29.71,7.71,6.74
23/02/2026 1:57,30.14,8.04,6.14
23/02/2026 2:00,28.82,7.9,5.9
23/02/2026 2:03,30.69,8.13,6.72
23/02/2026 2:06,29.59,8.48,7.33
23/02/2026 2:09,27.24,7.88,6.95
23/02/2026 2:12,29.99,8.46,7.34
23/02/2026 2:15,30.59,8.29,7.27
23/02/2026 2:18,28.95,8.14,7.17
23/02/2026 2:21,28.56,8.22,6.72
23/02/2026 2:24,31.51,7.12,7.16
23/02/2026 2:27,29.67,7.34,7.6
23/02/2026 2:30,30.45,8.14,6.1
23/02/2026 2:33,30.57,7.9,4.89
23/02/2026 2:36,28.15,7.3,6.84
23/02/2026 2:39,26.19,8.13,5.16
23/02/2026 2:42,30.38,7.65,5.28
23/02/2026 2:45,28.83,7.45,6.32
23/02/2026 2:48,28.32,8.44,7.09
23/02/2026 2:51,28.89,8.01,7.69
23/02/2026 2:54,28.37,7.26,4.3
23/02/2026 2:57,29.12,7.33,5.34
23/02/2026 3:00,29.45,8.14,7.1
23/02/2026 3:03,30.77,8.65,7.09
23/02/2026 3:06,30.62,7.03,7.69
23/02/2026 3:09,30.26,8.23,6.78
23/02/2026 3:12,28.29,7.02,6.98
23/02/2026 3:15,27.3,7.65,5.12
23/02/2026 3:18,29.35,8.29,5.91
23/02/2026 3:21,28.99,7.65,7.05
23/02/2026 3:24,32.73,8.54,7.06
23/02/2026 3:27,30.93,7.65,6.1
23/02/2026 3:30,25.54,7.67,6.19
23/02/2026 3:33,30.74,7.43,6.05
23/02/2026 3:36,30.74,8.1,6.88
23/02/2026 3:39,30.52,7.39,7.84
23/02/2026 3:42,32.01,8.15,7.25
23/02/2026 3:45,30.25,8.38,4.15
23/02/2026 3:48,30.13,7.1,6.15
23/02/2026 3:51,29.58,7.02,6.77
23/02/2026 3:54,29.75,8.12,8.5
23/02/2026 3:57,32.41,8.14,3.72
23/02/2026 4:00,29.44,7.35,6.37
23/02/2026 4:03,29.52,6.96,7.94
23/02/2026 4:06,28.48,7.49,4.18
23/02/2026 4:09,31.44,7.32,7.31
23/02/2026 4:12,28.73,7.24,5.25
23/02/2026 4:15,28.7,7.46,6.94
23/02/2026 4:18,29.02,6.59,7.41
23/02/2026 4:21,29.4,7.11,6.87
23/02/2026 4:24,29.33,7.64,7.41
23/02/2026 4:27,30.75,8.15,7.96
23/02/2026 4:30,28.49,8.05,7.29
23/02/2026 4:33,29.3,7.5,3.94
23/02/2026 4:36,28.75,7.52,6.27
23/02/2026 4:39,30.91,8.36,7.58
23/02/2026 4:42,29.52,8.92,7.2
23/02/2026 4:45,29.79,8,7.93
23/02/2026 4:48,30.88,7.47,7.19
23/02/2026 4:51,30.06,7.49,6.35
23/02/2026 4:54,29.54,7.14,5.87
23/02/2026 4:57,26.15,7.59,5.92
23/02/2026 5:00,29.09,6.3,7.55
23/02/2026 5:03,30.32,7.19,6.06
23/02/2026 5:06,26.87,7.2,7.56
23/02/2026 5:09,29.23,7.15,5.55
23/02/2026 5:12,30.27,7.24,5.39
23/02/2026 5:15,28.6,7.5,8.04
23/02/2026 5:18,28.07,7.2,6
23/02/2026 5:21,28.94,7.64,7.93
23/02/2026 5:24,30.16,7.78,5.82
23/02/2026 5:27,30.98,7.89,7.46
23/02/2026 5:30,28.61,6.72,6.08
23/02/2026 5:33,30.44,7.08,5.01
23/02/2026 5:36,29.81,7.12,7.38
23/02/2026 5:39,29.42,7.64,7.18
23/02/2026 5:42,30.75,7.15,5.98
23/02/2026 5:45,29.65,7.1,7.78
23/02/2026 5:48,29.66,8.5,6.81
23/02/2026 5:51,26.75,7.46,5.96
23/02/2026 5:54,28.11,7.24,6.72
23/02/2026 5:57,29.87,8.12,5.62
23/02/2026 6:00,30.33,7.68,7.59
23/02/2026 6:03,29.75,8.44,5.66
23/02/2026 6:06,30.42,7.23,7.94
23/02/2026 6:09,29.77,7.27,3.88
23/02/2026 6:12,30.1,8.35,7.07
23/02/2026 6:15,28.85,8.47,7.39
23/02/2026 6:18,28.46,8.82,6.12
23/02/2026 6:21,29.7,8.43,9.57
23/02/2026 6:24,30.2,8.45,5.79
23/02/2026 6:27,29.64,6.41,6.75
23/02/2026 6:30,28.53,7.01,6.75
23/02/2026 6:33,30.42,8.13,6.76
23/02/2026 6:36,28.53,7.1,7.29
23/02/2026 6:39,29.25,7.63,5.02
23/02/2026 6:42,30.58,6.94,6.92
23/02/2026 6:45,28.61,7.69,6.25
23/02/2026 6:48,28.91,7.42,5.26
23/02/2026 6:51,30.87,7.99,5.45
23/02/2026 6:54,29.49,7.34,5.7
23/02/2026 6:57,28.79,7.79,7.19
23/02/2026 7:00,28.02,7.52,7.13
23/02/2026 7:03,29.52,7.92,9.43
23/02/2026 7:06,30.6,7.84,5.35
23/02/2026 7:09,28.77,7.21,6.04
23/02/2026 7:12,29.82,6.71,5.73
23/02/2026 7:15,28.14,6.74,6.89
23/02/2026 7:18,25.89,7.86,5.2
23/02/2026 7:21,28.01,8.91,5.01
23/02/2026 7:24,29.66,7.24,6.6
23/02/2026 7:27,33.54,7.62,6.22
23/02/2026 7:30,28.33,7.93,7.58
23/02/2026 7:33,32.26,8.19,6.85
23/02/2026 7:36,30.93,8.16,7.69
23/02/2026 7:39,27.98,8.35,7.44
23/02/2026 7:42,29.93,9.04,7.31
23/02/2026 7:45,29.48,8.03,5.39
23/02/2026 7:48,29.32,7.46,7.91
23/02/2026 7:51,28.3,6.73,9.16
23/02/2026 7:54,26.17,7.64,7.1
23/02/2026 7:57,30.16,7.64,5.21
23/02/2026 8:00,30.9,7.56,6.9
23/02/2026 8:03,29.67,7.67,7.15
23/02/2026 8:06,29.7,8.14,7.39
23/02/2026 8:09,28.6,7.79,7.64
23/02/2026 8:12,28.6,8.5,6.01
23/02/2026 8:15,26.92,8.3,6.27
23/02/2026 8:18,28.06,7.85,7.06
23/02/2026 8:21,30.13,7.31,5.48
23/02/2026 8:24,30.35,7.58,6.19
23/02/2026 8:27,25.5,6.89,6.68
23/02/2026 8:30,29.82,7.21,5.92
23/02/2026 8:33,28.27,7.33,6.09
23/02/2026 8:36,28.28,8.17,5.63
23/02/2026 8:39,29.01,8.39,7.87
23/02/2026 8:42,30.02,6.42,7.85
23/02/2026 8:45,31.08,8.07,7.25
23/02/2026 8:48,25.52,7.16,7
23/02/2026 8:51,25.04,7.8,6.8
23/02/2026 8:54,30.43,8.31,7.44
23/02/2026 8:57,29.94,7.28,5.09
23/02/2026 9:00,28.26,7.37,5.3
23/02/2026 9:03,29.25,8.39,5.55
23/02/2026 9:06,28.34,8.22,6.19
23/02/2026 9:09,29.15,8.23,6.9
23/02/2026 9:12,32.84,6.58,5.1
23/02/2026 9:15,30.7,7.78,6.01
23/02/2026 9:18,30.49,7.9,7.09
23/02/2026 9:21,25.71,8.32,4.62
23/02/2026 9:24,29.9,8.07,5.89
23/02/2026 9:27,28.63,6.6,7.76
23/02/2026 9:30,28.31,6.52,5.68
23/02/2026 9:33,30.55,7.58,3.55
23/02/2026 9:36,29.51,7.82,6.51
23/02/2026 9:39,28.25,8.36,6.89
23/02/2026 9:42,30.63,6.3,6.79
23/02/2026 9:45,29.63,8.06,5.9
23/02/2026 9:48,30.81,7.79,7.15
23/02/2026 9:51,28.11,7.19,5.44
23/02/2026 9:54,28.7,8.72,7.72
23/02/2026 9:57,29,7.18,7.7
23/02/2026 10:00,28.35,7.08,5.91
23/02/2026 10:03,28.54,7.14,6.66
23/02/2026 10:06,29.65,7.55,5.01
23/02/2026 10:09,28.94,7.68,7.66
23/02/2026 10:12,29.4,7.14,6.02
23/02/2026 10:15,31.77,7.35,5.18
23/02/2026 10:18,28.36,7.68,6.74
23/02/2026 10:21,30.9,8.29,6.35
23/02/2026 10:24,29.55,8.11,4.23
23/02/2026 10:27,28.99,8.44,5.84
23/02/2026 10:30,29.52,7.85,7.76
23/02/2026 10:33,30.03,7.46,5.07
23/02/2026 10:36,29.32,8.17,8.95
23/02/2026 10:39,29.61,6.49,6.79
23/02/2026 10:42,29.52,8.04,7.53
23/02/2026 10:45,29.98,8.06,6.78
23/02/2026 10:48,28.84,7.83,7.98
23/02/2026 10:51,30.3,7.15,8.49
23/02/2026 10:54,29.31,7.36,5.85
23/02/2026 10:57,30.56,8.44,5.1
23/02/2026 11:00,33.28,7.24,4.27
23/02/2026 11:03,29.08,7.68,7.56
23/02/2026 11:06,28.6,7.13,7.48
23/02/2026 11:09,28.82,7.83,5.9
23/02/2026 11:12,28.25,7.7,7.2
23/02/2026 11:15,29.96,7.41,5.89
23/02/2026 11:18,28.72,7.67,5.38
23/02/2026 11:21,29.2,7.34,6.31
23/02/2026 11:24,28.88,7.35,7.7
23/02/2026 11:27,28.78,8.46,7.92
23/02/2026 11:30,30.76,8.2,7.38
23/02/2026 11:33,30.93,7.34,7.41
23/02/2026 11:36,30.28,7.08,7.39
23/02/2026 11:39,30.75,7.24,6.67
23/02/2026 11:42,28.67,7.04,4.32
23/02/2026 11:45,28.03,7.28,7.3
23/02/2026 11:48,29,7.46,6.93
23/02/2026 11:51,28.56,8.13,5.92
23/02/2026 11:54,28.47,7.86,5.37
23/02/2026 11:57,30.96,7.13,6.66
23/02/2026 12:00,28.55,8.39,6.07
23/02/2026 12:03,29.08,8.09,7.28
23/02/2026 12:06,28.1,7.77,5.38
23/02/2026 12:09,30.1,7.86,7.37
23/02/2026 12:12,29.46,7.94,6.36
23/02/2026 12:15,28.38,7.91,7.85
23/02/2026 12:18,28.81,8.29,6.19
23/02/2026 12:21,31.04,8.06,5.46
23/02/2026 12:24,28.16,8.04,7.62
23/02/2026 12:27,32.25,7.99,7.74
23/02/2026 12:30,30.93,8.08,7.72
23/02/2026 12:33,28.92,7.32,7.94
23/02/2026 12:36,28.19,6.73,8.15
23/02/2026 12:39,30.61,8.13,7.1
23/02/2026 12:42,29.64,7.66,5.19
23/02/2026 12:45,29.71,8.75,6.38
23/02/2026 12:48,29.15,8.07,5.56
23/02/2026 12:51,29.98,8.49,6.18
23/02/2026 12:54,28.91,8.34,6.01
23/02/2026 12:57,29.78,8.35,5.45
23/02/2026 13:00,28.74,7.76,5.4
23/02/2026 13:03,25.6,7.18,7.89
23/02/2026 13:06,27.39,7.13,7.81
23/02/2026 13:09,29.28,8.45,5.75
23/02/2026 13:12,28.72,7.88,5.01
23/02/2026 13:15,30.76,7.8,7.28
23/02/2026 13:18,29.46,8,6.3
23/02/2026 13:21,29.8,7.67,7.02
23/02/2026 13:24,29.81,7.86,5.94
23/02/2026 13:27,30.64,8.15,7.55
23/02/2026 13:30,29.51,8,6.1
23/02/2026 13:33,30.87,7.3,5.12
23/02/2026 13:36,30.41,8.11,6.05
23/02/2026 13:39,30.67,8.24,7.7
23/02/2026 13:42,29.76,7.69,5.04
23/02/2026 13:45,28.9,7.64,5.81
23/02/2026 13:48,28.51,7.72,7.9
23/02/2026 13:51,30.03,7.33,7.15
23/02/2026 13:54,28.14,7.92,6.6
23/02/2026 13:57,29.75,8.42,7.95
23/02/2026 14:00,29.29,7.69,9.78
23/02/2026 14:03,28.58,7.83,7.94
23/02/2026 14:06,25.53,7.37,6.32
23/02/2026 14:09,30.62,7.79,4.65
23/02/2026 14:12,26.11,7.11,7.46
23/02/2026 14:15,32.92,6.59,6.71
23/02/2026 14:18,28.83,7.75,6.6
23/02/2026 14:21,28.34,7.21,5.18
23/02/2026 14:24,28.82,7.15,6.6
23/02/2026 14:27,29.36,7.7,7.19
23/02/2026 14:30,29.69,8.48,8.59
23/02/2026 14:33,27.78,7.64,5.55
23/02/2026 14:36,30.85,7.09,7.42
23/02/2026 14:39,29.07,7.08,6.39
23/02/2026 14:42,30.46,8.26,6.49
23/02/2026 14:45,30.35,8.15,7.14
23/02/2026 14:48,28.95,8.15,6.95
23/02/2026 14:51,29.97,7.08,7.69
23/02/2026 14:54,30.03,8.45,6.78
23/02/2026 14:57,31.97,7.37,5.66
23/02/2026 15:00,28.59,7.77,6.06
23/02/2026 15:03,30.8,7.15,7.78
23/02/2026 15:06,28.19,7.06,6.94
23/02/2026 15:09,28.19,8.19,7.11
23/02/2026 15:12,29.66,7.19,8.18
23/02/2026 15:15,28.94,8.09,6.08
23/02/2026 15:18,29.66,7.03,5.19
23/02/2026 15:21,28.89,7.06,7.79
23/02/2026 15:24,30.66,7.81,6.85
23/02/2026 15:27,29.36,8.26,7.11
23/02/2026 15:30,28.34,8.37,7.92
23/02/2026 15:33,28.82,8.49,7
23/02/2026 15:36,28.48,7.06,6.28
23/02/2026 15:39,30.97,8.34,6.45
23/02/2026 15:42,30.29,8.46,5.23
23/02/2026 15:45,28.72,6.88,5.32
23/02/2026 15:48,28.62,8.46,6.32
23/02/2026 15:51,30.13,8.28,5.82
23/02/2026 15:54,30.35,8.03,5.95
23/02/2026 15:57,32.12,7.29,5.81
23/02/2026 16:00,29.49,7.99,5.93
23/02/2026 16:03,30.77,7.87,6.29
23/02/2026 16:06,29.3,8.46,7.78
23/02/2026 16:09,29.79,8.15,5.82
23/02/2026 16:12,28.19,8.14,6.6
23/02/2026 16:15,29.62,7.52,6.38
23/02/2026 16:18,26.15,7.29,6.11
23/02/2026 16:21,28.69,6.81,4.31
23/02/2026 16:24,28.37,8.03,7.58
23/02/2026 16:27,29.09,8.18,5.26
23/02/2026 16:30,29.79,8.4,5.32
23/02/2026 16:33,30.54,8.32,7.09
23/02/2026 16:36,29,7.26,6.63
23/02/2026 16:39,29.55,8.89,5.01
23/02/2026 16:42,30,7.42,5.78
23/02/2026 16:45,28.03,7.2,7.53
23/02/2026 16:48,29.69,7.52,5.01
23/02/2026 16:51,29.81,7.39,5.37
23/02/2026 16:54,28.36,8.12,7.11
23/02/2026 16:57,29.34,7,5.97
23/02/2026 17:00,29.32,7.18,6.13
23/02/2026 17:03,30.24,7.44,5.08
23/02/2026 17:06,28.95,8.39,6.24
23/02/2026 17:09,29.09,7.48,6.98
23/02/2026 17:12,28.18,6.98,7.59
23/02/2026 17:15,28.74,7.8,9.56
23/02/2026 17:18,29.96,8.15,5.48
23/02/2026 17:21,28.95,6.71,5.08
23/02/2026 17:24,29.78,7.62,6.24
23/02/2026 17:27,29.08,8.74,7.81
23/02/2026 17:30,29.77,8.04,6.53
23/02/2026 17:33,29.95,8.27,6.93
23/02/2026 17:36,29.22,7.9,5.26
23/02/2026 17:39,30.66,7.22,5.31
23/02/2026 17:42,28.02,8.38,7.13
23/02/2026 17:45,28.39,7.72,7.55
23/02/2026 17:48,29.66,7.71,7.48
23/02/2026 17:51,28.48,7.61,5.3
23/02/2026 17:54,28.89,7.3,6.58
23/02/2026 17:57,28.72,7.47,7.71
23/02/2026 18:00,29.58,7.19,7.93
23/02/2026 18:03,28.74,7.58,9.27
23/02/2026 18:06,29.36,8.95,6.96
23/02/2026 18:09,29.9,8.61,7.01
23/02/2026 18:12,28.74,7.55,9.72
23/02/2026 18:15,28.54,7.77,7.77
23/02/2026 18:18,31.47,7.52,5.53
23/02/2026 18:21,30.97,7.86,6.11
23/02/2026 18:24,28.55,8.36,5.58
23/02/2026 18:27,29,8.25,7.02
23/02/2026 18:30,29.2,8.35,5.69
23/02/2026 18:33,30.58,7.81,5.47
23/02/2026 18:36,28.83,7.17,4.47
23/02/2026 18:39,28.66,8.15,6.43
23/02/2026 18:42,28.38,7.77,7.44
23/02/2026 18:45,30.28,7.85,6.17
23/02/2026 18:48,27.62,7.04,6.53
23/02/2026 18:51,29.7,7.93,8.9
23/02/2026 18:54,28.28,7.21,3.83
23/02/2026 18:57,29.36,8.01,7.63
23/02/2026 19:00,30.97,7.33,7.32
23/02/2026 19:03,30.77,7.07,5.09
23/02/2026 19:06,29.69,7.25,7.23
23/02/2026 19:09,28.71,7.72,5.93
23/02/2026 19:12,29.77,7.52,5.17
23/02/2026 19:15,29.54,7.91,6.98
23/02/2026 19:18,30.91,7.53,7.56
23/02/2026 19:21,28.05,8.17,5.05
23/02/2026 19:24,25.37,8.13,6.24
23/02/2026 19:27,28.93,7.8,6.32
23/02/2026 19:30,33.66,8.08,6.4
23/02/2026 19:33,29.21,7.78,4.34
23/02/2026 19:36,30.19,7.06,7.18
23/02/2026 19:39,30.25,7.13,4.16
23/02/2026 19:42,30.2,7.35,5.64
23/02/2026 19:45,29.71,8.37,6.69
23/02/2026 19:48,29.66,7.89,6.16
23/02/2026 19:51,28.87,7.62,6.48
23/02/2026 19:54,30.61,8.4,7.38
23/02/2026 19:57,29.28,7.1,6.85
23/02/2026 20:00,29.07,7.71,7.75
23/02/2026 20:03,30.39,7.32,7.56
23/02/2026 20:06,30.17,7.03,6.8
23/02/2026 20:09,28.96,7.06,3.69
23/02/2026 20:12,28.07,7.95,3.69
23/02/2026 20:15,28.03,6.91,6.88
23/02/2026 20:18,30.55,7.85,5.59
23/02/2026 20:21,28.45,8.33,7.41
23/02/2026 20:24,29.81,7.69,7.29
23/02/2026 20:27,29.77,8.27,5.86
23/02/2026 20:30,28.68,8.2,5.31
23/02/2026 20:33,29.34,7.7,6.07
23/02/2026 20:36,29.26,7.83,5.6
23/02/2026 20:39,29.51,7.52,7.67
23/02/2026 20:42,30.57,8.16,7.24
23/02/2026 20:45,30.75,7.89,6.4
23/02/2026 20:48,28.26,6.5,5.42
23/02/2026 20:51,29.29,8,5.24
23/02/2026 20:54,28.88,7.98,7.45
23/02/2026 20:57,30.36,7.47,5.66
23/02/2026 21:00,29.04,8.25,7.47
23/02/2026 21:03,29.46,8.08,6.37
23/02/2026 21:06,30.12,7.27,5.36
23/02/2026 21:09,29.91,7.94,7.96
23/02/2026 21:12,30.23,8.08,7.15
23/02/2026 21:15,29.29,7.4,5.33
23/02/2026 21:18,29.62,7.13,5.42
23/02/2026 21:21,28.82,7.01,6
23/02/2026 21:24,26.58,6.34,7.63
23/02/2026 21:27,30.33,8.11,6.22
23/02/2026 21:30,30.6,8.23,5.24
23/02/2026 21:33,28.91,8.09,7.01
23/02/2026 21:36,29.49,7.17,5.86
23/02/2026 21:39,28.31,7.96,5.99
23/02/2026 21:42,28.34,7.81,7.03
23/02/2026 21:45,28.43,8.26,5.93
23/02/2026 21:48,29.89,7.51,9.48
23/02/2026 21:51,30.36,7.01,5.11
23/02/2026 21:54,28.39,7.42,5.22
23/02/2026 21:57,30.99,8.29,5.14
23/02/2026 22:00,29.06,8.12,7.09
23/02/2026 22:03,30.68,7.77,6.73
23/02/2026 22:06,31,8.3,6.83
23/02/2026 22:09,30.52,7.29,5.41
23/02/2026 22:12,29.14,7.72,5.35
23/02/2026 22:15,28.07,7.06,4.16
23/02/2026 22:18,31.49,7.81,6.25
23/02/2026 22:21,29.52,8.36,7.57
23/02/2026 22:24,29.46,7.32,5.06
23/02/2026 22:27,28.01,7.68,6.6
23/02/2026 22:30,30.61,7.5,7.51
23/02/2026 22:33,28.44,8.26,3.76
23/02/2026 22:36,29.88,8.04,7.45
23/02/2026 22:39,28.79,7.72,6.06
23/02/2026 22:42,29.24,7.21,7.18
23/02/2026 22:45,29.41,6.54,7.37
23/02/2026 22:48,29.76,7.82,6.3
23/02/2026 22:51,29.56,7.55,7.79
23/02/2026 22:54,29.09,7.48,7.57
23/02/2026 22:57,28.12,7.38,9.56
23/02/2026 23:00,28.38,7.34,6.41
23/02/2026 23:03,29.87,7.93,5.31
23/02/2026 23:06,29.82,7.78,7.65
23/02/2026 23:09,30,7.45,6.38
23/02/2026 23:12,28.24,8.31,8.32
23/02/2026 23:15,28.75,7.33,5.7
23/02/2026 23:18,33.83,7.78,5.16
23/02/2026 23:21,28.7,8.53,6.48
23/02/2026 23:24,30.44,8.26,8.95
23/02/2026 23:27,30.28,7.87,6.16
23/02/2026 23:30,30.25,8.47,6.17
23/02/2026 23:33,30.92,8.49,7.95
23/02/2026 23:36,30.75,8.65,7.22
23/02/2026 23:39,29.93,7.11,7.66
23/02/2026 23:42,29.53,7.34,6.31
23/02/2026 23:45,30.45,7.5,5.73
23/02/2026 23:48,29.65,7.57,5.1
23/02/2026 23:51,30.3,6.84,7.9
23/02/2026 23:54,28.54,8.5,7.88
23/02/2026 23:57,29.54,7.4,4
24/02/2026 0:00,33.84,7.38,7.19
24/02/2026 0:03,29.45,8.23,5.04
24/02/2026 0:06,29.45,8.7,6.88
24/02/2026 0:09,29.56,6.67,5.2
24/02/2026 0:12,29.84,8.06,4.38
24/02/2026 0:15,29.82,7.76,7.46
24/02/2026 0:18,30.86,8.37,7.52
24/02/2026 0:21,28.66,7.1,6.98
24/02/2026 0:24,28.43,8.13,5.16
24/02/2026 0:27,30.19,7.77,5.12
24/02/2026 0:30,28.73,7.1,6.08
24/02/2026 0:33,28.84,8.2,7.55
24/02/2026 0:36,28.54,8.37,7.41
24/02/2026 0:39,29.43,8.54,5.27
24/02/2026 0:42,27.33,7.1,7.15
24/02/2026 0:45,29.23,8,6.2
24/02/2026 0:48,30.93,7.17,7.73
24/02/2026 0:51,31.63,7.19,6.16
24/02/2026 0:54,30.03,7.8,5.17
24/02/2026 0:57,29.75,7.02,6.55
24/02/2026 1:00,27.22,7.13,5.26
24/02/2026 1:03,29.73,8.05,6.03
24/02/2026 1:06,28.86,9,7.52
24/02/2026 1:09,30.66,7.56,7.73
24/02/2026 1:12,28.35,8.42,5.95
24/02/2026 1:15,30.21,8.01,4.67
24/02/2026 1:18,28.37,7.84,7.99
24/02/2026 1:21,29.5,7.32,6.31
24/02/2026 1:24,28.65,7.2,5.21
24/02/2026 1:27,29.66,7.94,5.87
24/02/2026 1:30,28.59,7.77,5.72
24/02/2026 1:33,29.51,8.38,6.95
24/02/2026 1:36,28.09,7.44,6.57
24/02/2026 1:39,28.74,7.94,5.6
24/02/2026 1:42,30.21,7.72,5.53
24/02/2026 1:45,31.77,7.26,7.58
24/02/2026 1:48,29.56,8.48,5.65
24/02/2026 1:51,29.49,7.56,7.02
24/02/2026 1:54,26.98,7.36,5.31
24/02/2026 1:57,33.04,7.41,5.65
24/02/2026 2:00,29.91,7.93,7.75
24/02/2026 2:03,29.58,7.67,5.32
24/02/2026 2:06,28.79,8.2,6.08
24/02/2026 2:09,30.67,6.58,6.71
24/02/2026 2:12,28.94,7.43,5.08
24/02/2026 2:15,28.05,7.7,7.12
24/02/2026 2:18,28.57,8.1,6.71
24/02/2026 2:21,29.23,7.11,7.14
24/02/2026 2:24,28.03,7.95,5.9
24/02/2026 2:27,29.64,7.26,6.51
24/02/2026 2:30,30.86,8.26,5.03
24/02/2026 2:33,29.68,7.54,7.06
24/02/2026 2:36,28.62,7.84,5.31
24/02/2026 2:39,28.19,7.63,6.12
24/02/2026 2:42,29.62,8.46,5.13
24/02/2026 2:45,30.06,7.8,7.08
24/02/2026 2:48,29.92,7.08,6.91
24/02/2026 2:51,29.7,7.88,6.37
24/02/2026 2:54,29.1,7.82,6.9
24/02/2026 2:57,32.03,7.84,5.51
24/02/2026 3:00,29.17,7.7,7.83
24/02/2026 3:03,30.59,8.15,7.5
24/02/2026 3:06,28.15,7.13,4.18
24/02/2026 3:09,28.9,7.73,7.14
24/02/2026 3:12,28.86,8.01,9.72
24/02/2026 3:15,30.94,8.07,5.39
24/02/2026 3:18,29.51,8.64,5.18
24/02/2026 3:21,28.54,7.23,6.09
24/02/2026 3:24,31.4,7.97,6.69
24/02/2026 3:27,30.54,7.49,5.2
24/02/2026 3:30,29.12,8.2,6.58
24/02/2026 3:33,32.48,7.29,6.24
24/02/2026 3:36,29.16,8.48,6.42
24/02/2026 3:39,29.01,9.09,5.19
24/02/2026 3:42,28.45,8.12,7.39
24/02/2026 3:45,29.34,7.38,6.34
24/02/2026 3:48,29.65,8.78,6.42
24/02/2026 3:51,29.36,7.96,7.87
24/02/2026 3:54,29.14,7.29,7.22
24/02/2026 3:57,28.69,7.69,6.31
24/02/2026 4:00,30.58,7.52,7.51
24/02/2026 4:03,30.59,7.96,4.35
24/02/2026 4:06,29.69,9.05,3.59
24/02/2026 4:09,30.13,6.93,7.2
24/02/2026 4:12,30.73,8.25,6.49
24/02/2026 4:15,28.48,7.31,5.13
24/02/2026 4:18,28.38,7.65,6.41
24/02/2026 4:21,28.6,7.57,7.99
24/02/2026 4:24,31.02,8.32,9.04
24/02/2026 4:27,29.77,7.75,6.44
24/02/2026 4:30,28.22,7.41,9.36
24/02/2026 4:33,30.2,8.5,5.42
24/02/2026 4:36,28.15,7.6,6.8
24/02/2026 4:39,28.08,7.32,7.39
24/02/2026 4:42,30.9,8.25,6.35
24/02/2026 4:45,29.06,7.63,5.95
24/02/2026 4:48,29.68,6.72,7.79
24/02/2026 4:51,29.45,7.82,3.51
24/02/2026 4:54,29.94,7.24,6.78
24/02/2026 4:57,26.7,8.71,5.07
24/02/2026 5:00,30.83,7.56,5.85
24/02/2026 5:03,29.67,7.91,6.84
24/02/2026 5:06,28.97,7.27,5.89
24/02/2026 5:09,25.66,7.93,4.13
24/02/2026 5:12,28.12,8.28,5.21
24/02/2026 5:15,31.74,7.57,5.27
24/02/2026 5:18,29.93,7.32,7.04
24/02/2026 5:21,29.26,7.07,6.72
24/02/2026 5:24,30.87,7.23,7.28
24/02/2026 5:27,29.76,8.19,5.02
24/02/2026 5:30,29.9,7.42,7.37
24/02/2026 5:33,25.72,6.64,6.2
24/02/2026 5:36,29.92,7.14,5.27
24/02/2026 5:39,29.63,8.16,6.56
24/02/2026 5:42,29.16,8.16,6.68
24/02/2026 5:45,29.38,7.6,7.86
24/02/2026 5:48,30.05,8.85,7.82
24/02/2026 5:51,28.72,8.84,7.33
24/02/2026 5:54,28.55,7.48,6.14
24/02/2026 5:57,30.7,7.04,4.7
24/02/2026 6:00,30.05,7.72,6.95
24/02/2026 6:03,25.03,7.07,9.83
24/02/2026 6:06,30.61,8.49,7.14
24/02/2026 6:09,29.1,7.42,6.8
24/02/2026 6:12,29.73,8.31,5.53
24/02/2026 6:15,29.81,8.18,6.34
24/02/2026 6:18,30.68,7.52,8.61
24/02/2026 6:21,30.63,8.28,6.16
24/02/2026 6:24,28.78,7.79,9.87
24/02/2026 6:27,30.91,8.34,7.46
24/02/2026 6:30,29.12,8.19,5.65
24/02/2026 6:33,29.83,7.33,6.26
24/02/2026 6:36,30.98,8.38,7.5
24/02/2026 6:39,29.22,7.52,6.83
24/02/2026 6:42,29.93,8.06,6.94
24/02/2026 6:45,30.96,7.41,6.76
24/02/2026 6:48,29.89,7.53,7.19
24/02/2026 6:51,29.97,7.03,7.77
24/02/2026 6:54,30.36,8.77,4.44
24/02/2026 6:57,30.36,7.8,7.74
24/02/2026 7:00,26.34,7.39,7.53
24/02/2026 7:03,30.84,7.14,5.14
24/02/2026 7:06,29.95,7.04,6.35
24/02/2026 7:09,28.75,7.42,7.07
24/02/2026 7:12,28.18,8.02,6.22
24/02/2026 7:15,28.24,8.23,7.47
24/02/2026 7:18,30.89,7.87,6.01
24/02/2026 7:21,30.47,7.32,5.71
24/02/2026 7:24,29.78,7,6.62
24/02/2026 7:27,30.7,7.86,5.43
24/02/2026 7:30,25.8,7.62,6.2
24/02/2026 7:33,30.61,7.67,6.23
24/02/2026 7:36,29.08,8.27,5.73
24/02/2026 7:39,30.43,7.08,5.13
24/02/2026 7:42,28.6,6.85,6.71
24/02/2026 7:45,25.72,7.24,5.92
24/02/2026 7:48,30.95,7.93,6.84
24/02/2026 7:51,28.95,7,7.26
24/02/2026 7:54,28.84,7.73,5.96
24/02/2026 7:57,28.55,7.18,6.21
24/02/2026 8:00,26.92,8.09,9.77
24/02/2026 8:03,29.67,7.2,7.65
24/02/2026 8:06,30.7,8.22,5.82
24/02/2026 8:09,29.66,7.86,5.01
24/02/2026 8:12,28.12,8.34,5.8
24/02/2026 8:15,28.16,7.2,6.17
24/02/2026 8:18,29.55,7.38,5.52
24/02/2026 8:21,30.67,7.83,7.38
24/02/2026 8:24,29.75,7.32,7.92
24/02/2026 8:27,30.24,7.71,6.64
24/02/2026 8:30,30.51,7.37,7.39
24/02/2026 8:33,28.39,7.62,5.22
24/02/2026 8:36,29.29,8.01,4.58
24/02/2026 8:39,28.01,7.75,7.48
24/02/2026 8:42,29.26,8.36,6.71
24/02/2026 8:45,30.58,8,5.48
24/02/2026 8:48,30.36,7.47,6.81
24/02/2026 8:51,29,8.13,7.57
24/02/2026 8:54,30.14,7.43,6.3
24/02/2026 8:57,30.14,8.46,5.32
24/02/2026 9:00,29.47,6.38,7.4
24/02/2026 9:03,28.31,7.13,6.98
24/02/2026 9:06,30.78,7.65,5.7
24/02/2026 9:09,29.72,7.42,7.09
24/02/2026 9:12,28.54,7.97,7.37
24/02/2026 9:15,30.02,6.42,7.11
24/02/2026 9:18,30.31,8.26,7.29
24/02/2026 9:21,28.33,8.45,6.64
24/02/2026 9:24,29.27,6.58,4.7
24/02/2026 9:27,30.85,7.64,7.68
24/02/2026 9:30,29.76,7.93,6.63
24/02/2026 9:33,32.86,8.39,5.86
24/02/2026 9:36,30.35,7.81,5.83
24/02/2026 9:39,28.45,7.19,5.31
24/02/2026 9:42,33.93,8.18,6.24
24/02/2026 9:45,28.8,8.49,5.37
24/02/2026 9:48,31.18,7,9.43
24/02/2026 9:51,31.27,7.86,6.68
24/02/2026 9:54,30.89,8.87,7.99
24/02/2026 9:57,28.24,8.21,7.5
24/02/2026 10:00,30.68,8.01,6.03
24/02/2026 10:03,28.19,8.27,5.45
24/02/2026 10:06,29.78,8.02,6.63
24/02/2026 10:09,28.04,7.44,6.81
24/02/2026 10:12,25.47,7.72,3.6
24/02/2026 10:15,30.71,8.34,6.6
24/02/2026 10:18,29.6,8.74,7.59
24/02/2026 10:21,29.61,7.25,5.63
24/02/2026 10:24,29.17,7.13,7.94
24/02/2026 10:27,30.09,6.56,6.71
24/02/2026 10:30,30,7.38,7.63
24/02/2026 10:33,29.81,8.08,6.52
24/02/2026 10:36,29.38,7.08,6.98
24/02/2026 10:39,28.57,8.17,5.89
24/02/2026 10:42,29.74,8.45,7.26
24/02/2026 10:45,30.82,7.36,6.03
24/02/2026 10:48,28.9,8.58,5.3
24/02/2026 10:51,32.39,8.25,5.83
24/02/2026 10:54,29.38,7.85,8.92
24/02/2026 10:57,28.17,7.39,6.85
24/02/2026 11:00,28.26,8.09,7.78
24/02/2026 11:03,25.71,7.44,6.36
24/02/2026 11:06,28.6,8.3,5.84
24/02/2026 11:09,29.89,7.68,7.39
24/02/2026 11:12,28.82,7.99,5.79
24/02/2026 11:15,30.85,8.19,7.47
24/02/2026 11:18,29.25,7.31,7.06
24/02/2026 11:21,29.87,7.07,7.39
24/02/2026 11:24,29.7,7.92,3.57
24/02/2026 11:27,29.49,7.62,6.95
24/02/2026 11:30,29.2,7.16,5.31
24/02/2026 11:33,29.34,7.34,7.59
24/02/2026 11:36,30.99,7.95,5.75
24/02/2026 11:39,28.28,9.1,7.26
24/02/2026 11:42,30.9,7.77,6.9
24/02/2026 11:45,28.76,7.23,5.22
24/02/2026 11:48,30.39,7.74,7.6
24/02/2026 11:51,28.69,8.17,7.73
24/02/2026 11:54,33.47,8.23,6.54
24/02/2026 11:57,29.17,8.49,5.53
24/02/2026 12:00,30.14,7.42,5.73
24/02/2026 12:03,30.77,7.46,7.55
24/02/2026 12:06,29.31,7.91,6.18
24/02/2026 12:09,29.83,8.57,7
24/02/2026 12:12,29.04,7.21,5.27
24/02/2026 12:15,28.63,7.72,7.75
24/02/2026 12:18,30.82,7.42,5.52
24/02/2026 12:21,30.82,7.82,6.24
24/02/2026 12:24,30.93,8.22,7
24/02/2026 12:27,30.93,8.02,7.01
24/02/2026 12:30,30.71,8.17,6.5
24/02/2026 12:33,29.68,7.73,9.26
24/02/2026 12:36,28.93,8.14,6.02
24/02/2026 12:39,29.17,8.14,5.44
24/02/2026 12:42,28.88,7.76,5.18
24/02/2026 12:45,28.95,7.52,7.48
24/02/2026 12:48,30.3,6.68,7.69
24/02/2026 12:51,30.82,7.58,5.32
24/02/2026 12:54,29.71,7.71,6.74
24/02/2026 12:57,30.14,8.04,6.14
24/02/2026 13:00,28.82,7.9,5.9
24/02/2026 13:03,30.69,8.13,6.72
24/02/2026 13:06,29.59,8.48,7.33
24/02/2026 13:09,27.24,7.88,6.95
24/02/2026 13:12,29.99,8.46,7.34
24/02/2026 13:15,30.59,8.29,7.27
24/02/2026 13:18,28.95,8.14,7.17
24/02/2026 13:21,28.56,8.22,6.72
24/02/2026 13:24,31.51,7.12,7.16
24/02/2026 13:27,29.67,7.34,7.6
24/02/2026 13:30,30.45,8.14,6.1
24/02/2026 13:33,30.57,7.9,4.89
24/02/2026 13:36,28.15,7.3,6.84
24/02/2026 13:39,26.19,8.13,5.16
24/02/2026 13:42,30.38,7.65,5.28
24/02/2026 13:45,28.83,7.45,6.32
24/02/2026 13:48,28.32,8.44,7.09
24/02/2026 13:51,28.89,8.01,7.69
24/02/2026 13:54,28.37,7.26,4.3
24/02/2026 13:57,29.12,7.33,5.34
24/02/2026 14:00,29.45,8.14,7.1
24/02/2026 14:03,30.77,8.65,7.09
24/02/2026 14:06,30.62,7.03,7.69
24/02/2026 14:09,30.26,8.23,6.78
24/02/2026 14:12,28.29,7.02,6.98
24/02/2026 14:15,27.3,7.65,5.12
24/02/2026 14:18,29.35,8.29,5.91
24/02/2026 14:21,28.99,7.65,7.05
24/02/2026 14:24,32.73,8.54,7.06
24/02/2026 14:27,30.93,7.65,6.1
24/02/2026 14:30,25.54,7.67,6.19
24/02/2026 14:33,30.74,7.43,6.05
24/02/2026 14:36,30.74,8.1,6.88
24/02/2026 14:39,30.52,7.39,7.84
24/02/2026 14:42,32.01,8.15,7.25
24/02/2026 14:45,30.25,8.38,4.15
24/02/2026 14:48,30.13,7.1,6.15
24/02/2026 14:51,29.58,7.02,6.77
24/02/2026 14:54,29.75,8.12,8.5
24/02/2026 14:57,32.41,8.14,3.72
24/02/2026 15:00,29.44,7.35,6.37
24/02/2026 15:03,29.52,6.96,7.94
24/02/2026 15:06,28.48,7.49,4.18
24/02/2026 15:09,31.44,7.32,7.31
24/02/2026 15:12,28.73,7.24,5.25
24/02/2026 15:15,28.7,7.46,6.94
24/02/2026 15:18,29.02,6.59,7.41
24/02/2026 15:21,29.4,7.11,6.87
24/02/2026 15:24,29.33,7.64,7.41
24/02/2026 15:27,30.75,8.15,7.96
24/02/2026 15:30,28.49,8.05,7.29
24/02/2026 15:33,29.3,7.5,3.94
24/02/2026 15:36,28.75,7.52,6.27
24/02/2026 15:39,30.91,8.36,7.58
24/02/2026 15:42,29.52,8.92,7.2
24/02/2026 15:45,29.79,8,7.93
24/02/2026 15:48,30.88,7.47,7.19
24/02/2026 15:51,30.06,7.49,6.35
24/02/2026 15:54,29.54,7.14,5.87
24/02/2026 15:57,26.15,7.59,5.92
24/02/2026 16:00,29.09,6.3,7.55
24/02/2026 16:03,30.32,7.19,6.06
24/02/2026 16:06,26.87,7.2,7.56
24/02/2026 16:09,29.23,7.15,5.55
24/02/2026 16:12,30.27,7.24,5.39
24/02/2026 16:15,28.6,7.5,8.04
24/02/2026 16:18,28.07,7.2,6
24/02/2026 16:21,28.94,7.64,7.93
24/02/2026 16:24,30.16,7.78,5.82
24/02/2026 16:27,30.98,7.89,7.46
24/02/2026 16:30,28.61,6.72,6.08
24/02/2026 16:33,30.44,7.08,5.01
24/02/2026 16:36,29.81,7.12,7.38
24/02/2026 16:39,29.42,7.64,7.18
24/02/2026 16:42,30.75,7.15,5.98
24/02/2026 16:45,29.65,7.1,7.78
24/02/2026 16:48,29.66,8.5,6.81
24/02/2026 16:51,26.75,7.46,5.96
24/02/2026 16:54,28.11,7.24,6.72
24/02/2026 16:57,29.87,8.12,5.62
24/02/2026 17:00,30.33,7.68,7.59
24/02/2026 17:03,29.75,8.44,5.66
24/02/2026 17:06,30.42,7.23,7.94
24/02/2026 17:09,29.77,7.27,3.88
24/02/2026 17:12,30.1,8.35,7.07
24/02/2026 17:15,28.85,8.47,7.39
24/02/2026 17:18,28.46,8.82,6.12
24/02/2026 17:21,29.7,8.43,9.57
24/02/2026 17:24,30.2,8.45,5.79
24/02/2026 17:27,29.64,6.41,6.75
24/02/2026 17:30,28.53,7.01,6.75
24/02/2026 17:33,30.42,8.13,6.76
24/02/2026 17:36,28.53,7.1,7.29
24/02/2026 17:39,29.25,7.63,5.02
24/02/2026 17:42,30.58,6.94,6.92
24/02/2026 17:45,28.61,7.69,6.25
24/02/2026 17:48,28.91,7.42,5.26
24/02/2026 17:51,30.87,7.99,5.45
24/02/2026 17:54,29.49,7.34,5.7
24/02/2026 17:57,28.79,7.79,7.19
24/02/2026 18:00,28.02,7.52,7.13
24/02/2026 18:03,29.52,7.92,9.43
24/02/2026 18:06,30.6,7.84,5.35
24/02/2026 18:09,28.77,7.21,6.04
24/02/2026 18:12,29.82,6.71,5.73
24/02/2026 18:15,28.14,6.74,6.89
24/02/2026 18:18,25.89,7.86,5.2
24/02/2026 18:21,28.01,8.91,5.01
24/02/2026 18:24,29.66,7.24,6.6
24/02/2026 18:27,33.54,7.62,6.22
24/02/2026 18:30,28.33,7.93,7.58
24/02/2026 18:33,32.26,8.19,6.85
24/02/2026 18:36,30.93,8.16,7.69
24/02/2026 18:39,27.98,8.35,7.44
24/02/2026 18:42,29.93,9.04,7.31
24/02/2026 18:45,29.48,8.03,5.39
24/02/2026 18:48,29.32,7.46,7.91
24/02/2026 18:51,28.3,6.73,9.16
24/02/2026 18:54,26.17,7.64,7.1
24/02/2026 18:57,30.16,7.64,5.21
24/02/2026 19:00,30.9,7.56,6.9
24/02/2026 19:03,29.67,7.67,7.15
24/02/2026 19:06,29.7,8.14,7.39
24/02/2026 19:09,28.6,7.79,7.64
24/02/2026 19:12,28.6,8.5,6.01
24/02/2026 19:15,26.92,8.3,6.27
24/02/2026 19:18,28.06,7.85,7.06
24/02/2026 19:21,30.13,7.31,5.48
24/02/2026 19:24,30.35,7.58,6.19
24/02/2026 19:27,25.5,6.89,6.68
24/02/2026 19:30,29.82,7.21,5.92
24/02/2026 19:33,28.27,7.33,6.09
24/02/2026 19:36,28.28,8.17,5.63
24/02/2026 19:39,29.01,8.39,7.87
24/02/2026 19:42,30.02,6.42,7.85
24/02/2026 19:45,31.08,8.07,7.25
24/02/2026 19:48,25.52,7.16,7
24/02/2026 19:51,25.04,7.8,6.8
24/02/2026 19:54,30.43,8.31,7.44
24/02/2026 19:57,29.94,7.28,5.09
24/02/2026 20:00,28.26,7.37,5.3
24/02/2026 20:03,29.25,8.39,5.55
24/02/2026 20:06,28.34,8.22,6.19
24/02/2026 20:09,29.15,8.23,6.9
24/02/2026 20:12,32.84,6.58,5.1
24/02/2026 20:15,30.7,7.78,6.01
24/02/2026 20:18,30.49,7.9,7.09
24/02/2026 20:21,25.71,8.32,4.62
24/02/2026 20:24,29.9,8.07,5.89
24/02/2026 20:27,28.63,6.6,7.76
24/02/2026 20:30,28.31,6.52,5.68
24/02/2026 20:33,30.55,7.58,3.55
24/02/2026 20:36,29.51,7.82,6.51
24/02/2026 20:39,28.25,8.36,6.89
24/02/2026 20:42,30.63,6.3,6.79
24/02/2026 20:45,29.63,8.06,5.9
24/02/2026 20:48,30.81,7.79,7.15
24/02/2026 20:51,28.11,7.19,5.44
24/02/2026 20:54,28.7,8.72,7.72
24/02/2026 20:57,29,7.18,7.7
24/02/2026 21:00,28.35,7.08,5.91
24/02/2026 21:03,28.54,7.14,6.66
24/02/2026 21:06,29.65,7.55,5.01
24/02/2026 21:09,28.94,7.68,7.66
24/02/2026 21:12,29.4,7.14,6.02
24/02/2026 21:15,31.77,7.35,5.18
24/02/2026 21:18,28.36,7.68,6.74
24/02/2026 21:21,30.9,8.29,6.35
24/02/2026 21:24,29.55,8.11,4.23
24/02/2026 21:27,28.99,8.44,5.84
24/02/2026 21:30,29.52,7.85,7.76
24/02/2026 21:33,30.03,7.46,5.07
24/02/2026 21:36,29.32,8.17,8.95
24/02/2026 21:39,29.61,6.49,6.79
24/02/2026 21:42,29.52,8.04,7.53
24/02/2026 21:45,29.98,8.06,6.78
24/02/2026 21:48,28.84,7.83,7.98
24/02/2026 21:51,30.3,7.15,8.49
24/02/2026 21:54,29.31,7.36,5.85
24/02/2026 21:57,30.56,8.44,5.1
24/02/2026 22:00,33.28,7.24,4.27
24/02/2026 22:03,29.08,7.68,7.56
24/02/2026 22:06,28.6,7.13,7.48
24/02/2026 22:09,28.82,7.83,5.9
24/02/2026 22:12,28.25,7.7,7.2
24/02/2026 22:15,29.96,7.41,5.89
24/02/2026 22:18,28.72,7.67,5.38
24/02/2026 22:21,29.2,7.34,6.31
24/02/2026 22:24,28.88,7.35,7.7
24/02/2026 22:27,28.78,8.46,7.92
24/02/2026 22:30,30.76,8.2,7.38
24/02/2026 22:33,30.93,7.34,7.41
24/02/2026 22:36,30.28,7.08,7.39
24/02/2026 22:39,30.75,7.24,6.67
24/02/2026 22:42,28.67,7.04,4.32
24/02/2026 22:45,28.03,7.28,7.3
24/02/2026 22:48,29,7.46,6.93
24/02/2026 22:51,28.56,8.13,5.92
24/02/2026 22:54,28.47,7.86,5.37
24/02/2026 22:57,30.96,7.13,6.66
24/02/2026 23:00,28.55,8.39,6.07
24/02/2026 23:03,29.08,8.09,7.28
24/02/2026 23:06,28.1,7.77,5.38
24/02/2026 23:09,30.1,7.86,7.37
24/02/2026 23:12,29.46,7.94,6.36
24/02/2026 23:15,28.38,7.91,7.85
24/02/2026 23:18,28.81,8.29,6.19
24/02/2026 23:21,31.04,8.06,5.46
24/02/2026 23:24,28.16,8.04,7.62
24/02/2026 23:27,32.25,7.99,7.74
24/02/2026 23:30,30.93,8.08,7.72
24/02/2026 23:33,28.92,7.32,7.94
24/02/2026 23:36,28.19,6.73,8.15
24/02/2026 23:39,30.61,8.13,7.1
24/02/2026 23:42,29.64,7.66,5.19
24/02/2026 23:45,29.71,8.75,6.38
24/02/2026 23:48,29.15,8.07,5.56
24/02/2026 23:51,29.98,8.49,6.18
24/02/2026 23:54,28.91,8.34,6.01
24/02/2026 23:57,29.78,8.35,5.45
25/02/2026 0:00,28.74,7.76,5.4
25/02/2026 0:03,25.6,7.18,7.89
25/02/2026 0:06,27.39,7.13,7.81
25/02/2026 0:09,29.28,8.45,5.75
25/02/2026 0:12,28.72,7.88,5.01
25/02/2026 0:15,30.76,7.8,7.28
25/02/2026 0:18,29.46,8,6.3
25/02/2026 0:21,29.8,7.67,7.02
25/02/2026 0:24,29.81,7.86,5.94
25/02/2026 0:27,30.64,8.15,7.55
25/02/2026 0:30,29.51,8,6.1
25/02/2026 0:33,30.87,7.3,5.12
25/02/2026 0:36,30.41,8.11,6.05
25/02/2026 0:39,30.67,8.24,7.7
25/02/2026 0:42,29.76,7.69,5.04
25/02/2026 0:45,28.9,7.64,5.81
25/02/2026 0:48,28.51,7.72,7.9
25/02/2026 0:51,30.03,7.33,7.15
25/02/2026 0:54,28.14,7.92,6.6
25/02/2026 0:57,29.75,8.42,7.95
25/02/2026 1:00,29.29,7.69,9.78
25/02/2026 1:03,28.58,7.83,7.94
25/02/2026 1:06,25.53,7.37,6.32
25/02/2026 1:09,30.62,7.79,4.65
25/02/2026 1:12,26.11,7.11,7.46
25/02/2026 1:15,32.92,6.59,6.71
25/02/2026 1:18,28.83,7.75,6.6
25/02/2026 1:21,28.34,7.21,5.18
25/02/2026 1:24,28.82,7.15,6.6
25/02/2026 1:27,29.36,7.7,7.19
25/02/2026 1:30,29.69,8.48,8.59
25/02/2026 1:33,27.78,7.64,5.55
25/02/2026 1:36,30.85,7.09,7.42
25/02/2026 1:39,29.07,7.08,6.39
25/02/2026 1:42,30.46,8.26,6.49
25/02/2026 1:45,30.35,8.15,7.14
25/02/2026 1:48,28.95,8.15,6.95
25/02/2026 1:51,29.97,7.08,7.69
25/02/2026 1:54,30.03,8.45,6.78
25/02/2026 1:57,31.97,7.37,5.66
25/02/2026 2:00,28.59,7.77,6.06
25/02/2026 2:03,30.8,7.15,7.78
25/02/2026 2:06,28.19,7.06,6.94
25/02/2026 2:09,28.19,8.19,7.11
25/02/2026 2:12,29.66,7.19,8.18
25/02/2026 2:15,28.94,8.09,6.08
25/02/2026 2:18,29.66,7.03,5.19
25/02/2026 2:21,28.89,7.06,7.79
25/02/2026 2:24,30.66,7.81,6.85
25/02/2026 2:27,29.36,8.26,7.11
25/02/2026 2:30,28.34,8.37,7.92
25/02/2026 2:33,28.82,8.49,7
25/02/2026 2:36,28.48,7.06,6.28
25/02/2026 2:39,30.97,8.34,6.45
25/02/2026 2:42,30.29,8.46,5.23
25/02/2026 2:45,28.72,6.88,5.32
25/02/2026 2:48,28.62,8.46,6.32
25/02/2026 2:51,30.13,8.28,5.82
25/02/2026 2:54,30.35,8.03,5.95
25/02/2026 2:57,32.12,7.29,5.81
25/02/2026 3:00,29.49,7.99,5.93
25/02/2026 3:03,30.77,7.87,6.29
25/02/2026 3:06,29.3,8.46,7.78
25/02/2026 3:09,29.79,8.15,5.82
25/02/2026 3:12,28.19,8.14,6.6
25/02/2026 3:15,29.62,7.52,6.38
25/02/2026 3:18,26.15,7.29,6.11
25/02/2026 3:21,28.69,6.81,4.31
25/02/2026 3:24,28.37,8.03,7.58
25/02/2026 3:27,29.09,8.18,5.26
25/02/2026 3:30,29.79,8.4,5.32
25/02/2026 3:33,30.54,8.32,7.09
25/02/2026 3:36,29,7.26,6.63
25/02/2026 3:39,29.55,8.89,5.01
25/02/2026 3:42,30,7.42,5.78
25/02/2026 3:45,28.03,7.2,7.53
25/02/2026 3:48,29.69,7.52,5.01
25/02/2026 3:51,29.81,7.39,5.37
25/02/2026 3:54,28.36,8.12,7.11
25/02/2026 3:57,29.34,7,5.97
25/02/2026 4:00,29.32,7.18,6.13
25/02/2026 4:03,30.24,7.44,5.08
25/02/2026 4:06,28.95,8.39,6.24
25/02/2026 4:09,29.09,7.48,6.98
25/02/2026 4:12,28.18,6.98,7.59
25/02/2026 4:15,28.74,7.8,9.56
25/02/2026 4:18,29.96,8.15,5.48
25/02/2026 4:21,28.95,6.71,5.08
25/02/2026 4:24,29.78,7.62,6.24
25/02/2026 4:27,29.08,8.74,7.81
25/02/2026 4:30,29.77,8.04,6.53
25/02/2026 4:33,29.95,8.27,6.93
25/02/2026 4:36,29.22,7.9,5.26
25/02/2026 4:39,30.66,7.22,5.31
25/02/2026 4:42,28.02,8.38,7.13
25/02/2026 4:45,28.39,7.72,7.55
25/02/2026 4:48,29.66,7.71,7.48
25/02/2026 4:51,28.48,7.61,5.3
25/02/2026 4:54,28.89,7.3,6.58
25/02/2026 4:57,28.72,7.47,7.71
25/02/2026 5:00,29.58,7.19,7.93
25/02/2026 5:03,28.74,7.58,9.27
25/02/2026 5:06,29.36,8.95,6.96
25/02/2026 5:09,29.9,8.61,7.01
25/02/2026 5:12,28.74,7.55,9.72
25/02/2026 5:15,28.54,7.77,7.77
25/02/2026 5:18,31.47,7.52,5.53
25/02/2026 5:21,30.97,7.86,6.11
25/02/2026 5:24,28.55,8.36,5.58
25/02/2026 5:27,29,8.25,7.02
25/02/2026 5:30,29.2,8.35,5.69
25/02/2026 5:33,30.58,7.81,5.47
25/02/2026 5:36,28.83,7.17,4.47
25/02/2026 5:39,28.66,8.15,6.43
25/02/2026 5:42,28.38,7.77,7.44
25/02/2026 5:45,30.28,7.85,6.17
25/02/2026 5:48,27.62,7.04,6.53
25/02/2026 5:51,29.7,7.93,8.9
25/02/2026 5:54,28.28,7.21,3.83
25/02/2026 5:57,29.36,8.01,7.63
25/02/2026 6:00,30.97,7.33,7.32
25/02/2026 6:03,30.77,7.07,5.09
25/02/2026 6:06,29.69,7.25,7.23
25/02/2026 6:09,28.71,7.72,5.93
25/02/2026 6:12,29.77,7.52,5.17
25/02/2026 6:15,29.54,7.91,6.98
25/02/2026 6:18,30.91,7.53,7.56
25/02/2026 6:21,28.05,8.17,5.05
25/02/2026 6:24,25.37,8.13,6.24
25/02/2026 6:27,28.93,7.8,6.32
25/02/2026 6:30,33.66,8.08,6.4
25/02/2026 6:33,29.21,7.78,4.34
25/02/2026 6:36,30.19,7.06,7.18
25/02/2026 6:39,30.25,7.13,4.16
25/02/2026 6:42,30.2,7.35,5.64
25/02/2026 6:45,29.71,8.37,6.69
25/02/2026 6:48,29.66,7.89,6.16
25/02/2026 6:51,28.87,7.62,6.48
25/02/2026 6:54,30.61,8.4,7.38
25/02/2026 6:57,29.28,7.1,6.85
25/02/2026 7:00,29.07,7.71,7.75
25/02/2026 7:03,30.39,7.32,7.56
25/02/2026 7:06,30.17,7.03,6.8
25/02/2026 7:09,28.96,7.06,3.69
25/02/2026 7:12,28.07,7.95,3.69
25/02/2026 7:15,28.03,6.91,6.88
25/02/2026 7:18,30.55,7.85,5.59
25/02/2026 7:21,28.45,8.33,7.41
25/02/2026 7:24,29.81,7.69,7.29
25/02/2026 7:27,29.77,8.27,5.86
25/02/2026 7:30,28.68,8.2,5.31
25/02/2026 7:33,29.34,7.7,6.07
25/02/2026 7:36,29.26,7.83,5.6
25/02/2026 7:39,29.51,7.52,7.67
25/02/2026 7:42,30.57,8.16,7.24
25/02/2026 7:45,30.75,7.89,6.4
25/02/2026 7:48,28.26,6.5,5.42
25/02/2026 7:51,29.29,8,5.24
25/02/2026 7:54,28.88,7.98,7.45
25/02/2026 7:57,30.36,7.47,5.66
25/02/2026 8:00,29.04,8.25,7.47
25/02/2026 8:03,29.46,8.08,6.37
25/02/2026 8:06,30.12,7.27,5.36
25/02/2026 8:09,29.91,7.94,7.96
25/02/2026 8:12,30.23,8.08,7.15
25/02/2026 8:15,29.29,7.4,5.33
25/02/2026 8:18,29.62,7.13,5.42
25/02/2026 8:21,28.82,7.01,6
25/02/2026 8:24,26.58,6.34,7.63
25/02/2026 8:27,30.33,8.11,6.22
25/02/2026 8:30,30.6,8.23,5.24
25/02/2026 8:33,28.91,8.09,7.01
25/02/2026 8:36,29.49,7.17,5.86
25/02/2026 8:39,28.31,7.96,5.99
25/02/2026 8:42,28.34,7.81,7.03
25/02/2026 8:45,28.43,8.26,5.93
25/02/2026 8:48,29.89,7.51,9.48
25/02/2026 8:51,30.36,7.01,5.11
25/02/2026 8:54,28.39,7.42,5.22
25/02/2026 8:57,30.99,8.29,5.14
25/02/2026 9:00,29.06,8.12,7.09
25/02/2026 9:03,30.68,7.77,6.73
25/02/2026 9:06,31,8.3,6.83
25/02/2026 9:09,30.52,7.29,5.41
25/02/2026 9:12,29.14,7.72,5.35
25/02/2026 9:15,28.07,7.06,4.16
25/02/2026 9:18,31.49,7.81,6.25
25/02/2026 9:21,29.52,8.36,7.57
25/02/2026 9:24,29.46,7.32,5.06
25/02/2026 9:27,28.01,7.68,6.6
25/02/2026 9:30,30.61,7.5,7.51
25/02/2026 9:33,28.44,8.26,3.76
25/02/2026 9:36,29.88,8.04,7.45
25/02/2026 9:39,28.79,7.72,6.06
25/02/2026 9:42,29.24,7.21,7.18
25/02/2026 9:45,29.41,6.54,7.37
25/02/2026 9:48,29.76,7.82,6.3
25/02/2026 9:51,29.56,7.55,7.79
25/02/2026 9:54,29.09,7.48,7.57
25/02/2026 9:57,28.12,7.38,9.56
25/02/2026 10:00,28.38,7.34,6.41
25/02/2026 10:03,29.87,7.93,5.31
25/02/2026 10:06,29.82,7.78,7.65
25/02/2026 10:09,30,7.45,6.38
25/02/2026 10:12,28.24,8.31,8.32
25/02/2026 10:15,28.75,7.33,5.7
25/02/2026 10:18,33.83,7.78,5.16
25/02/2026 10:21,28.7,8.53,6.48
25/02/2026 10:24,30.44,8.26,8.95
25/02/2026 10:27,30.28,7.87,6.16
25/02/2026 10:30,30.25,8.47,6.17
25/02/2026 10:33,30.92,8.49,7.95
25/02/2026 10:36,30.75,8.65,7.22
25/02/2026 10:39,29.93,7.11,7.66
25/02/2026 10:42,29.53,7.34,6.31
25/02/2026 10:45,30.45,7.5,5.73
25/02/2026 10:48,29.65,7.57,5.1
25/02/2026 10:51,30.3,6.84,7.9
25/02/2026 10:54,28.54,8.5,7.88
25/02/2026 10:57,29.54,7.4,4
25/02/2026 11:00,33.84,7.38,7.19
25/02/2026 11:03,29.45,8.23,5.04
25/02/2026 11:06,29.45,8.7,6.88
25/02/2026 11:09,29.56,6.67,5.2
25/02/2026 11:12,29.84,8.06,4.38
25/02/2026 11:15,29.82,7.76,7.46
25/02/2026 11:18,30.86,8.37,7.52
25/02/2026 11:21,28.66,7.1,6.98
25/02/2026 11:24,28.43,8.13,5.16
25/02/2026 11:27,30.19,7.77,5.12
25/02/2026 11:30,28.73,7.1,6.08
25/02/2026 11:33,28.84,8.2,7.55
25/02/2026 11:36,28.54,8.37,7.41
25/02/2026 11:39,29.43,8.54,5.27
25/02/2026 11:42,27.33,7.1,7.15
25/02/2026 11:45,29.23,8,6.2
25/02/2026 11:48,30.93,7.17,7.73
25/02/2026 11:51,31.63,7.19,6.16
25/02/2026 11:54,30.03,7.8,5.17
25/02/2026 11:57,29.75,7.02,6.55
25/02/2026 12:00,27.22,7.13,5.26
25/02/2026 12:03,29.73,8.05,6.03
25/02/2026 12:06,28.86,9,7.52
25/02/2026 12:09,30.66,7.56,7.73
25/02/2026 12:12,28.35,8.42,5.95
25/02/2026 12:15,30.21,8.01,4.67
25/02/2026 12:18,28.37,7.84,7.99
25/02/2026 12:21,29.5,7.32,6.31
25/02/2026 12:24,28.65,7.2,5.21
25/02/2026 12:27,29.66,7.94,5.87
25/02/2026 12:30,28.59,7.77,5.72
25/02/2026 12:33,29.51,8.38,6.95
25/02/2026 12:36,28.09,7.44,6.57
25/02/2026 12:39,28.74,7.94,5.6
25/02/2026 12:42,30.21,7.72,5.53
25/02/2026 12:45,31.77,7.26,7.58
25/02/2026 12:48,29.56,8.48,5.65
25/02/2026 12:51,29.49,7.56,7.02
25/02/2026 12:54,26.98,7.36,5.31
25/02/2026 12:57,33.04,7.41,5.65
25/02/2026 13:00,29.91,7.93,7.75
25/02/2026 13:03,29.58,7.67,5.32
25/02/2026 13:06,28.79,8.2,6.08
25/02/2026 13:09,30.67,6.58,6.71
25/02/2026 13:12,28.94,7.43,5.08
25/02/2026 13:15,28.05,7.7,7.12
25/02/2026 13:18,28.57,8.1,6.71
25/02/2026 13:21,29.23,7.11,7.14
25/02/2026 13:24,28.03,7.95,5.9
25/02/2026 13:27,29.64,7.26,6.51
25/02/2026 13:30,30.86,8.26,5.03
25/02/2026 13:33,29.68,7.54,7.06
25/02/2026 13:36,28.62,7.84,5.31
25/02/2026 13:39,28.19,7.63,6.12
25/02/2026 13:42,29.62,8.46,5.13
25/02/2026 13:45,30.06,7.8,7.08
25/02/2026 13:48,29.92,7.08,6.91
25/02/2026 13:51,29.7,7.88,6.37
25/02/2026 13:54,29.1,7.82,6.9
25/02/2026 13:57,32.03,7.84,5.51
25/02/2026 14:00,29.17,7.7,7.83
25/02/2026 14:03,30.59,8.15,7.5
25/02/2026 14:06,28.15,7.13,4.18
25/02/2026 14:09,28.9,7.73,7.14
25/02/2026 14:12,28.86,8.01,9.72
25/02/2026 14:15,30.94,8.07,5.39
25/02/2026 14:18,29.51,8.64,5.18
25/02/2026 14:21,28.54,7.23,6.09
25/02/2026 14:24,31.4,7.97,6.69
25/02/2026 14:27,30.54,7.49,5.2
25/02/2026 14:30,29.12,8.2,6.58
25/02/2026 14:33,32.48,7.29,6.24
25/02/2026 14:36,29.16,8.48,6.42
25/02/2026 14:39,29.01,9.09,5.19
25/02/2026 14:42,28.45,8.12,7.39
25/02/2026 14:45,29.34,7.38,6.34
25/02/2026 14:48,29.65,8.78,6.42
25/02/2026 14:51,29.36,7.96,7.87
25/02/2026 14:54,29.14,7.29,7.22
25/02/2026 14:57,28.69,7.69,6.31
25/02/2026 15:00,30.58,7.52,7.51
25/02/2026 15:03,30.59,7.96,4.35
25/02/2026 15:06,29.69,9.05,3.59
25/02/2026 15:09,30.13,6.93,7.2
25/02/2026 15:12,30.73,8.25,6.49
25/02/2026 15:15,28.48,7.31,5.13
25/02/2026 15:18,28.38,7.65,6.41
25/02/2026 15:21,28.6,7.57,7.99
25/02/2026 15:24,31.02,8.32,9.04
25/02/2026 15:27,29.77,7.75,6.44
25/02/2026 15:30,28.22,7.41,9.36
25/02/2026 15:33,30.2,8.5,5.42
25/02/2026 15:36,28.15,7.6,6.8
25/02/2026 15:39,28.08,7.32,7.39
25/02/2026 15:42,30.9,8.25,6.35
25/02/2026 15:45,29.06,7.63,5.95
25/02/2026 15:48,29.68,6.72,7.79
25/02/2026 15:51,29.45,7.82,3.51
25/02/2026 15:54,29.94,7.24,6.78
25/02/2026 15:57,26.7,8.71,5.07
25/02/2026 16:00,30.83,7.56,5.85
25/02/2026 16:03,29.67,7.91,6.84
25/02/2026 16:06,28.97,7.27,5.89
25/02/2026 16:09,25.66,7.93,4.13
25/02/2026 16:12,28.12,8.28,5.21
25/02/2026 16:15,31.74,7.57,5.27
25/02/2026 16:18,29.93,7.32,7.04
25/02/2026 16:21,29.26,7.07,6.72
25/02/2026 16:24,30.87,7.23,7.28
25/02/2026 16:27,29.76,8.19,5.02
25/02/2026 16:30,29.9,7.42,7.37
25/02/2026 16:33,25.72,6.64,6.2
25/02/2026 16:36,29.92,7.14,5.27
25/02/2026 16:39,29.63,8.16,6.56
25/02/2026 16:42,29.16,8.16,6.68
25/02/2026 16:45,29.38,7.6,7.86
25/02/2026 16:48,30.05,8.85,7.82
25/02/2026 16:51,28.72,8.84,7.33
25/02/2026 16:54,28.55,7.48,6.14
25/02/2026 16:57,30.7,7.04,4.7
25/02/2026 17:00,30.05,7.72,6.95
25/02/2026 17:03,25.03,7.07,9.83
25/02/2026 17:06,30.61,8.49,7.14
25/02/2026 17:09,29.1,7.42,6.8
25/02/2026 17:12,29.73,8.31,5.53
25/02/2026 17:15,29.81,8.18,6.34
25/02/2026 17:18,30.68,7.52,8.61
25/02/2026 17:21,30.63,8.28,6.16
25/02/2026 17:24,28.78,7.79,9.87
25/02/2026 17:27,30.91,8.34,7.46
25/02/2026 17:30,29.12,8.19,5.65
25/02/2026 17:33,29.83,7.33,6.26
25/02/2026 17:36,30.98,8.38,7.5
25/02/2026 17:39,29.22,7.52,6.83
25/02/2026 17:42,29.93,8.06,6.94
25/02/2026 17:45,30.96,7.41,6.76
25/02/2026 17:48,29.89,7.53,7.19
25/02/2026 17:51,29.97,7.03,7.77
25/02/2026 17:54,30.36,8.77,4.44
25/02/2026 17:57,30.36,7.8,7.74
25/02/2026 18:00,26.34,7.39,7.53
25/02/2026 18:03,30.84,7.14,5.14
25/02/2026 18:06,29.95,7.04,6.35
25/02/2026 18:09,28.75,7.42,7.07
25/02/2026 18:12,28.18,8.02,6.22
25/02/2026 18:15,28.24,8.23,7.47
25/02/2026 18:18,30.89,7.87,6.01
25/02/2026 18:21,30.47,7.32,5.71
25/02/2026 18:24,29.78,7,6.62
25/02/2026 18:27,30.7,7.86,5.43
25/02/2026 18:30,25.8,7.62,6.2
25/02/2026 18:33,30.61,7.67,6.23
25/02/2026 18:36,29.08,8.27,5.73
25/02/2026 18:39,30.43,7.08,5.13
25/02/2026 18:42,28.6,6.85,6.71
25/02/2026 18:45,25.72,7.24,5.92
25/02/2026 18:48,30.95,7.93,6.84
25/02/2026 18:51,28.95,7,7.26
25/02/2026 18:54,28.84,7.73,5.96
25/02/2026 18:57,28.55,7.18,6.21
25/02/2026 19:00,26.92,8.09,9.77
25/02/2026 19:03,29.67,7.2,7.65
25/02/2026 19:06,30.7,8.22,5.82
25/02/2026 19:09,29.66,7.86,5.01
25/02/2026 19:12,28.12,8.34,5.8
25/02/2026 19:15,28.16,7.2,6.17
25/02/2026 19:18,29.55,7.38,5.52
25/02/2026 19:21,30.67,7.83,7.38
25/02/2026 19:24,29.75,7.32,7.92
25/02/2026 19:27,30.24,7.71,6.64
25/02/2026 19:30,30.51,7.37,7.39
25/02/2026 19:33,28.39,7.62,5.22
25/02/2026 19:36,29.29,8.01,4.58
25/02/2026 19:39,28.01,7.75,7.48
25/02/2026 19:42,29.26,8.36,6.71
25/02/2026 19:45,30.58,8,5.48
25/02/2026 19:48,30.36,7.47,6.81
25/02/2026 19:51,29,8.13,7.57
25/02/2026 19:54,30.14,7.43,6.3
25/02/2026 19:57,30.14,8.46,5.32
25/02/2026 20:00,29.47,6.38,7.4
25/02/2026 20:03,28.31,7.13,6.98
25/02/2026 20:06,30.78,7.65,5.7
25/02/2026 20:09,29.72,7.42,7.09
25/02/2026 20:12,28.54,7.97,7.37
25/02/2026 20:15,30.02,6.42,7.11
25/02/2026 20:18,30.31,8.26,7.29
25/02/2026 20:21,28.33,8.45,6.64
25/02/2026 20:24,29.27,6.58,4.7
25/02/2026 20:27,30.85,7.64,7.68
25/02/2026 20:30,29.76,7.93,6.63
25/02/2026 20:33,32.86,8.39,5.86
25/02/2026 20:36,30.35,7.81,5.83
25/02/2026 20:39,28.45,7.19,5.31
25/02/2026 20:42,33.93,8.18,6.24
25/02/2026 20:45,28.8,8.49,5.37
25/02/2026 20:48,31.18,7,9.43
25/02/2026 20:51,31.27,7.86,6.68
25/02/2026 20:54,30.89,8.87,7.99
25/02/2026 20:57,28.24,8.21,7.5
25/02/2026 21:00,30.68,8.01,6.03
25/02/2026 21:03,28.19,8.27,5.45
25/02/2026 21:06,29.78,8.02,6.63
25/02/2026 21:09,28.04,7.44,6.81
25/02/2026 21:12,25.47,7.72,3.6
25/02/2026 21:15,30.71,8.34,6.6
25/02/2026 21:18,29.6,8.74,7.59
25/02/2026 21:21,29.61,7.25,5.63
25/02/2026 21:24,29.17,7.13,7.94
25/02/2026 21:27,30.09,6.56,6.71
25/02/2026 21:30,30,7.38,7.63
25/02/2026 21:33,29.81,8.08,6.52
25/02/2026 21:36,29.38,7.08,6.98
25/02/2026 21:39,28.57,8.17,5.89
25/02/2026 21:42,29.74,8.45,7.26
25/02/2026 21:45,30.82,7.36,6.03
25/02/2026 21:48,28.9,8.58,5.3
25/02/2026 21:51,32.39,8.25,5.83
25/02/2026 21:54,29.38,7.85,8.92
25/02/2026 21:57,28.17,7.39,6.85
25/02/2026 22:00,28.26,8.09,7.78
25/02/2026 22:03,25.71,7.44,6.36
25/02/2026 22:06,28.6,8.3,5.84
25/02/2026 22:09,29.89,7.68,7.39
25/02/2026 22:12,28.82,7.99,5.79
25/02/2026 22:15,30.85,8.19,7.47
25/02/2026 22:18,29.25,7.31,7.06
25/02/2026 22:21,29.87,7.07,7.39
25/02/2026 22:24,29.7,7.92,3.57
25/02/2026 22:27,29.49,7.62,6.95
25/02/2026 22:30,29.2,7.16,5.31
25/02/2026 22:33,29.34,7.34,7.59
25/02/2026 22:36,30.99,7.95,5.75
25/02/2026 22:39,28.28,9.1,7.26
25/02/2026 22:42,30.9,7.77,6.9
25/02/2026 22:45,28.76,7.23,5.22
25/02/2026 22:48,30.39,7.74,7.6
25/02/2026 22:51,28.69,8.17,7.73
25/02/2026 22:54,33.47,8.23,6.54
25/02/2026 22:57,29.17,8.49,5.53
25/02/2026 23:00,30.14,7.42,5.73
25/02/2026 23:03,30.77,7.46,7.55
25/02/2026 23:06,29.31,7.91,6.18
25/02/2026 23:09,29.83,8.57,7
25/02/2026 23:12,29.04,7.21,5.27
25/02/2026 23:15,28.63,7.72,7.75
25/02/2026 23:18,30.82,7.42,5.52
25/02/2026 23:21,30.82,7.82,6.24
25/02/2026 23:24,30.93,8.22,7
25/02/2026 23:27,30.93,8.02,7.01
25/02/2026 23:30,30.71,8.17,6.5
25/02/2026 23:33,29.68,7.73,9.26
25/02/2026 23:36,28.93,8.14,6.02
25/02/2026 23:39,29.17,8.14,5.44
25/02/2026 23:42,28.88,7.76,5.18
25/02/2026 23:45,28.95,7.52,7.48
25/02/2026 23:48,30.3,6.68,7.69
25/02/2026 23:51,30.82,7.58,5.32
25/02/2026 23:54,29.71,7.71,6.74
25/02/2026 23:57,30.14,8.04,6.14
26/02/2026 0:00,28.82,7.9,5.9
26/02/2026 0:03,30.69,8.13,6.72
26/02/2026 0:06,29.59,8.48,7.33
26/02/2026 0:09,27.24,7.88,6.95
26/02/2026 0:12,29.99,8.46,7.34
26/02/2026 0:15,30.59,8.29,7.27
26/02/2026 0:18,28.95,8.14,7.17
26/02/2026 0:21,28.56,8.22,6.72
26/02/2026 0:24,31.51,7.12,7.16
26/02/2026 0:27,29.67,7.34,7.6
26/02/2026 0:30,30.45,8.14,6.1
26/02/2026 0:33,30.57,7.9,4.89
26/02/2026 0:36,28.15,7.3,6.84
26/02/2026 0:39,26.19,8.13,5.16
26/02/2026 0:42,30.38,7.65,5.28
26/02/2026 0:45,28.83,7.45,6.32
26/02/2026 0:48,28.32,8.44,7.09
26/02/2026 0:51,28.89,8.01,7.69
26/02/2026 0:54,28.37,7.26,4.3
26/02/2026 0:57,29.12,7.33,5.34
26/02/2026 1:00,29.45,8.14,7.1
26/02/2026 1:03,30.77,8.65,7.09
26/02/2026 1:06,30.62,7.03,7.69
26/02/2026 1:09,30.26,8.23,6.78
26/02/2026 1:12,28.29,7.02,6.98
26/02/2026 1:15,27.3,7.65,5.12
26/02/2026 1:18,29.35,8.29,5.91
26/02/2026 1:21,28.99,7.65,7.05
26/02/2026 1:24,32.73,8.54,7.06
26/02/2026 1:27,30.93,7.65,6.1
26/02/2026 1:30,25.54,7.67,6.19
26/02/2026 1:33,30.74,7.43,6.05
26/02/2026 1:36,30.74,8.1,6.88
26/02/2026 1:39,30.52,7.39,7.84
26/02/2026 1:42,32.01,8.15,7.25
26/02/2026 1:45,30.25,8.38,4.15
26/02/2026 1:48,30.13,7.1,6.15
26/02/2026 1:51,29.58,7.02,6.77
26/02/2026 1:54,29.75,8.12,8.5
26/02/2026 1:57,32.41,8.14,3.72
26/02/2026 2:00,29.44,7.35,6.37
26/02/2026 2:03,29.52,6.96,7.94
26/02/2026 2:06,28.48,7.49,4.18
26/02/2026 2:09,31.44,7.32,7.31
26/02/2026 2:12,28.73,7.24,5.25
26/02/2026 2:15,28.7,7.46,6.94
26/02/2026 2:18,29.02,6.59,7.41
26/02/2026 2:21,29.4,7.11,6.87
26/02/2026 2:24,29.33,7.64,7.41
26/02/2026 2:27,30.75,8.15,7.96
26/02/2026 2:30,28.49,8.05,7.29
26/02/2026 2:33,29.3,7.5,3.94
26/02/2026 2:36,28.75,7.52,6.27
26/02/2026 2:39,30.91,8.36,7.58
26/02/2026 2:42,29.52,8.92,7.2
26/02/2026 2:45,29.79,8,7.93
26/02/2026 2:48,30.88,7.47,7.19
26/02/2026 2:51,30.06,7.49,6.35
26/02/2026 2:54,29.54,7.14,5.87
26/02/2026 2:57,26.15,7.59,5.92
26/02/2026 3:00,29.09,6.3,7.55
26/02/2026 3:03,30.32,7.19,6.06
26/02/2026 3:06,26.87,7.2,7.56
26/02/2026 3:09,29.23,7.15,5.55
26/02/2026 3:12,30.27,7.24,5.39
26/02/2026 3:15,28.6,7.5,8.04
26/02/2026 3:18,28.07,7.2,6
26/02/2026 3:21,28.94,7.64,7.93
26/02/2026 3:24,30.16,7.78,5.82
26/02/2026 3:27,30.98,7.89,7.46
26/02/2026 3:30,28.61,6.72,6.08
26/02/2026 3:33,30.44,7.08,5.01
26/02/2026 3:36,29.81,7.12,7.38
26/02/2026 3:39,29.42,7.64,7.18
26/02/2026 3:42,30.75,7.15,5.98
26/02/2026 3:45,29.65,7.1,7.78
26/02/2026 3:48,29.66,8.5,6.81
26/02/2026 3:51,26.75,7.46,5.96
26/02/2026 3:54,28.11,7.24,6.72
26/02/2026 3:57,29.87,8.12,5.62
26/02/2026 4:00,30.33,7.68,7.59
26/02/2026 4:03,29.75,8.44,5.66
26/02/2026 4:06,30.42,7.23,7.94
26/02/2026 4:09,29.77,7.27,3.88
26/02/2026 4:12,30.1,8.35,7.07
26/02/2026 4:15,28.85,8.47,7.39
26/02/2026 4:18,28.46,8.82,6.12
26/02/2026 4:21,29.7,8.43,9.57
26/02/2026 4:24,30.2,8.45,5.79
26/02/2026 4:27,29.64,6.41,6.75
26/02/2026 4:30,28.53,7.01,6.75
26/02/2026 4:33,30.42,8.13,6.76
26/02/2026 4:36,28.53,7.1,7.29
26/02/2026 4:39,29.25,7.63,5.02
26/02/2026 4:42,30.58,6.94,6.92
26/02/2026 4:45,28.61,7.69,6.25
26/02/2026 4:48,28.91,7.42,5.26
26/02/2026 4:51,30.87,7.99,5.45
26/02/2026 4:54,29.49,7.34,5.7
26/02/2026 4:57,28.79,7.79,7.19
26/02/2026 5:00,28.02,7.52,7.13
26/02/2026 5:03,29.52,7.92,9.43
26/02/2026 5:06,30.6,7.84,5.35
26/02/2026 5:09,28.77,7.21,6.04
26/02/2026 5:12,29.82,6.71,5.73
26/02/2026 5:15,28.14,6.74,6.89
26/02/2026 5:18,25.89,7.86,5.2
26/02/2026 5:21,28.01,8.91,5.01
26/02/2026 5:24,29.66,7.24,6.6
26/02/2026 5:27,33.54,7.62,6.22
26/02/2026 5:30,28.33,7.93,7.58
26/02/2026 5:33,32.26,8.19,6.85
26/02/2026 5:36,30.93,8.16,7.69
26/02/2026 5:39,27.98,8.35,7.44
26/02/2026 5:42,29.93,9.04,7.31
26/02/2026 5:45,29.48,8.03,5.39
26/02/2026 5:48,29.32,7.46,7.91
26/02/2026 5:51,28.3,6.73,9.16
26/02/2026 5:54,26.17,7.64,7.1
26/02/2026 5:57,30.16,7.64,5.21
26/02/2026 6:00,30.9,7.56,6.9
26/02/2026 6:03,29.67,7.67,7.15
26/02/2026 6:06,29.7,8.14,7.39
26/02/2026 6:09,28.6,7.79,7.64
26/02/2026 6:12,28.6,8.5,6.01
26/02/2026 6:15,26.92,8.3,6.27
26/02/2026 6:18,28.06,7.85,7.06
26/02/2026 6:21,30.13,7.31,5.48
26/02/2026 6:24,30.35,7.58,6.19
26/02/2026 6:27,25.5,6.89,6.68
26/02/2026 6:30,29.82,7.21,5.92
26/02/2026 6:33,28.27,7.33,6.09
26/02/2026 6:36,28.28,8.17,5.63
26/02/2026 6:39,29.01,8.39,7.87
26/02/2026 6:42,30.02,6.42,7.85
26/02/2026 6:45,31.08,8.07,7.25
26/02/2026 6:48,25.52,7.16,7
26/02/2026 6:51,25.04,7.8,6.8
26/02/2026 6:54,30.43,8.31,7.44
26/02/2026 6:57,29.94,7.28,5.09
26/02/2026 7:00,28.26,7.37,5.3
26/02/2026 7:03,29.25,8.39,5.55
26/02/2026 7:06,28.34,8.22,6.19
26/02/2026 7:09,29.15,8.23,6.9
26/02/2026 7:12,32.84,6.58,5.1
26/02/2026 7:15,30.7,7.78,6.01
26/02/2026 7:18,30.49,7.9,7.09
26/02/2026 7:21,25.71,8.32,4.62
26/02/2026 7:24,29.9,8.07,5.89
26/02/2026 7:27,28.63,6.6,7.76
26/02/2026 7:30,28.31,6.52,5.68
26/02/2026 7:33,30.55,7.58,3.55
26/02/2026 7:36,29.51,7.82,6.51
26/02/2026 7:39,28.25,8.36,6.89
26/02/2026 7:42,30.63,6.3,6.79
26/02/2026 7:45,29.63,8.06,5.9
26/02/2026 7:48,30.81,7.79,7.15
26/02/2026 7:51,28.11,7.19,5.44
26/02/2026 7:54,28.7,8.72,7.72
26/02/2026 7:57,29,7.18,7.7
26/02/2026 8:00,28.35,7.08,5.91
26/02/2026 8:03,28.54,7.14,6.66
26/02/2026 8:06,29.65,7.55,5.01
26/02/2026 8:09,28.94,7.68,7.66
26/02/2026 8:12,29.4,7.14,6.02
26/02/2026 8:15,31.77,7.35,5.18
26/02/2026 8:18,28.36,7.68,6.74
26/02/2026 8:21,30.9,8.29,6.35
26/02/2026 8:24,29.55,8.11,4.23
26/02/2026 8:27,28.99,8.44,5.84
26/02/2026 8:30,29.52,7.85,7.76
26/02/2026 8:33,30.03,7.46,5.07
26/02/2026 8:36,29.32,8.17,8.95
26/02/2026 8:39,29.61,6.49,6.79
26/02/2026 8:42,29.52,8.04,7.53
26/02/2026 8:45,29.98,8.06,6.78
26/02/2026 8:48,28.84,7.83,7.98
26/02/2026 8:51,30.3,7.15,8.49
26/02/2026 8:54,29.31,7.36,5.85
26/02/2026 8:57,30.56,8.44,5.1
26/02/2026 9:00,33.28,7.24,4.27
26/02/2026 9:03,29.08,7.68,7.56
26/02/2026 9:06,28.6,7.13,7.48
26/02/2026 9:09,28.82,7.83,5.9
26/02/2026 9:12,28.25,7.7,7.2
26/02/2026 9:15,29.96,7.41,5.89
26/02/2026 9:18,28.72,7.67,5.38
26/02/2026 9:21,29.2,7.34,6.31
26/02/2026 9:24,28.88,7.35,7.7
26/02/2026 9:27,28.78,8.46,7.92
26/02/2026 9:30,30.76,8.2,7.38
26/02/2026 9:33,30.93,7.34,7.41
26/02/2026 9:36,30.28,7.08,7.39
26/02/2026 9:39,30.75,7.24,6.67
26/02/2026 9:42,28.67,7.04,4.32
26/02/2026 9:45,28.03,7.28,7.3
26/02/2026 9:48,29,7.46,6.93
26/02/2026 9:51,28.56,8.13,5.92
26/02/2026 9:54,28.47,7.86,5.37
26/02/2026 9:57,30.96,7.13,6.66
26/02/2026 10:00,28.55,8.39,6.07
26/02/2026 10:03,29.08,8.09,7.28
26/02/2026 10:06,28.1,7.77,5.38
26/02/2026 10:09,30.1,7.86,7.37
26/02/2026 10:12,29.46,7.94,6.36
26/02/2026 10:15,28.38,7.91,7.85
26/02/2026 10:18,28.81,8.29,6.19
26/02/2026 10:21,31.04,8.06,5.46
26/02/2026 10:24,28.16,8.04,7.62
26/02/2026 10:27,32.25,7.99,7.74
26/02/2026 10:30,30.93,8.08,7.72
26/02/2026 10:33,28.92,7.32,7.94
26/02/2026 10:36,28.19,6.73,8.15
26/02/2026 10:39,30.61,8.13,7.1
26/02/2026 10:42,29.64,7.66,5.19
26/02/2026 10:45,29.71,8.75,6.38
26/02/2026 10:48,29.15,8.07,5.56
26/02/2026 10:51,29.98,8.49,6.18
26/02/2026 10:54,28.91,8.34,6.01
26/02/2026 10:57,29.78,8.35,5.45
26/02/2026 11:00,28.74,7.76,5.4
26/02/2026 11:03,25.6,7.18,7.89
26/02/2026 11:06,27.39,7.13,7.81
26/02/2026 11:09,29.28,8.45,5.75
26/02/2026 11:12,28.72,7.88,5.01
26/02/2026 11:15,30.76,7.8,7.28
26/02/2026 11:18,29.46,8,6.3
26/02/2026 11:21,29.8,7.67,7.02
26/02/2026 11:24,29.81,7.86,5.94
26/02/2026 11:27,30.64,8.15,7.55
26/02/2026 11:30,29.51,8,6.1
26/02/2026 11:33,30.87,7.3,5.12
26/02/2026 11:36,30.41,8.11,6.05
26/02/2026 11:39,30.67,8.24,7.7
26/02/2026 11:42,29.76,7.69,5.04
26/02/2026 11:45,28.9,7.64,5.81
26/02/2026 11:48,28.51,7.72,7.9
26/02/2026 11:51,30.03,7.33,7.15
26/02/2026 11:54,28.14,7.92,6.6
26/02/2026 11:57,29.75,8.42,7.95
26/02/2026 12:00,29.29,7.69,9.78
26/02/2026 12:03,28.58,7.83,7.94
26/02/2026 12:06,25.53,7.37,6.32
26/02/2026 12:09,30.62,7.79,4.65
26/02/2026 12:12,26.11,7.11,7.46
26/02/2026 12:15,32.92,6.59,6.71
26/02/2026 12:18,28.83,7.75,6.6
26/02/2026 12:21,28.34,7.21,5.18
26/02/2026 12:24,28.82,7.15,6.6
26/02/2026 12:27,29.36,7.7,7.19
26/02/2026 12:30,29.69,8.48,8.59
26/02/2026 12:33,27.78,7.64,5.55
26/02/2026 12:36,30.85,7.09,7.42
26/02/2026 12:39,29.07,7.08,6.39
26/02/2026 12:42,30.46,8.26,6.49
26/02/2026 12:45,30.35,8.15,7.14
26/02/2026 12:48,28.95,8.15,6.95
26/02/2026 12:51,29.97,7.08,7.69
26/02/2026 12:54,30.03,8.45,6.78
26/02/2026 12:57,31.97,7.37,5.66
26/02/2026 13:00,28.59,7.77,6.06
26/02/2026 13:03,30.8,7.15,7.78
26/02/2026 13:06,28.19,7.06,6.94
26/02/2026 13:09,28.19,8.19,7.11
26/02/2026 13:12,29.66,7.19,8.18
26/02/2026 13:15,28.94,8.09,6.08
26/02/2026 13:18,29.66,7.03,5.19
26/02/2026 13:21,28.89,7.06,7.79
26/02/2026 13:24,30.66,7.81,6.85
26/02/2026 13:27,29.36,8.26,7.11
26/02/2026 13:30,28.34,8.37,7.92
26/02/2026 13:33,28.82,8.49,7
26/02/2026 13:36,28.48,7.06,6.28
26/02/2026 13:39,30.97,8.34,6.45
26/02/2026 13:42,30.29,8.46,5.23
26/02/2026 13:45,28.72,6.88,5.32
26/02/2026 13:48,28.62,8.46,6.32
26/02/2026 13:51,30.13,8.28,5.82
26/02/2026 13:54,30.35,8.03,5.95
26/02/2026 13:57,32.12,7.29,5.81
26/02/2026 14:00,29.49,7.99,5.93
26/02/2026 14:03,30.77,7.87,6.29
26/02/2026 14:06,29.3,8.46,7.78
26/02/2026 14:09,29.79,8.15,5.82
26/02/2026 14:12,28.19,8.14,6.6
26/02/2026 14:15,29.62,7.52,6.38
26/02/2026 14:18,26.15,7.29,6.11
26/02/2026 14:21,28.69,6.81,4.31
26/02/2026 14:24,28.37,8.03,7.58
26/02/2026 14:27,29.09,8.18,5.26
26/02/2026 14:30,29.79,8.4,5.32
26/02/2026 14:33,30.54,8.32,7.09
26/02/2026 14:36,29,7.26,6.63
26/02/2026 14:39,29.55,8.89,5.01
26/02/2026 14:42,30,7.42,5.78
26/02/2026 14:45,28.03,7.2,7.53
26/02/2026 14:48,29.69,7.52,5.01
26/02/2026 14:51,29.81,7.39,5.37
26/02/2026 14:54,28.36,8.12,7.11
26/02/2026 14:57,29.34,7,5.97
26/02/2026 15:00,29.32,7.18,6.13
26/02/2026 15:03,30.24,7.44,5.08
26/02/2026 15:06,28.95,8.39,6.24
26/02/2026 15:09,29.09,7.48,6.98
26/02/2026 15:12,28.18,6.98,7.59
26/02/2026 15:15,28.74,7.8,9.56
26/02/2026 15:18,29.96,8.15,5.48
26/02/2026 15:21,28.95,6.71,5.08
26/02/2026 15:24,29.78,7.62,6.24
26/02/2026 15:27,29.08,8.74,7.81
26/02/2026 15:30,29.77,8.04,6.53
26/02/2026 15:33,29.95,8.27,6.93
26/02/2026 15:36,29.22,7.9,5.26
26/02/2026 15:39,30.66,7.22,5.31
26/02/2026 15:42,28.02,8.38,7.13
26/02/2026 15:45,28.39,7.72,7.55
26/02/2026 15:48,29.66,7.71,7.48
26/02/2026 15:51,28.48,7.61,5.3
26/02/2026 15:54,28.89,7.3,6.58
26/02/2026 15:57,28.72,7.47,7.71
26/02/2026 16:00,29.58,7.19,7.93
26/02/2026 16:03,28.74,7.58,9.27
26/02/2026 16:06,29.36,8.95,6.96
26/02/2026 16:09,29.9,8.61,7.01
26/02/2026 16:12,28.74,7.55,9.72
26/02/2026 16:15,28.54,7.77,7.77
26/02/2026 16:18,31.47,7.52,5.53
26/02/2026 16:21,30.97,7.86,6.11
26/02/2026 16:24,28.55,8.36,5.58
26/02/2026 16:27,29,8.25,7.02
26/02/2026 16:30,29.2,8.35,5.69
26/02/2026 16:33,30.58,7.81,5.47
26/02/2026 16:36,28.83,7.17,4.47
26/02/2026 16:39,28.66,8.15,6.43
26/02/2026 16:42,28.38,7.77,7.44
26/02/2026 16:45,30.28,7.85,6.17
26/02/2026 16:48,27.62,7.04,6.53
26/02/2026 16:51,29.7,7.93,8.9
26/02/2026 16:54,28.28,7.21,3.83
26/02/2026 16:57,29.36,8.01,7.63
26/02/2026 17:00,30.97,7.33,7.32
26/02/2026 17:03,30.77,7.07,5.09
26/02/2026 17:06,29.69,7.25,7.23
26/02/2026 17:09,28.71,7.72,5.93
26/02/2026 17:12,29.77,7.52,5.17
26/02/2026 17:15,29.54,7.91,6.98
26/02/2026 17:18,30.91,7.53,7.56
26/02/2026 17:21,28.05,8.17,5.05
26/02/2026 17:24,25.37,8.13,6.24
26/02/2026 17:27,28.93,7.8,6.32
26/02/2026 17:30,33.66,8.08,6.4
26/02/2026 17:33,29.21,7.78,4.34
26/02/2026 17:36,30.19,7.06,7.18
26/02/2026 17:39,30.25,7.13,4.16
26/02/2026 17:42,30.2,7.35,5.64
26/02/2026 17:45,29.71,8.37,6.69
26/02/2026 17:48,29.66,7.89,6.16
26/02/2026 17:51,28.87,7.62,6.48
26/02/2026 17:54,30.61,8.4,7.38
26/02/2026 17:57,29.28,7.1,6.85
26/02/2026 18:00,29.07,7.71,7.75
26/02/2026 18:03,30.39,7.32,7.56
26/02/2026 18:06,30.17,7.03,6.8
26/02/2026 18:09,28.96,7.06,3.69
26/02/2026 18:12,28.07,7.95,3.69
26/02/2026 18:15,28.03,6.91,6.88
26/02/2026 18:18,30.55,7.85,5.59
26/02/2026 18:21,28.45,8.33,7.41
26/02/2026 18:24,29.81,7.69,7.29
26/02/2026 18:27,29.77,8.27,5.86
26/02/2026 18:30,28.68,8.2,5.31
26/02/2026 18:33,29.34,7.7,6.07
26/02/2026 18:36,29.26,7.83,5.6
26/02/2026 18:39,29.51,7.52,7.67
26/02/2026 18:42,30.57,8.16,7.24
26/02/2026 18:45,30.75,7.89,6.4
26/02/2026 18:48,28.26,6.5,5.42
26/02/2026 18:51,29.29,8,5.24
26/02/2026 18:54,28.88,7.98,7.45
26/02/2026 18:57,30.36,7.47,5.66
26/02/2026 19:00,29.04,8.25,7.47
26/02/2026 19:03,29.46,8.08,6.37
26/02/2026 19:06,30.12,7.27,5.36
26/02/2026 19:09,29.91,7.94,7.96
26/02/2026 19:12,30.23,8.08,7.15
26/02/2026 19:15,29.29,7.4,5.33
26/02/2026 19:18,29.62,7.13,5.42
26/02/2026 19:21,28.82,7.01,6
26/02/2026 19:24,26.58,6.34,7.63
26/02/2026 19:27,30.33,8.11,6.22
26/02/2026 19:30,30.6,8.23,5.24
26/02/2026 19:33,28.91,8.09,7.01
26/02/2026 19:36,29.49,7.17,5.86
26/02/2026 19:39,28.31,7.96,5.99
26/02/2026 19:42,28.34,7.81,7.03
26/02/2026 19:45,28.43,8.26,5.93
26/02/2026 19:48,29.89,7.51,9.48
26/02/2026 19:51,30.36,7.01,5.11
26/02/2026 19:54,28.39,7.42,5.22
26/02/2026 19:57,30.99,8.29,5.14
26/02/2026 20:00,29.06,8.12,7.09
26/02/2026 20:03,30.68,7.77,6.73
26/02/2026 20:06,31,8.3,6.83
26/02/2026 20:09,30.52,7.29,5.41
26/02/2026 20:12,29.14,7.72,5.35
26/02/2026 20:15,28.07,7.06,4.16
26/02/2026 20:18,31.49,7.81,6.25
26/02/2026 20:21,29.52,8.36,7.57
26/02/2026 20:24,29.46,7.32,5.06
26/02/2026 20:27,28.01,7.68,6.6
26/02/2026 20:30,30.61,7.5,7.51
26/02/2026 20:33,28.44,8.26,3.76
26/02/2026 20:36,29.88,8.04,7.45
26/02/2026 20:39,28.79,7.72,6.06
26/02/2026 20:42,29.24,7.21,7.18
26/02/2026 20:45,29.41,6.54,7.37
26/02/2026 20:48,29.76,7.82,6.3
26/02/2026 20:51,29.56,7.55,7.79
26/02/2026 20:54,29.09,7.48,7.57
26/02/2026 20:57,28.12,7.38,9.56
26/02/2026 21:00,28.38,7.34,6.41
26/02/2026 21:03,29.87,7.93,5.31
26/02/2026 21:06,29.82,7.78,7.65
26/02/2026 21:09,30,7.45,6.38
26/02/2026 21:12,28.24,8.31,8.32
26/02/2026 21:15,28.75,7.33,5.7
26/02/2026 21:18,33.83,7.78,5.16
26/02/2026 21:21,28.7,8.53,6.48
26/02/2026 21:24,30.44,8.26,8.95
26/02/2026 21:27,30.28,7.87,6.16
26/02/2026 21:30,30.25,8.47,6.17
26/02/2026 21:33,30.92,8.49,7.95
26/02/2026 21:36,30.75,8.65,7.22
26/02/2026 21:39,29.93,7.11,7.66
26/02/2026 21:42,29.53,7.34,6.31
26/02/2026 21:45,30.45,7.5,5.73
26/02/2026 21:48,29.65,7.57,5.1
26/02/2026 21:51,30.3,6.84,7.9
26/02/2026 21:54,28.54,8.5,7.88
26/02/2026 21:57,29.54,7.4,4
26/02/2026 22:00,33.84,7.38,7.19
26/02/2026 22:03,29.45,8.23,5.04
26/02/2026 22:06,29.45,8.7,6.88
26/02/2026 22:09,29.56,6.67,5.2
26/02/2026 22:12,29.84,8.06,4.38
26/02/2026 22:15,29.82,7.76,7.46
26/02/2026 22:18,30.86,8.37,7.52
26/02/2026 22:21,28.66,7.1,6.98
26/02/2026 22:24,28.43,8.13,5.16
26/02/2026 22:27,30.19,7.77,5.12
26/02/2026 22:30,28.73,7.1,6.08
26/02/2026 22:33,28.84,8.2,7.55
26/02/2026 22:36,28.54,8.37,7.41
26/02/2026 22:39,29.43,8.54,5.27
26/02/2026 22:42,27.33,7.1,7.15
26/02/2026 22:45,29.23,8,6.2
26/02/2026 22:48,30.93,7.17,7.73
26/02/2026 22:51,31.63,7.19,6.16
26/02/2026 22:54,30.03,7.8,5.17
26/02/2026 22:57,29.75,7.02,6.55
26/02/2026 23:00,27.22,7.13,5.26
26/02/2026 23:03,29.73,8.05,6.03
26/02/2026 23:06,28.86,9,7.52
26/02/2026 23:09,30.66,7.56,7.73
26/02/2026 23:12,28.35,8.42,5.95
26/02/2026 23:15,30.21,8.01,4.67
26/02/2026 23:18,28.37,7.84,7.99
26/02/2026 23:21,29.5,7.32,6.31
26/02/2026 23:24,28.65,7.2,5.21
26/02/2026 23:27,29.66,7.94,5.87
26/02/2026 23:30,28.59,7.77,5.72
26/02/2026 23:33,29.51,8.38,6.95
26/02/2026 23:36,28.09,7.44,6.57
26/02/2026 23:39,28.74,7.94,5.6
26/02/2026 23:42,30.21,7.72,5.53
26/02/2026 23:45,31.77,7.26,7.58
26/02/2026 23:48,29.56,8.48,5.65
26/02/2026 23:51,29.49,7.56,7.02
26/02/2026 23:54,26.98,7.36,5.31
26/02/2026 23:57,33.04,7.41,5.65
27/02/2026 0:00,29.91,7.93,7.75
27/02/2026 0:03,29.58,7.67,5.32
27/02/2026 0:06,28.79,8.2,6.08
27/02/2026 0:09,30.67,6.58,6.71
27/02/2026 0:12,28.94,7.43,5.08
27/02/2026 0:15,28.05,7.7,7.12
27/02/2026 0:18,28.57,8.1,6.71
27/02/2026 0:21,29.23,7.11,7.14
27/02/2026 0:24,28.03,7.95,5.9
27/02/2026 0:27,29.64,7.26,6.51
27/02/2026 0:30,30.86,8.26,5.03
27/02/2026 0:33,29.68,7.54,7.06
27/02/2026 0:36,28.62,7.84,5.31
27/02/2026 0:39,28.19,7.63,6.12
27/02/2026 0:42,29.62,8.46,5.13
27/02/2026 0:45,30.06,7.8,7.08
27/02/2026 0:48,29.92,7.08,6.91
27/02/2026 0:51,29.7,7.88,6.37
27/02/2026 0:54,29.1,7.82,6.9
27/02/2026 0:57,32.03,7.84,5.51
27/02/2026 1:00,29.17,7.7,7.83
27/02/2026 1:03,30.59,8.15,7.5
27/02/2026 1:06,28.15,7.13,4.18
27/02/2026 1:09,28.9,7.73,7.14
27/02/2026 1:12,28.86,8.01,9.72
27/02/2026 1:15,30.94,8.07,5.39
27/02/2026 1:18,29.51,8.64,5.18
27/02/2026 1:21,28.54,7.23,6.09
27/02/2026 1:24,31.4,7.97,6.69
27/02/2026 1:27,30.54,7.49,5.2
27/02/2026 1:30,29.12,8.2,6.58
27/02/2026 1:33,32.48,7.29,6.24
27/02/2026 1:36,29.16,8.48,6.42
27/02/2026 1:39,29.01,9.09,5.19
27/02/2026 1:42,28.45,8.12,7.39
27/02/2026 1:45,29.34,7.38,6.34
27/02/2026 1:48,29.65,8.78,6.42
27/02/2026 1:51,29.36,7.96,7.87
27/02/2026 1:54,29.14,7.29,7.22
27/02/2026 1:57,28.69,7.69,6.31
27/02/2026 2:00,30.58,7.52,7.51
27/02/2026 2:03,30.59,7.96,4.35
27/02/2026 2:06,29.69,9.05,3.59
27/02/2026 2:09,30.13,6.93,7.2
27/02/2026 2:12,30.73,8.25,6.49
27/02/2026 2:15,28.48,7.31,5.13
27/02/2026 2:18,28.38,7.65,6.41
27/02/2026 2:21,28.6,7.57,7.99
27/02/2026 2:24,31.02,8.32,9.04
27/02/2026 2:27,29.77,7.75,6.44
27/02/2026 2:30,28.22,7.41,9.36
27/02/2026 2:33,30.2,8.5,5.42
27/02/2026 2:36,28.15,7.6,6.8
27/02/2026 2:39,28.08,7.32,7.39
27/02/2026 2:42,30.9,8.25,6.35
27/02/2026 2:45,29.06,7.63,5.95
27/02/2026 2:48,29.68,6.72,7.79
27/02/2026 2:51,29.45,7.82,3.51
27/02/2026 2:54,29.94,7.24,6.78
27/02/2026 2:57,26.7,8.71,5.07
27/02/2026 3:00,30.83,7.56,5.85
27/02/2026 3:03,29.67,7.91,6.84
27/02/2026 3:06,28.97,7.27,5.89
27/02/2026 3:09,25.66,7.93,4.13
27/02/2026 3:12,28.12,8.28,5.21
27/02/2026 3:15,31.74,7.57,5.27
27/02/2026 3:18,29.93,7.32,7.04
27/02/2026 3:21,29.26,7.07,6.72
27/02/2026 3:24,30.87,7.23,7.28
27/02/2026 3:27,29.76,8.19,5.02
27/02/2026 3:30,29.9,7.42,7.37
27/02/2026 3:33,25.72,6.64,6.2
27/02/2026 3:36,29.92,7.14,5.27
27/02/2026 3:39,29.63,8.16,6.56
27/02/2026 3:42,29.16,8.16,6.68
27/02/2026 3:45,29.38,7.6,7.86
27/02/2026 3:48,30.05,8.85,7.82
27/02/2026 3:51,28.72,8.84,7.33
27/02/2026 3:54,28.55,7.48,6.14
27/02/2026 3:57,30.7,7.04,4.7
27/02/2026 4:00,30.05,7.72,6.95
27/02/2026 4:03,25.03,7.07,9.83
27/02/2026 4:06,30.61,8.49,7.14
27/02/2026 4:09,29.1,7.42,6.8
27/02/2026 4:12,29.73,8.31,5.53
27/02/2026 4:15,29.81,8.18,6.34
27/02/2026 4:18,30.68,7.52,8.61
27/02/2026 4:21,30.63,8.28,6.16
27/02/2026 4:24,28.78,7.79,9.87
27/02/2026 4:27,30.91,8.34,7.46
27/02/2026 4:30,29.12,8.19,5.65
27/02/2026 4:33,29.83,7.33,6.26
27/02/2026 4:36,30.98,8.38,7.5
27/02/2026 4:39,29.22,7.52,6.83
27/02/2026 4:42,29.93,8.06,6.94
27/02/2026 4:45,30.96,7.41,6.76
27/02/2026 4:48,29.89,7.53,7.19
27/02/2026 4:51,29.97,7.03,7.77
27/02/2026 4:54,30.36,8.77,4.44
27/02/2026 4:57,30.36,7.8,7.74
27/02/2026 5:00,26.34,7.39,7.53
27/02/2026 5:03,30.84,7.14,5.14
27/02/2026 5:06,29.95,7.04,6.35
27/02/2026 5:09,28.75,7.42,7.07
27/02/2026 5:12,28.18,8.02,6.22
27/02/2026 5:15,28.24,8.23,7.47
27/02/2026 5:18,30.89,7.87,6.01
27/02/2026 5:21,30.47,7.32,5.71
27/02/2026 5:24,29.78,7,6.62
27/02/2026 5:27,30.7,7.86,5.43
27/02/2026 5:30,25.8,7.62,6.2
27/02/2026 5:33,30.61,7.67,6.23
27/02/2026 5:36,29.08,8.27,5.73
27/02/2026 5:39,30.43,7.08,5.13
27/02/2026 5:42,28.6,6.85,6.71
27/02/2026 5:45,25.72,7.24,5.92
27/02/2026 5:48,30.95,7.93,6.84
27/02/2026 5:51,28.95,7,7.26
27/02/2026 5:54,28.84,7.73,5.96
27/02/2026 5:57,28.55,7.18,6.21
27/02/2026 6:00,26.92,8.09,9.77
27/02/2026 6:03,29.67,7.2,7.65
27/02/2026 6:06,30.7,8.22,5.82
27/02/2026 6:09,29.66,7.86,5.01
27/02/2026 6:12,28.12,8.34,5.8
27/02/2026 6:15,28.16,7.2,6.17
27/02/2026 6:18,29.55,7.38,5.52
27/02/2026 6:21,30.67,7.83,7.38
27/02/2026 6:24,29.75,7.32,7.92
27/02/2026 6:27,30.24,7.71,6.64
27/02/2026 6:30,30.51,7.37,7.39
27/02/2026 6:33,28.39,7.62,5.22
27/02/2026 6:36,29.29,8.01,4.58
27/02/2026 6:39,28.01,7.75,7.48
27/02/2026 6:42,29.26,8.36,6.71
27/02/2026 6:45,30.58,8,5.48
27/02/2026 6:48,30.36,7.47,6.81
27/02/2026 6:51,29,8.13,7.57
27/02/2026 6:54,30.14,7.43,6.3
27/02/2026 6:57,30.14,8.46,5.32
27/02/2026 7:00,29.47,6.38,7.4
27/02/2026 7:03,28.31,7.13,6.98
27/02/2026 7:06,30.78,7.65,5.7
27/02/2026 7:09,29.72,7.42,7.09
27/02/2026 7:12,28.54,7.97,7.37
27/02/2026 7:15,30.02,6.42,7.11
27/02/2026 7:18,30.31,8.26,7.29
27/02/2026 7:21,28.33,8.45,6.64
27/02/2026 7:24,29.27,6.58,4.7
27/02/2026 7:27,30.85,7.64,7.68
27/02/2026 7:30,29.76,7.93,6.63
27/02/2026 7:33,32.86,8.39,5.86
27/02/2026 7:36,30.35,7.81,5.83
27/02/2026 7:39,28.45,7.19,5.31
27/02/2026 7:42,33.93,8.18,6.24
27/02/2026 7:45,28.8,8.49,5.37
27/02/2026 7:48,31.18,7,9.43
27/02/2026 7:51,31.27,7.86,6.68
27/02/2026 7:54,30.89,8.87,7.99
27/02/2026 7:57,28.24,8.21,7.5
27/02/2026 8:00,30.68,8.01,6.03
27/02/2026 8:03,28.19,8.27,5.45
27/02/2026 8:06,29.78,8.02,6.63
27/02/2026 8:09,28.04,7.44,6.81
27/02/2026 8:12,25.47,7.72,3.6
27/02/2026 8:15,30.71,8.34,6.6
27/02/2026 8:18,29.6,8.74,7.59
27/02/2026 8:21,29.61,7.25,5.63
27/02/2026 8:24,29.17,7.13,7.94
27/02/2026 8:27,30.09,6.56,6.71
27/02/2026 8:30,30,7.38,7.63
27/02/2026 8:33,29.81,8.08,6.52
27/02/2026 8:36,29.38,7.08,6.98
27/02/2026 8:39,28.57,8.17,5.89
27/02/2026 8:42,29.74,8.45,7.26
27/02/2026 8:45,30.82,7.36,6.03
27/02/2026 8:48,28.9,8.58,5.3
27/02/2026 8:51,32.39,8.25,5.83
27/02/2026 8:54,29.38,7.85,8.92
27/02/2026 8:57,28.17,7.39,6.85
27/02/2026 9:00,28.26,8.09,7.78
27/02/2026 9:03,25.71,7.44,6.36
27/02/2026 9:06,28.6,8.3,5.84
27/02/2026 9:09,29.89,7.68,7.39
27/02/2026 9:12,28.82,7.99,5.79
27/02/2026 9:15,30.85,8.19,7.47
27/02/2026 9:18,29.25,7.31,7.06
27/02/2026 9:21,29.87,7.07,7.39
27/02/2026 9:24,29.7,7.92,3.57
27/02/2026 9:27,29.49,7.62,6.95
27/02/2026 9:30,29.2,7.16,5.31
27/02/2026 9:33,29.34,7.34,7.59
27/02/2026 9:36,30.99,7.95,5.75
27/02/2026 9:39,28.28,9.1,7.26
27/02/2026 9:42,30.9,7.77,6.9
27/02/2026 9:45,28.76,7.23,5.22
27/02/2026 9:48,30.39,7.74,7.6
27/02/2026 9:51,28.69,8.17,7.73
27/02/2026 9:54,33.47,8.23,6.54
27/02/2026 9:57,29.17,8.49,5.53
27/02/2026 10:00,30.14,7.42,5.73
27/02/2026 10:03,30.77,7.46,7.55
27/02/2026 10:06,29.31,7.91,6.18
27/02/2026 10:09,29.83,8.57,7
27/02/2026 10:12,29.04,7.21,5.27
27/02/2026 10:15,28.63,7.72,7.75
27/02/2026 10:18,30.82,7.42,5.52
27/02/2026 10:21,30.82,7.82,6.24
27/02/2026 10:24,30.93,8.22,7
27/02/2026 10:27,30.93,8.02,7.01
27/02/2026 10:30,30.71,8.17,6.5
27/02/2026 10:33,29.68,7.73,9.26
27/02/2026 10:36,28.93,8.14,6.02
27/02/2026 10:39,29.17,8.14,5.44
27/02/2026 10:42,28.88,7.76,5.18
27/02/2026 10:45,28.95,7.52,7.48
27/02/2026 10:48,30.3,6.68,7.69
27/02/2026 10:51,30.82,7.58,5.32
27/02/2026 10:54,29.71,7.71,6.74
27/02/2026 10:57,30.14,8.04,6.14
27/02/2026 11:00,28.82,7.9,5.9
27/02/2026 11:03,30.69,8.13,6.72
27/02/2026 11:06,29.59,8.48,7.33
27/02/2026 11:09,27.24,7.88,6.95
27/02/2026 11:12,29.99,8.46,7.34
27/02/2026 11:15,30.59,8.29,7.27
27/02/2026 11:18,28.95,8.14,7.17
27/02/2026 11:21,28.56,8.22,6.72
27/02/2026 11:24,31.51,7.12,7.16
27/02/2026 11:27,29.67,7.34,7.6
27/02/2026 11:30,30.45,8.14,6.1
27/02/2026 11:33,30.57,7.9,4.89
27/02/2026 11:36,28.15,7.3,6.84
27/02/2026 11:39,26.19,8.13,5.16
27/02/2026 11:42,30.38,7.65,5.28
27/02/2026 11:45,28.83,7.45,6.32
27/02/2026 11:48,28.32,8.44,7.09
27/02/2026 11:51,28.89,8.01,7.69
27/02/2026 11:54,28.37,7.26,4.3
27/02/2026 11:57,29.12,7.33,5.34
27/02/2026 12:00,29.45,8.14,7.1
27/02/2026 12:03,30.77,8.65,7.09
27/02/2026 12:06,30.62,7.03,7.69
27/02/2026 12:09,30.26,8.23,6.78
27/02/2026 12:12,28.29,7.02,6.98
27/02/2026 12:15,27.3,7.65,5.12
27/02/2026 12:18,29.35,8.29,5.91
27/02/2026 12:21,28.99,7.65,7.05
27/02/2026 12:24,32.73,8.54,7.06
27/02/2026 12:27,30.93,7.65,6.1
27/02/2026 12:30,25.54,7.67,6.19
27/02/2026 12:33,30.74,7.43,6.05
27/02/2026 12:36,30.74,8.1,6.88
27/02/2026 12:39,30.52,7.39,7.84
27/02/2026 12:42,32.01,8.15,7.25
27/02/2026 12:45,30.25,8.38,4.15
27/02/2026 12:48,30.13,7.1,6.15
27/02/2026 12:51,29.58,7.02,6.77
27/02/2026 12:54,29.75,8.12,8.5
27/02/2026 12:57,32.41,8.14,3.72
27/02/2026 13:00,29.44,7.35,6.37
27/02/2026 13:03,29.52,6.96,7.94
27/02/2026 13:06,28.48,7.49,4.18
27/02/2026 13:09,31.44,7.32,7.31
27/02/2026 13:12,28.73,7.24,5.25
27/02/2026 13:15,28.7,7.46,6.94
27/02/2026 13:18,29.02,6.59,7.41
27/02/2026 13:21,29.4,7.11,6.87
27/02/2026 13:24,29.33,7.64,7.41
27/02/2026 13:27,30.75,8.15,7.96
27/02/2026 13:30,28.49,8.05,7.29
27/02/2026 13:33,29.3,7.5,3.94
27/02/2026 13:36,28.75,7.52,6.27
27/02/2026 13:39,30.91,8.36,7.58
27/02/2026 13:42,29.52,8.92,7.2
27/02/2026 13:45,29.79,8,7.93
27/02/2026 13:48,30.88,7.47,7.19
27/02/2026 13:51,30.06,7.49,6.35
27/02/2026 13:54,29.54,7.14,5.87
27/02/2026 13:57,26.15,7.59,5.92
27/02/2026 14:00,29.09,6.3,7.55
27/02/2026 14:03,30.32,7.19,6.06
27/02/2026 14:06,26.87,7.2,7.56
27/02/2026 14:09,29.23,7.15,5.55
27/02/2026 14:12,30.27,7.24,5.39
27/02/2026 14:15,28.6,7.5,8.04
27/02/2026 14:18,28.07,7.2,6
27/02/2026 14:21,28.94,7.64,7.93
27/02/2026 14:24,30.16,7.78,5.82
27/02/2026 14:27,30.98,7.89,7.46
27/02/2026 14:30,28.61,6.72,6.08
27/02/2026 14:33,30.44,7.08,5.01
27/02/2026 14:36,29.81,7.12,7.38
27/02/2026 14:39,29.42,7.64,7.18
27/02/2026 14:42,30.75,7.15,5.98
27/02/2026 14:45,29.65,7.1,7.78
27/02/2026 14:48,29.66,8.5,6.81
27/02/2026 14:51,26.75,7.46,5.96
27/02/2026 14:54,28.11,7.24,6.72
27/02/2026 14:57,29.87,8.12,5.62
27/02/2026 15:00,30.33,7.68,7.59
27/02/2026 15:03,29.75,8.44,5.66
27/02/2026 15:06,30.42,7.23,7.94
27/02/2026 15:09,29.77,7.27,3.88
27/02/2026 15:12,30.1,8.35,7.07
27/02/2026 15:15,28.85,8.47,7.39
27/02/2026 15:18,28.46,8.82,6.12
27/02/2026 15:21,29.7,8.43,9.57
27/02/2026 15:24,30.2,8.45,5.79
27/02/2026 15:27,29.64,6.41,6.75
27/02/2026 15:30,28.53,7.01,6.75
27/02/2026 15:33,30.42,8.13,6.76
27/02/2026 15:36,28.53,7.1,7.29
27/02/2026 15:39,29.25,7.63,5.02
27/02/2026 15:42,30.58,6.94,6.92
27/02/2026 15:45,28.61,7.69,6.25
27/02/2026 15:48,28.91,7.42,5.26
27/02/2026 15:51,30.87,7.99,5.45
27/02/2026 15:54,29.49,7.34,5.7
27/02/2026 15:57,28.79,7.79,7.19
27/02/2026 16:00,28.02,7.52,7.13
27/02/2026 16:03,29.52,7.92,9.43
27/02/2026 16:06,30.6,7.84,5.35
27/02/2026 16:09,28.77,7.21,6.04
27/02/2026 16:12,29.82,6.71,5.73
27/02/2026 16:15,28.14,6.74,6.89
27/02/2026 16:18,25.89,7.86,5.2
27/02/2026 16:21,28.01,8.91,5.01
27/02/2026 16:24,29.66,7.24,6.6
27/02/2026 16:27,33.54,7.62,6.22
27/02/2026 16:30,28.33,7.93,7.58
27/02/2026 16:33,32.26,8.19,6.85
27/02/2026 16:36,30.93,8.16,7.69
27/02/2026 16:39,27.98,8.35,7.44
27/02/2026 16:42,29.93,9.04,7.31
27/02/2026 16:45,29.48,8.03,5.39
27/02/2026 16:48,29.32,7.46,7.91
27/02/2026 16:51,28.3,6.73,9.16
27/02/2026 16:54,26.17,7.64,7.1
27/02/2026 16:57,30.16,7.64,5.21
27/02/2026 17:00,30.9,7.56,6.9
27/02/2026 17:03,29.67,7.67,7.15
27/02/2026 17:06,29.7,8.14,7.39
27/02/2026 17:09,28.6,7.79,7.64
27/02/2026 17:12,28.6,8.5,6.01
27/02/2026 17:15,26.92,8.3,6.27
27/02/2026 17:18,28.06,7.85,7.06
27/02/2026 17:21,30.13,7.31,5.48
27/02/2026 17:24,30.35,7.58,6.19
27/02/2026 17:27,25.5,6.89,6.68
27/02/2026 17:30,29.82,7.21,5.92
27/02/2026 17:33,28.27,7.33,6.09
27/02/2026 17:36,28.28,8.17,5.63
27/02/2026 17:39,29.01,8.39,7.87
27/02/2026 17:42,30.02,6.42,7.85
27/02/2026 17:45,31.08,8.07,7.25
27/02/2026 17:48,25.52,7.16,7
27/02/2026 17:51,25.04,7.8,6.8
27/02/2026 17:54,30.43,8.31,7.44
27/02/2026 17:57,29.94,7.28,5.09
27/02/2026 18:00,28.26,7.37,5.3
27/02/2026 18:03,29.25,8.39,5.55
27/02/2026 18:06,28.34,8.22,6.19
27/02/2026 18:09,29.15,8.23,6.9
27/02/2026 18:12,32.84,6.58,5.1
27/02/2026 18:15,30.7,7.78,6.01
27/02/2026 18:18,30.49,7.9,7.09
27/02/2026 18:21,25.71,8.32,4.62
27/02/2026 18:24,29.9,8.07,5.89
27/02/2026 18:27,28.63,6.6,7.76
27/02/2026 18:30,28.31,6.52,5.68
27/02/2026 18:33,30.55,7.58,3.55
27/02/2026 18:36,29.51,7.82,6.51
27/02/2026 18:39,28.25,8.36,6.89
27/02/2026 18:42,30.63,6.3,6.79
27/02/2026 18:45,29.63,8.06,5.9
27/02/2026 18:48,30.81,7.79,7.15
27/02/2026 18:51,28.11,7.19,5.44
27/02/2026 18:54,28.7,8.72,7.72
27/02/2026 18:57,29,7.18,7.7
27/02/2026 19:00,28.35,7.08,5.91
27/02/2026 19:03,28.54,7.14,6.66
27/02/2026 19:06,29.65,7.55,5.01
27/02/2026 19:09,28.94,7.68,7.66
27/02/2026 19:12,29.4,7.14,6.02
27/02/2026 19:15,31.77,7.35,5.18
27/02/2026 19:18,28.36,7.68,6.74
27/02/2026 19:21,30.9,8.29,6.35
27/02/2026 19:24,29.55,8.11,4.23
27/02/2026 19:27,28.99,8.44,5.84
27/02/2026 19:30,29.52,7.85,7.76
27/02/2026 19:33,30.03,7.46,5.07
27/02/2026 19:36,29.32,8.17,8.95
27/02/2026 19:39,29.61,6.49,6.79
27/02/2026 19:42,29.52,8.04,7.53
27/02/2026 19:45,29.98,8.06,6.78
27/02/2026 19:48,28.84,7.83,7.98
27/02/2026 19:51,30.3,7.15,8.49
27/02/2026 19:54,29.31,7.36,5.85
27/02/2026 19:57,30.56,8.44,5.1
27/02/2026 20:00,33.28,7.24,4.27
27/02/2026 20:03,29.08,7.68,7.56
27/02/2026 20:06,28.6,7.13,7.48
27/02/2026 20:09,28.82,7.83,5.9
27/02/2026 20:12,28.25,7.7,7.2
27/02/2026 20:15,29.96,7.41,5.89
27/02/2026 20:18,28.72,7.67,5.38
27/02/2026 20:21,29.2,7.34,6.31
27/02/2026 20:24,28.88,7.35,7.7
27/02/2026 20:27,28.78,8.46,7.92
27/02/2026 20:30,30.76,8.2,7.38
27/02/2026 20:33,30.93,7.34,7.41
27/02/2026 20:36,30.28,7.08,7.39
27/02/2026 20:39,30.75,7.24,6.67
27/02/2026 20:42,28.67,7.04,4.32
27/02/2026 20:45,28.03,7.28,7.3
27/02/2026 20:48,29,7.46,6.93
27/02/2026 20:51,28.56,8.13,5.92
27/02/2026 20:54,28.47,7.86,5.37
27/02/2026 20:57,30.96,7.13,6.66
27/02/2026 21:00,28.55,8.39,6.07
27/02/2026 21:03,29.08,8.09,7.28
27/02/2026 21:06,28.1,7.77,5.38
27/02/2026 21:09,30.1,7.86,7.37
27/02/2026 21:12,29.46,7.94,6.36
27/02/2026 21:15,28.38,7.91,7.85
27/02/2026 21:18,28.81,8.29,6.19
27/02/2026 21:21,31.04,8.06,5.46
27/02/2026 21:24,28.16,8.04,7.62
27/02/2026 21:27,32.25,7.99,7.74
27/02/2026 21:30,30.93,8.08,7.72
27/02/2026 21:33,28.92,7.32,7.94
27/02/2026 21:36,28.19,6.73,8.15
27/02/2026 21:39,30.61,8.13,7.1
27/02/2026 21:42,29.64,7.66,5.19
27/02/2026 21:45,29.71,8.75,6.38
27/02/2026 21:48,29.15,8.07,5.56
27/02/2026 21:51,29.98,8.49,6.18
27/02/2026 21:54,28.91,8.34,6.01
27/02/2026 21:57,29.78,8.35,5.45
27/02/2026 22:00,28.74,7.76,5.4
27/02/2026 22:03,25.6,7.18,7.89
27/02/2026 22:06,27.39,7.13,7.81
27/02/2026 22:09,29.28,8.45,5.75
27/02/2026 22:12,28.72,7.88,5.01
27/02/2026 22:15,30.76,7.8,7.28
27/02/2026 22:18,29.46,8,6.3
27/02/2026 22:21,29.8,7.67,7.02
27/02/2026 22:24,29.81,7.86,5.94
27/02/2026 22:27,30.64,8.15,7.55
27/02/2026 22:30,29.51,8,6.1
27/02/2026 22:33,30.87,7.3,5.12
27/02/2026 22:36,30.41,8.11,6.05
27/02/2026 22:39,30.67,8.24,7.7
27/02/2026 22:42,29.76,7.69,5.04
27/02/2026 22:45,28.9,7.64,5.81
27/02/2026 22:48,28.51,7.72,7.9
27/02/2026 22:51,30.03,7.33,7.15
27/02/2026 22:54,28.14,7.92,6.6
27/02/2026 22:57,29.75,8.42,7.95
27/02/2026 23:00,29.29,7.69,9.78
27/02/2026 23:03,28.58,7.83,7.94
27/02/2026 23:06,25.53,7.37,6.32
27/02/2026 23:09,30.62,7.79,4.65
27/02/2026 23:12,26.11,7.11,7.46
27/02/2026 23:15,32.92,6.59,6.71
27/02/2026 23:18,28.83,7.75,6.6
27/02/2026 23:21,28.34,7.21,5.18
27/02/2026 23:24,28.82,7.15,6.6
27/02/2026 23:27,29.36,7.7,7.19
27/02/2026 23:30,29.69,8.48,8.59
27/02/2026 23:33,27.78,7.64,5.55
27/02/2026 23:36,30.85,7.09,7.42
27/02/2026 23:39,29.07,7.08,6.39
27/02/2026 23:42,30.46,8.26,6.49
27/02/2026 23:45,30.35,8.15,7.14
27/02/2026 23:48,28.95,8.15,6.95
27/02/2026 23:51,29.97,7.08,7.69
27/02/2026 23:54,30.03,8.45,6.78
27/02/2026 23:57,31.97,7.37,5.66
28/02/2026 0:00,28.59,7.77,6.06
28/02/2026 0:03,30.8,7.15,7.78
28/02/2026 0:06,28.19,7.06,6.94
28/02/2026 0:09,28.19,8.19,7.11
28/02/2026 0:12,29.66,7.19,8.18
28/02/2026 0:15,28.94,8.09,6.08
28/02/2026 0:18,29.66,7.03,5.19
28/02/2026 0:21,28.89,7.06,7.79
28/02/2026 0:24,30.66,7.81,6.85
28/02/2026 0:27,29.36,8.26,7.11
28/02/2026 0:30,28.34,8.37,7.92
28/02/2026 0:33,28.82,8.49,7
28/02/2026 0:36,28.48,7.06,6.28
28/02/2026 0:39,30.97,8.34,6.45
28/02/2026 0:42,30.29,8.46,5.23
28/02/2026 0:45,28.72,6.88,5.32
28/02/2026 0:48,28.62,8.46,6.32
28/02/2026 0:51,30.13,8.28,5.82
28/02/2026 0:54,30.35,8.03,5.95
28/02/2026 0:57,32.12,7.29,5.81
28/02/2026 1:00,29.49,7.99,5.93
28/02/2026 1:03,30.77,7.87,6.29
28/02/2026 1:06,29.3,8.46,7.78
28/02/2026 1:09,29.79,8.15,5.82
28/02/2026 1:12,28.19,8.14,6.6
28/02/2026 1:15,29.62,7.52,6.38
28/02/2026 1:18,26.15,7.29,6.11
28/02/2026 1:21,28.69,6.81,4.31
28/02/2026 1:24,28.37,8.03,7.58
28/02/2026 1:27,29.09,8.18,5.26
28/02/2026 1:30,29.79,8.4,5.32
28/02/2026 1:33,30.54,8.32,7.09
28/02/2026 1:36,29,7.26,6.63
28/02/2026 1:39,29.55,8.89,5.01
28/02/2026 1:42,30,7.42,5.78
28/02/2026 1:45,28.03,7.2,7.53
28/02/2026 1:48,29.69,7.52,5.01
28/02/2026 1:51,29.81,7.39,5.37
28/02/2026 1:54,28.36,8.12,7.11
28/02/2026 1:57,29.34,7,5.97
28/02/2026 2:00,29.32,7.18,6.13
28/02/2026 2:03,30.24,7.44,5.08
28/02/2026 2:06,28.95,8.39,6.24
28/02/2026 2:09,29.09,7.48,6.98
28/02/2026 2:12,28.18,6.98,7.59
28/02/2026 2:15,28.74,7.8,9.56
28/02/2026 2:18,29.96,8.15,5.48
28/02/2026 2:21,28.95,6.71,5.08
28/02/2026 2:24,29.78,7.62,6.24
28/02/2026 2:27,29.08,8.74,7.81
28/02/2026 2:30,29.77,8.04,6.53
28/02/2026 2:33,29.95,8.27,6.93
28/02/2026 2:36,29.22,7.9,5.26
28/02/2026 2:39,30.66,7.22,5.31
28/02/2026 2:42,28.02,8.38,7.13
28/02/2026 2:45,28.39,7.72,7.55
28/02/2026 2:48,29.66,7.71,7.48
28/02/2026 2:51,28.48,7.61,5.3
28/02/2026 2:54,28.89,7.3,6.58
28/02/2026 2:57,28.72,7.47,7.71
28/02/2026 3:00,29.58,7.19,7.93
28/02/2026 3:03,28.74,7.58,9.27
28/02/2026 3:06,29.36,8.95,6.96
28/02/2026 3:09,29.9,8.61,7.01
28/02/2026 3:12,28.74,7.55,9.72
28/02/2026 3:15,28.54,7.77,7.77
28/02/2026 3:18,31.47,7.52,5.53
28/02/2026 3:21,30.97,7.86,6.11
28/02/2026 3:24,28.55,8.36,5.58
28/02/2026 3:27,29,8.25,7.02
28/02/2026 3:30,29.2,8.35,5.69
28/02/2026 3:33,30.58,7.81,5.47
28/02/2026 3:36,28.83,7.17,4.47
28/02/2026 3:39,28.66,8.15,6.43
28/02/2026 3:42,28.38,7.77,7.44
28/02/2026 3:45,30.28,7.85,6.17
28/02/2026 3:48,27.62,7.04,6.53
28/02/2026 3:51,29.7,7.93,8.9
28/02/2026 3:54,28.28,7.21,3.83
28/02/2026 3:57,29.36,8.01,7.63
28/02/2026 4:00,30.97,7.33,7.32
28/02/2026 4:03,30.77,7.07,5.09
28/02/2026 4:06,29.69,7.25,7.23
28/02/2026 4:09,28.71,7.72,5.93
28/02/2026 4:12,29.77,7.52,5.17
28/02/2026 4:15,29.54,7.91,6.98
28/02/2026 4:18,30.91,7.53,7.56
28/02/2026 4:21,28.05,8.17,5.05
28/02/2026 4:24,25.37,8.13,6.24
28/02/2026 4:27,28.93,7.8,6.32
28/02/2026 4:30,33.66,8.08,6.4
28/02/2026 4:33,29.21,7.78,4.34
28/02/2026 4:36,30.19,7.06,7.18
28/02/2026 4:39,30.25,7.13,4.16
28/02/2026 4:42,30.2,7.35,5.64
28/02/2026 4:45,29.71,8.37,6.69
28/02/2026 4:48,29.66,7.89,6.16
28/02/2026 4:51,28.87,7.62,6.48
28/02/2026 4:54,30.61,8.4,7.38
28/02/2026 4:57,29.28,7.1,6.85
28/02/2026 5:00,29.07,7.71,7.75
28/02/2026 5:03,30.39,7.32,7.56
28/02/2026 5:06,30.17,7.03,6.8
28/02/2026 5:09,28.96,7.06,3.69
28/02/2026 5:12,28.07,7.95,3.69
28/02/2026 5:15,28.03,6.91,6.88
28/02/2026 5:18,30.55,7.85,5.59
28/02/2026 5:21,28.45,8.33,7.41
28/02/2026 5:24,29.81,7.69,7.29
28/02/2026 5:27,29.77,8.27,5.86
28/02/2026 5:30,28.68,8.2,5.31
28/02/2026 5:33,29.34,7.7,6.07
28/02/2026 5:36,29.26,7.83,5.6
28/02/2026 5:39,29.51,7.52,7.67
28/02/2026 5:42,30.57,8.16,7.24
28/02/2026 5:45,30.75,7.89,6.4
28/02/2026 5:48,28.26,6.5,5.42
28/02/2026 5:51,29.29,8,5.24
28/02/2026 5:54,28.88,7.98,7.45
28/02/2026 5:57,30.36,7.47,5.66
28/02/2026 6:00,29.04,8.25,7.47
28/02/2026 6:03,29.46,8.08,6.37
28/02/2026 6:06,30.12,7.27,5.36
28/02/2026 6:09,29.91,7.94,7.96
28/02/2026 6:12,30.23,8.08,7.15
28/02/2026 6:15,29.29,7.4,5.33
28/02/2026 6:18,29.62,7.13,5.42
28/02/2026 6:21,28.82,7.01,6
28/02/2026 6:24,26.58,6.34,7.63
28/02/2026 6:27,30.33,8.11,6.22
28/02/2026 6:30,30.6,8.23,5.24
28/02/2026 6:33,28.91,8.09,7.01
28/02/2026 6:36,29.49,7.17,5.86
28/02/2026 6:39,28.31,7.96,5.99
28/02/2026 6:42,28.34,7.81,7.03
28/02/2026 6:45,28.43,8.26,5.93
28/02/2026 6:48,29.89,7.51,9.48
28/02/2026 6:51,30.36,7.01,5.11
28/02/2026 6:54,28.39,7.42,5.22
28/02/2026 6:57,30.99,8.29,5.14
28/02/2026 7:00,29.06,8.12,7.09
28/02/2026 7:03,30.68,7.77,6.73
28/02/2026 7:06,31,8.3,6.83
28/02/2026 7:09,30.52,7.29,5.41
28/02/2026 7:12,29.14,7.72,5.35
28/02/2026 7:15,28.07,7.06,4.16
28/02/2026 7:18,31.49,7.81,6.25
28/02/2026 7:21,29.52,8.36,7.57
28/02/2026 7:24,29.46,7.32,5.06
28/02/2026 7:27,28.01,7.68,6.6
28/02/2026 7:30,30.61,7.5,7.51
28/02/2026 7:33,28.44,8.26,3.76
28/02/2026 7:36,29.88,8.04,7.45
28/02/2026 7:39,28.79,7.72,6.06
28/02/2026 7:42,29.24,7.21,7.18
28/02/2026 7:45,29.41,6.54,7.37
28/02/2026 7:48,29.76,7.82,6.3
28/02/2026 7:51,29.56,7.55,7.79
28/02/2026 7:54,29.09,7.48,7.57
28/02/2026 7:57,28.12,7.38,9.56
28/02/2026 8:00,28.38,7.34,6.41
28/02/2026 8:03,29.87,7.93,5.31
28/02/2026 8:06,29.82,7.78,7.65
28/02/2026 8:09,30,7.45,6.38
28/02/2026 8:12,28.24,8.31,8.32
28/02/2026 8:15,28.75,7.33,5.7
28/02/2026 8:18,33.83,7.78,5.16
28/02/2026 8:21,28.7,8.53,6.48
28/02/2026 8:24,30.44,8.26,8.95
28/02/2026 8:27,30.28,7.87,6.16
28/02/2026 8:30,30.25,8.47,6.17
28/02/2026 8:33,30.92,8.49,7.95
28/02/2026 8:36,30.75,8.65,7.22
28/02/2026 8:39,29.93,7.11,7.66
28/02/2026 8:42,29.53,7.34,6.31
28/02/2026 8:45,30.45,7.5,5.73
28/02/2026 8:48,29.65,7.57,5.1
28/02/2026 8:51,30.3,6.84,7.9
28/02/2026 8:54,28.54,8.5,7.88
28/02/2026 8:57,29.54,7.4,4
28/02/2026 9:00,33.84,7.38,7.19
28/02/2026 9:03,29.45,8.23,5.04
28/02/2026 9:06,29.45,8.7,6.88
28/02/2026 9:09,29.56,6.67,5.2
28/02/2026 9:12,29.84,8.06,4.38
28/02/2026 9:15,29.82,7.76,7.46
28/02/2026 9:18,30.86,8.37,7.52
28/02/2026 9:21,28.66,7.1,6.98
28/02/2026 9:24,28.43,8.13,5.16
28/02/2026 9:27,30.19,7.77,5.12
28/02/2026 9:30,28.73,7.1,6.08
28/02/2026 9:33,28.84,8.2,7.55
28/02/2026 9:36,28.54,8.37,7.41
28/02/2026 9:39,29.43,8.54,5.27
28/02/2026 9:42,27.33,7.1,7.15
28/02/2026 9:45,29.23,8,6.2
28/02/2026 9:48,30.93,7.17,7.73
28/02/2026 9:51,31.63,7.19,6.16
28/02/2026 9:54,30.03,7.8,5.17
28/02/2026 9:57,29.75,7.02,6.55
28/02/2026 10:00,27.22,7.13,5.26
28/02/2026 10:03,29.73,8.05,6.03
28/02/2026 10:06,28.86,9,7.52
28/02/2026 10:09,30.66,7.56,7.73
28/02/2026 10:12,28.35,8.42,5.95
28/02/2026 10:15,30.21,8.01,4.67
28/02/2026 10:18,28.37,7.84,7.99
28/02/2026 10:21,29.5,7.32,6.31
28/02/2026 10:24,28.65,7.2,5.21
28/02/2026 10:27,29.66,7.94,5.87
28/02/2026 10:30,28.59,7.77,5.72
28/02/2026 10:33,29.51,8.38,6.95
28/02/2026 10:36,28.09,7.44,6.57
28/02/2026 10:39,28.74,7.94,5.6
28/02/2026 10:42,30.21,7.72,5.53
28/02/2026 10:45,31.77,7.26,7.58
28/02/2026 10:48,29.56,8.48,5.65
28/02/2026 10:51,29.49,7.56,7.02
28/02/2026 10:54,26.98,7.36,5.31
28/02/2026 10:57,33.04,7.41,5.65
28/02/2026 11:00,29.91,7.93,7.75
28/02/2026 11:03,29.58,7.67,5.32
28/02/2026 11:06,28.79,8.2,6.08
28/02/2026 11:09,30.67,6.58,6.71
28/02/2026 11:12,28.94,7.43,5.08
28/02/2026 11:15,28.05,7.7,7.12
28/02/2026 11:18,28.57,8.1,6.71
28/02/2026 11:21,29.23,7.11,7.14
28/02/2026 11:24,28.03,7.95,5.9
28/02/2026 11:27,29.64,7.26,6.51
28/02/2026 11:30,30.86,8.26,5.03
28/02/2026 11:33,29.68,7.54,7.06
28/02/2026 11:36,28.62,7.84,5.31
28/02/2026 11:39,28.19,7.63,6.12
28/02/2026 11:42,29.62,8.46,5.13
28/02/2026 11:45,30.06,7.8,7.08
28/02/2026 11:48,29.92,7.08,6.91
28/02/2026 11:51,29.7,7.88,6.37
28/02/2026 11:54,29.1,7.82,6.9
28/02/2026 11:57,32.03,7.84,5.51
28/02/2026 12:00,29.17,7.7,7.83
28/02/2026 12:03,30.59,8.15,7.5
28/02/2026 12:06,28.15,7.13,4.18
28/02/2026 12:09,28.9,7.73,7.14
28/02/2026 12:12,28.86,8.01,9.72
28/02/2026 12:15,30.94,8.07,5.39
28/02/2026 12:18,29.51,8.64,5.18
28/02/2026 12:21,28.54,7.23,6.09
28/02/2026 12:24,31.4,7.97,6.69
28/02/2026 12:27,30.54,7.49,5.2
28/02/2026 12:30,29.12,8.2,6.58
28/02/2026 12:33,32.48,7.29,6.24
28/02/2026 12:36,29.16,8.48,6.42
28/02/2026 12:39,29.01,9.09,5.19
28/02/2026 12:42,28.45,8.12,7.39
28/02/2026 12:45,29.34,7.38,6.34
28/02/2026 12:48,29.65,8.78,6.42
28/02/2026 12:51,29.36,7.96,7.87
28/02/2026 12:54,29.14,7.29,7.22
28/02/2026 12:57,28.69,7.69,6.31
28/02/2026 13:00,30.58,7.52,7.51
28/02/2026 13:03,30.59,7.96,4.35
28/02/2026 13:06,29.69,9.05,3.59
28/02/2026 13:09,30.13,6.93,7.2
28/02/2026 13:12,30.73,8.25,6.49
28/02/2026 13:15,28.48,7.31,5.13
28/02/2026 13:18,28.38,7.65,6.41
28/02/2026 13:21,28.6,7.57,7.99
28/02/2026 13:24,31.02,8.32,9.04
28/02/2026 13:27,29.77,7.75,6.44
28/02/2026 13:30,28.22,7.41,9.36
28/02/2026 13:33,30.2,8.5,5.42
28/02/2026 13:36,28.15,7.6,6.8
28/02/2026 13:39,28.08,7.32,7.39
28/02/2026 13:42,30.9,8.25,6.35
28/02/2026 13:45,29.06,7.63,5.95
28/02/2026 13:48,29.68,6.72,7.79
28/02/2026 13:51,29.45,7.82,3.51
28/02/2026 13:54,29.94,7.24,6.78
28/02/2026 13:57,26.7,8.71,5.07
28/02/2026 14:00,30.83,7.56,5.85
28/02/2026 14:03,29.67,7.91,6.84
28/02/2026 14:06,28.97,7.27,5.89
28/02/2026 14:09,25.66,7.93,4.13
28/02/2026 14:12,28.12,8.28,5.21
28/02/2026 14:15,31.74,7.57,5.27
28/02/2026 14:18,29.93,7.32,7.04
28/02/2026 14:21,29.26,7.07,6.72
28/02/2026 14:24,30.87,7.23,7.28
28/02/2026 14:27,29.76,8.19,5.02
28/02/2026 14:30,29.9,7.42,7.37
28/02/2026 14:33,25.72,6.64,6.2
28/02/2026 14:36,29.92,7.14,5.27
28/02/2026 14:39,29.63,8.16,6.56
28/02/2026 14:42,29.16,8.16,6.68
28/02/2026 14:45,29.38,7.6,7.86
28/02/2026 14:48,30.05,8.85,7.82
28/02/2026 14:51,28.72,8.84,7.33
28/02/2026 14:54,28.55,7.48,6.14
28/02/2026 14:57,30.7,7.04,4.7
28/02/2026 15:00,30.05,7.72,6.95
28/02/2026 15:03,25.03,7.07,9.83
28/02/2026 15:06,30.61,8.49,7.14
28/02/2026 15:09,29.1,7.42,6.8
28/02/2026 15:12,29.73,8.31,5.53
28/02/2026 15:15,29.81,8.18,6.34
28/02/2026 15:18,30.68,7.52,8.61
28/02/2026 15:21,30.63,8.28,6.16
28/02/2026 15:24,28.78,7.79,9.87
28/02/2026 15:27,30.91,8.34,7.46
28/02/2026 15:30,29.12,8.19,5.65
28/02/2026 15:33,29.83,7.33,6.26
28/02/2026 15:36,30.98,8.38,7.5
28/02/2026 15:39,29.22,7.52,6.83
28/02/2026 15:42,29.93,8.06,6.94
28/02/2026 15:45,30.96,7.41,6.76
28/02/2026 15:48,29.89,7.53,7.19
28/02/2026 15:51,29.97,7.03,7.77
28/02/2026 15:54,30.36,8.77,4.44
28/02/2026 15:57,30.36,7.8,7.74
28/02/2026 16:00,26.34,7.39,7.53
28/02/2026 16:03,30.84,7.14,5.14
28/02/2026 16:06,29.95,7.04,6.35
28/02/2026 16:09,28.75,7.42,7.07
28/02/2026 16:12,28.18,8.02,6.22
28/02/2026 16:15,28.24,8.23,7.47
28/02/2026 16:18,30.89,7.87,6.01
28/02/2026 16:21,30.47,7.32,5.71
28/02/2026 16:24,29.78,7,6.62
28/02/2026 16:27,30.7,7.86,5.43
28/02/2026 16:30,25.8,7.62,6.2
28/02/2026 16:33,30.61,7.67,6.23
28/02/2026 16:36,29.08,8.27,5.73
28/02/2026 16:39,30.43,7.08,5.13
28/02/2026 16:42,28.6,6.85,6.71
28/02/2026 16:45,25.72,7.24,5.92
28/02/2026 16:48,30.95,7.93,6.84
28/02/2026 16:51,28.95,7,7.26
28/02/2026 16:54,28.84,7.73,5.96
28/02/2026 16:57,28.55,7.18,6.21
28/02/2026 17:00,26.92,8.09,9.77
28/02/2026 17:03,29.67,7.2,7.65
28/02/2026 17:06,30.7,8.22,5.82
28/02/2026 17:09,29.66,7.86,5.01
28/02/2026 17:12,28.12,8.34,5.8
28/02/2026 17:15,28.16,7.2,6.17
28/02/2026 17:18,29.55,7.38,5.52
28/02/2026 17:21,30.67,7.83,7.38
28/02/2026 17:24,29.75,7.32,7.92
28/02/2026 17:27,30.24,7.71,6.64
28/02/2026 17:30,30.51,7.37,7.39
28/02/2026 17:33,28.39,7.62,5.22
28/02/2026 17:36,29.29,8.01,4.58
28/02/2026 17:39,28.01,7.75,7.48
28/02/2026 17:42,29.26,8.36,6.71
28/02/2026 17:45,30.58,8,5.48
28/02/2026 17:48,30.36,7.47,6.81
28/02/2026 17:51,29,8.13,7.57
28/02/2026 17:54,30.14,7.43,6.3
28/02/2026 17:57,30.14,8.46,5.32
28/02/2026 18:00,29.47,6.38,7.4
28/02/2026 18:03,28.31,7.13,6.98
28/02/2026 18:06,30.78,7.65,5.7
28/02/2026 18:09,29.72,7.42,7.09
28/02/2026 18:12,28.54,7.97,7.37
28/02/2026 18:15,30.02,6.42,7.11
28/02/2026 18:18,30.31,8.26,7.29
28/02/2026 18:21,28.33,8.45,6.64
28/02/2026 18:24,29.27,6.58,4.7
28/02/2026 18:27,30.85,7.64,7.68
28/02/2026 18:30,29.76,7.93,6.63
28/02/2026 18:33,32.86,8.39,5.86
28/02/2026 18:36,30.35,7.81,5.83
28/02/2026 18:39,28.45,7.19,5.31
28/02/2026 18:42,33.93,8.18,6.24
28/02/2026 18:45,28.8,8.49,5.37
28/02/2026 18:48,31.18,7,9.43
28/02/2026 18:51,31.27,7.86,6.68
28/02/2026 18:54,30.89,8.87,7.99
28/02/2026 18:57,28.24,8.21,7.5
28/02/2026 19:00,30.68,8.01,6.03
28/02/2026 19:03,28.19,8.27,5.45
28/02/2026 19:06,29.78,8.02,6.63
28/02/2026 19:09,28.04,7.44,6.81
28/02/2026 19:12,25.47,7.72,3.6
28/02/2026 19:15,30.71,8.34,6.6
28/02/2026 19:18,29.6,8.74,7.59
28/02/2026 19:21,29.61,7.25,5.63
28/02/2026 19:24,29.17,7.13,7.94
28/02/2026 19:27,30.09,6.56,6.71
28/02/2026 19:30,30,7.38,7.63
28/02/2026 19:33,29.81,8.08,6.52
28/02/2026 19:36,29.38,7.08,6.98
28/02/2026 19:39,28.57,8.17,5.89
28/02/2026 19:42,29.74,8.45,7.26
28/02/2026 19:45,30.82,7.36,6.03
28/02/2026 19:48,28.9,8.58,5.3
28/02/2026 19:51,32.39,8.25,5.83
28/02/2026 19:54,29.38,7.85,8.92
28/02/2026 19:57,28.17,7.39,6.85
28/02/2026 20:00,28.26,8.09,7.78
28/02/2026 20:03,25.71,7.44,6.36
28/02/2026 20:06,28.6,8.3,5.84
28/02/2026 20:09,29.89,7.68,7.39
28/02/2026 20:12,28.82,7.99,5.79
28/02/2026 20:15,30.85,8.19,7.47
28/02/2026 20:18,29.25,7.31,7.06
28/02/2026 20:21,29.87,7.07,7.39
28/02/2026 20:24,29.7,7.92,3.57
28/02/2026 20:27,29.49,7.62,6.95
28/02/2026 20:30,29.2,7.16,5.31
28/02/2026 20:33,29.34,7.34,7.59
28/02/2026 20:36,30.99,7.95,5.75
28/02/2026 20:39,28.28,9.1,7.26
28/02/2026 20:42,30.9,7.77,6.9
28/02/2026 20:45,28.76,7.23,5.22
28/02/2026 20:48,30.39,7.74,7.6
28/02/2026 20:51,28.69,8.17,7.73
28/02/2026 20:54,33.47,8.23,6.54
28/02/2026 20:57,29.17,8.49,5.53
28/02/2026 21:00,30.14,7.42,5.73
28/02/2026 21:03,30.77,7.46,7.55
28/02/2026 21:06,29.31,7.91,6.18
28/02/2026 21:09,29.83,8.57,7
28/02/2026 21:12,29.04,7.21,5.27
28/02/2026 21:15,28.63,7.72,7.75
28/02/2026 21:18,30.82,7.42,5.52
28/02/2026 21:21,30.82,7.82,6.24
28/02/2026 21:24,30.93,8.22,7
28/02/2026 21:27,30.93,8.02,7.01
28/02/2026 21:30,30.71,8.17,6.5
28/02/2026 21:33,29.68,7.73,9.26
28/02/2026 21:36,28.93,8.14,6.02
28/02/2026 21:39,29.17,8.14,5.44
28/02/2026 21:42,28.88,7.76,5.18
28/02/2026 21:45,28.95,7.52,7.48
28/02/2026 21:48,30.3,6.68,7.69
28/02/2026 21:51,30.82,7.58,5.32
28/02/2026 21:54,29.71,7.71,6.74
28/02/2026 21:57,30.14,8.04,6.14
28/02/2026 22:00,28.82,7.9,5.9
28/02/2026 22:03,30.69,8.13,6.72
28/02/2026 22:06,29.59,8.48,7.33
28/02/2026 22:09,27.24,7.88,6.95
28/02/2026 22:12,29.99,8.46,7.34
28/02/2026 22:15,30.59,8.29,7.27
28/02/2026 22:18,28.95,8.14,7.17
28/02/2026 22:21,28.56,8.22,6.72
28/02/2026 22:24,31.51,7.12,7.16
28/02/2026 22:27,29.67,7.34,7.6
28/02/2026 22:30,30.45,8.14,6.1
28/02/2026 22:33,30.57,7.9,4.89
28/02/2026 22:36,28.15,7.3,6.84
28/02/2026 22:39,26.19,8.13,5.16
28/02/2026 22:42,30.38,7.65,5.28
28/02/2026 22:45,28.83,7.45,6.32
28/02/2026 22:48,28.32,8.44,7.09
28/02/2026 22:51,28.89,8.01,7.69
28/02/2026 22:54,28.37,7.26,4.3
28/02/2026 22:57,29.12,7.33,5.34
28/02/2026 23:00,29.45,8.14,7.1
28/02/2026 23:03,30.77,8.65,7.09
28/02/2026 23:06,30.62,7.03,7.69
28/02/2026 23:09,30.26,8.23,6.78
28/02/2026 23:12,28.29,7.02,6.98
28/02/2026 23:15,27.3,7.65,5.12
28/02/2026 23:18,29.35,8.29,5.91
28/02/2026 23:21,28.99,7.65,7.05
28/02/2026 23:24,32.73,8.54,7.06
28/02/2026 23:27,30.93,7.65,6.1
28/02/2026 23:30,25.54,7.67,6.19
28/02/2026 23:33,30.74,7.43,6.05
28/02/2026 23:36,30.74,8.1,6.88
28/02/2026 23:39,30.52,7.39,7.84
28/02/2026 23:42,32.01,8.15,7.25
28/02/2026 23:45,30.25,8.38,4.15
28/02/2026 23:48,30.13,7.1,6.15
28/02/2026 23:51,29.58,7.02,6.77
28/02/2026 23:54,29.75,8.12,8.5
28/02/2026 23:57,32.41,8.14,3.72
01/03/2026 0:00,29.44,7.35,6.37
01/03/2026 0:03,29.52,6.96,7.94
01/03/2026 0:06,28.48,7.49,4.18
01/03/2026 0:09,31.44,7.32,7.31
01/03/2026 0:12,28.73,7.24,5.25
01/03/2026 0:15,28.7,7.46,6.94
01/03/2026 0:18,29.02,6.59,7.41
01/03/2026 0:21,29.4,7.11,6.87
01/03/2026 0:24,29.33,7.64,7.41
01/03/2026 0:27,30.75,8.15,7.96
01/03/2026 0:30,28.49,8.05,7.29
01/03/2026 0:33,29.3,7.5,3.94
01/03/2026 0:36,28.75,7.52,6.27
01/03/2026 0:39,30.91,8.36,7.58
01/03/2026 0:42,29.52,8.92,7.2
01/03/2026 0:45,29.79,8,7.93
01/03/2026 0:48,30.88,7.47,7.19
01/03/2026 0:51,30.06,7.49,6.35
01/03/2026 0:54,29.54,7.14,5.87
01/03/2026 0:57,26.15,7.59,5.92
01/03/2026 1:00,29.09,6.3,7.55
01/03/2026 1:03,30.32,7.19,6.06
01/03/2026 1:06,26.87,7.2,7.56
01/03/2026 1:09,29.23,7.15,5.55
01/03/2026 1:12,30.27,7.24,5.39
01/03/2026 1:15,28.6,7.5,8.04
01/03/2026 1:18,28.07,7.2,6
01/03/2026 1:21,28.94,7.64,7.93
01/03/2026 1:24,30.16,7.78,5.82
01/03/2026 1:27,30.98,7.89,7.46
01/03/2026 1:30,28.61,6.72,6.08
01/03/2026 1:33,30.44,7.08,5.01
01/03/2026 1:36,29.81,7.12,7.38
01/03/2026 1:39,29.42,7.64,7.18
01/03/2026 1:42,30.75,7.15,5.98
01/03/2026 1:45,29.65,7.1,7.78
01/03/2026 1:48,29.66,8.5,6.81
01/03/2026 1:51,26.75,7.46,5.96
01/03/2026 1:54,28.11,7.24,6.72
01/03/2026 1:57,29.87,8.12,5.62
01/03/2026 2:00,30.33,7.68,7.59
01/03/2026 2:03,29.75,8.44,5.66
01/03/2026 2:06,30.42,7.23,7.94
01/03/2026 2:09,29.77,7.27,3.88
01/03/2026 2:12,30.1,8.35,7.07
01/03/2026 2:15,28.85,8.47,7.39
01/03/2026 2:18,28.46,8.82,6.12
01/03/2026 2:21,29.7,8.43,9.57
01/03/2026 2:24,30.2,8.45,5.79
01/03/2026 2:27,29.64,6.41,6.75
01/03/2026 2:30,28.53,7.01,6.75
01/03/2026 2:33,30.42,8.13,6.76
01/03/2026 2:36,28.53,7.1,7.29
01/03/2026 2:39,29.25,7.63,5.02
01/03/2026 2:42,30.58,6.94,6.92
01/03/2026 2:45,28.61,7.69,6.25
01/03/2026 2:48,28.91,7.42,5.26
01/03/2026 2:51,30.87,7.99,5.45
01/03/2026 2:54,29.49,7.34,5.7
01/03/2026 2:57,28.79,7.79,7.19
01/03/2026 3:00,28.02,7.52,7.13
01/03/2026 3:03,29.52,7.92,9.43
01/03/2026 3:06,30.6,7.84,5.35
01/03/2026 3:09,28.77,7.21,6.04
01/03/2026 3:12,29.82,6.71,5.73
01/03/2026 3:15,28.14,6.74,6.89
01/03/2026 3:18,25.89,7.86,5.2
01/03/2026 3:21,28.01,8.91,5.01
01/03/2026 3:24,29.66,7.24,6.6
01/03/2026 3:27,33.54,7.62,6.22
01/03/2026 3:30,28.33,7.93,7.58
01/03/2026 3:33,32.26,8.19,6.85
01/03/2026 3:36,30.93,8.16,7.69
01/03/2026 3:39,27.98,8.35,7.44
01/03/2026 3:42,29.93,9.04,7.31
01/03/2026 3:45,29.48,8.03,5.39
01/03/2026 3:48,29.32,7.46,7.91
01/03/2026 3:51,28.3,6.73,9.16
01/03/2026 3:54,26.17,7.64,7.1
01/03/2026 3:57,30.16,7.64,5.21
01/03/2026 4:00,30.9,7.56,6.9
01/03/2026 4:03,29.67,7.67,7.15
01/03/2026 4:06,29.7,8.14,7.39
01/03/2026 4:09,28.6,7.79,7.64
01/03/2026 4:12,28.6,8.5,6.01
01/03/2026 4:15,26.92,8.3,6.27
01/03/2026 4:18,28.06,7.85,7.06
01/03/2026 4:21,30.13,7.31,5.48
01/03/2026 4:24,30.35,7.58,6.19
01/03/2026 4:27,25.5,6.89,6.68
01/03/2026 4:30,29.82,7.21,5.92
01/03/2026 4:33,28.27,7.33,6.09
01/03/2026 4:36,28.28,8.17,5.63
01/03/2026 4:39,29.01,8.39,7.87
01/03/2026 4:42,30.02,6.42,7.85
01/03/2026 4:45,31.08,8.07,7.25
01/03/2026 4:48,25.52,7.16,7
01/03/2026 4:51,25.04,7.8,6.8
01/03/2026 4:54,30.43,8.31,7.44
01/03/2026 4:57,29.94,7.28,5.09
01/03/2026 5:00,28.26,7.37,5.3
01/03/2026 5:03,29.25,8.39,5.55
01/03/2026 5:06,28.34,8.22,6.19
01/03/2026 5:09,29.15,8.23,6.9
01/03/2026 5:12,32.84,6.58,5.1
01/03/2026 5:15,30.7,7.78,6.01
01/03/2026 5:18,30.49,7.9,7.09
01/03/2026 5:21,25.71,8.32,4.62
01/03/2026 5:24,29.9,8.07,5.89
01/03/2026 5:27,28.63,6.6,7.76
01/03/2026 5:30,28.31,6.52,5.68
01/03/2026 5:33,30.55,7.58,3.55
01/03/2026 5:36,29.51,7.82,6.51
01/03/2026 5:39,28.25,8.36,6.89
01/03/2026 5:42,30.63,6.3,6.79
01/03/2026 5:45,29.63,8.06,5.9
01/03/2026 5:48,30.81,7.79,7.15
01/03/2026 5:51,28.11,7.19,5.44
01/03/2026 5:54,28.7,8.72,7.72
01/03/2026 5:57,29,7.18,7.7
01/03/2026 6:00,28.35,7.08,5.91
01/03/2026 6:03,28.54,7.14,6.66
01/03/2026 6:06,29.65,7.55,5.01
01/03/2026 6:09,28.94,7.68,7.66
01/03/2026 6:12,29.4,7.14,6.02
01/03/2026 6:15,31.77,7.35,5.18
01/03/2026 6:18,28.36,7.68,6.74
01/03/2026 6:21,30.9,8.29,6.35
01/03/2026 6:24,29.55,8.11,4.23
01/03/2026 6:27,28.99,8.44,5.84
01/03/2026 6:30,29.52,7.85,7.76
01/03/2026 6:33,30.03,7.46,5.07
01/03/2026 6:36,29.32,8.17,8.95
01/03/2026 6:39,29.61,6.49,6.79
01/03/2026 6:42,29.52,8.04,7.53
01/03/2026 6:45,29.98,8.06,6.78
01/03/2026 6:48,28.84,7.83,7.98
01/03/2026 6:51,30.3,7.15,8.49
01/03/2026 6:54,29.31,7.36,5.85
01/03/2026 6:57,30.56,8.44,5.1
01/03/2026 7:00,33.28,7.24,4.27
01/03/2026 7:03,29.08,7.68,7.56
01/03/2026 7:06,28.6,7.13,7.48
01/03/2026 7:09,28.82,7.83,5.9
01/03/2026 7:12,28.25,7.7,7.2
01/03/2026 7:15,29.96,7.41,5.89
01/03/2026 7:18,28.72,7.67,5.38
01/03/2026 7:21,29.2,7.34,6.31
01/03/2026 7:24,28.88,7.35,7.7
01/03/2026 7:27,28.78,8.46,7.92
01/03/2026 7:30,30.76,8.2,7.38
01/03/2026 7:33,30.93,7.34,7.41
01/03/2026 7:36,30.28,7.08,7.39
01/03/2026 7:39,30.75,7.24,6.67
01/03/2026 7:42,28.67,7.04,4.32
01/03/2026 7:45,28.03,7.28,7.3
01/03/2026 7:48,29,7.46,6.93
01/03/2026 7:51,28.56,8.13,5.92
01/03/2026 7:54,28.47,7.86,5.37
01/03/2026 7:57,30.96,7.13,6.66
01/03/2026 8:00,28.55,8.39,6.07
01/03/2026 8:03,29.08,8.09,7.28
01/03/2026 8:06,28.1,7.77,5.38
01/03/2026 8:09,30.1,7.86,7.37
01/03/2026 8:12,29.46,7.94,6.36
01/03/2026 8:15,28.38,7.91,7.85
01/03/2026 8:18,28.81,8.29,6.19
01/03/2026 8:21,31.04,8.06,5.46
01/03/2026 8:24,28.16,8.04,7.62
01/03/2026 8:27,32.25,7.99,7.74
01/03/2026 8:30,30.93,8.08,7.72
01/03/2026 8:33,28.92,7.32,7.94
01/03/2026 8:36,28.19,6.73,8.15
01/03/2026 8:39,30.61,8.13,7.1
01/03/2026 8:42,29.64,7.66,5.19
01/03/2026 8:45,29.71,8.75,6.38
01/03/2026 8:48,29.15,8.07,5.56
01/03/2026 8:51,29.98,8.49,6.18
01/03/2026 8:54,28.91,8.34,6.01
01/03/2026 8:57,29.78,8.35,5.45
01/03/2026 9:00,28.74,7.76,5.4
01/03/2026 9:03,25.6,7.18,7.89
01/03/2026 9:06,27.39,7.13,7.81
01/03/2026 9:09,29.28,8.45,5.75
01/03/2026 9:12,28.72,7.88,5.01
01/03/2026 9:15,30.76,7.8,7.28
01/03/2026 9:18,29.46,8,6.3
01/03/2026 9:21,29.8,7.67,7.02
01/03/2026 9:24,29.81,7.86,5.94
01/03/2026 9:27,30.64,8.15,7.55
01/03/2026 9:30,29.51,8,6.1
01/03/2026 9:33,30.87,7.3,5.12
01/03/2026 9:36,30.41,8.11,6.05
01/03/2026 9:39,30.67,8.24,7.7
01/03/2026 9:42,29.76,7.69,5.04
01/03/2026 9:45,28.9,7.64,5.81
01/03/2026 9:48,28.51,7.72,7.9
01/03/2026 9:51,30.03,7.33,7.15
01/03/2026 9:54,28.14,7.92,6.6
01/03/2026 9:57,29.75,8.42,7.95
01/03/2026 10:00,29.29,7.69,9.78
01/03/2026 10:03,28.58,7.83,7.94
01/03/2026 10:06,25.53,7.37,6.32
01/03/2026 10:09,30.62,7.79,4.65
01/03/2026 10:12,26.11,7.11,7.46
01/03/2026 10:15,32.92,6.59,6.71
01/03/2026 10:18,28.83,7.75,6.6
01/03/2026 10:21,28.34,7.21,5.18
01/03/2026 10:24,28.82,7.15,6.6
01/03/2026 10:27,29.36,7.7,7.19
01/03/2026 10:30,29.69,8.48,8.59
01/03/2026 10:33,27.78,7.64,5.55
01/03/2026 10:36,30.85,7.09,7.42
01/03/2026 10:39,29.07,7.08,6.39
01/03/2026 10:42,30.46,8.26,6.49
01/03/2026 10:45,30.35,8.15,7.14
01/03/2026 10:48,28.95,8.15,6.95
01/03/2026 10:51,29.97,7.08,7.69
01/03/2026 10:54,30.03,8.45,6.78
01/03/2026 10:57,31.97,7.37,5.66
01/03/2026 11:00,28.59,7.77,6.06
01/03/2026 11:03,30.8,7.15,7.78
01/03/2026 11:06,28.19,7.06,6.94
01/03/2026 11:09,28.19,8.19,7.11
01/03/2026 11:12,29.66,7.19,8.18
01/03/2026 11:15,28.94,8.09,6.08
01/03/2026 11:18,29.66,7.03,5.19
01/03/2026 11:21,28.89,7.06,7.79
01/03/2026 11:24,30.66,7.81,6.85
01/03/2026 11:27,29.36,8.26,7.11
01/03/2026 11:30,28.34,8.37,7.92
01/03/2026 11:33,28.82,8.49,7
01/03/2026 11:36,28.48,7.06,6.28
01/03/2026 11:39,30.97,8.34,6.45
01/03/2026 11:42,30.29,8.46,5.23
01/03/2026 11:45,28.72,6.88,5.32
01/03/2026 11:48,28.62,8.46,6.32
01/03/2026 11:51,30.13,8.28,5.82
01/03/2026 11:54,30.35,8.03,5.95
01/03/2026 11:57,32.12,7.29,5.81
01/03/2026 12:00,29.49,7.99,5.93
01/03/2026 12:03,30.77,7.87,6.29
01/03/2026 12:06,29.3,8.46,7.78
01/03/2026 12:09,29.79,8.15,5.82
01/03/2026 12:12,28.19,8.14,6.6
01/03/2026 12:15,29.62,7.52,6.38
01/03/2026 12:18,26.15,7.29,6.11
01/03/2026 12:21,28.69,6.81,4.31
01/03/2026 12:24,28.37,8.03,7.58
01/03/2026 12:27,29.09,8.18,5.26
01/03/2026 12:30,29.79,8.4,5.32
01/03/2026 12:33,30.54,8.32,7.09
01/03/2026 12:36,29,7.26,6.63
01/03/2026 12:39,29.55,8.89,5.01
01/03/2026 12:42,30,7.42,5.78
01/03/2026 12:45,28.03,7.2,7.53
01/03/2026 12:48,29.69,7.52,5.01
01/03/2026 12:51,29.81,7.39,5.37
01/03/2026 12:54,28.36,8.12,7.11
01/03/2026 12:57,29.34,7,5.97
01/03/2026 13:00,29.32,7.18,6.13
01/03/2026 13:03,30.24,7.44,5.08
01/03/2026 13:06,28.95,8.39,6.24
01/03/2026 13:09,29.09,7.48,6.98
01/03/2026 13:12,28.18,6.98,7.59
01/03/2026 13:15,28.74,7.8,9.56
01/03/2026 13:18,29.96,8.15,5.48
01/03/2026 13:21,28.95,6.71,5.08
01/03/2026 13:24,29.78,7.62,6.24
01/03/2026 13:27,29.08,8.74,7.81
01/03/2026 13:30,29.77,8.04,6.53
01/03/2026 13:33,29.95,8.27,6.93
01/03/2026 13:36,29.22,7.9,5.26
01/03/2026 13:39,30.66,7.22,5.31
01/03/2026 13:42,28.02,8.38,7.13
01/03/2026 13:45,28.39,7.72,7.55
01/03/2026 13:48,29.66,7.71,7.48
01/03/2026 13:51,28.48,7.61,5.3
01/03/2026 13:54,28.89,7.3,6.58
01/03/2026 13:57,28.72,7.47,7.71
01/03/2026 14:00,29.58,7.19,7.93
01/03/2026 14:03,28.74,7.58,9.27
01/03/2026 14:06,29.36,8.95,6.96
01/03/2026 14:09,29.9,8.61,7.01
01/03/2026 14:12,28.74,7.55,9.72
01/03/2026 14:15,28.54,7.77,7.77
01/03/2026 14:18,31.47,7.52,5.53
01/03/2026 14:21,30.97,7.86,6.11
01/03/2026 14:24,28.55,8.36,5.58
01/03/2026 14:27,29,8.25,7.02
01/03/2026 14:30,29.2,8.35,5.69
01/03/2026 14:33,30.58,7.81,5.47
01/03/2026 14:36,28.83,7.17,4.47
01/03/2026 14:39,28.66,8.15,6.43
01/03/2026 14:42,28.38,7.77,7.44
01/03/2026 14:45,30.28,7.85,6.17
01/03/2026 14:48,27.62,7.04,6.53
01/03/2026 14:51,29.7,7.93,8.9
01/03/2026 14:54,28.28,7.21,3.83
01/03/2026 14:57,29.36,8.01,7.63
01/03/2026 15:00,30.97,7.33,7.32
01/03/2026 15:03,30.77,7.07,5.09
01/03/2026 15:06,29.69,7.25,7.23
01/03/2026 15:09,28.71,7.72,5.93
01/03/2026 15:12,29.77,7.52,5.17
01/03/2026 15:15,29.54,7.91,6.98
01/03/2026 15:18,30.91,7.53,7.56
01/03/2026 15:21,28.05,8.17,5.05
01/03/2026 15:24,25.37,8.13,6.24
01/03/2026 15:27,28.93,7.8,6.32
01/03/2026 15:30,33.66,8.08,6.4
01/03/2026 15:33,29.21,7.78,4.34
01/03/2026 15:36,30.19,7.06,7.18
01/03/2026 15:39,30.25,7.13,4.16
01/03/2026 15:42,30.2,7.35,5.64
01/03/2026 15:45,29.71,8.37,6.69
01/03/2026 15:48,29.66,7.89,6.16
01/03/2026 15:51,28.87,7.62,6.48
01/03/2026 15:54,30.61,8.4,7.38
01/03/2026 15:57,29.28,7.1,6.85
01/03/2026 16:00,29.07,7.71,7.75
01/03/2026 16:03,30.39,7.32,7.56
01/03/2026 16:06,30.17,7.03,6.8
01/03/2026 16:09,28.96,7.06,3.69
01/03/2026 16:12,28.07,7.95,3.69
01/03/2026 16:15,28.03,6.91,6.88
01/03/2026 16:18,30.55,7.85,5.59
01/03/2026 16:21,28.45,8.33,7.41
01/03/2026 16:24,29.81,7.69,7.29
01/03/2026 16:27,29.77,8.27,5.86
01/03/2026 16:30,28.68,8.2,5.31
01/03/2026 16:33,29.34,7.7,6.07
01/03/2026 16:36,29.26,7.83,5.6
01/03/2026 16:39,29.51,7.52,7.67
01/03/2026 16:42,30.57,8.16,7.24
01/03/2026 16:45,30.75,7.89,6.4
01/03/2026 16:48,28.26,6.5,5.42
01/03/2026 16:51,29.29,8,5.24
01/03/2026 16:54,28.88,7.98,7.45
01/03/2026 16:57,30.36,7.47,5.66
01/03/2026 17:00,29.04,8.25,7.47
01/03/2026 17:03,29.46,8.08,6.37
01/03/2026 17:06,30.12,7.27,5.36
01/03/2026 17:09,29.91,7.94,7.96
01/03/2026 17:12,30.23,8.08,7.15
01/03/2026 17:15,29.29,7.4,5.33
01/03/2026 17:18,29.62,7.13,5.42
01/03/2026 17:21,28.82,7.01,6
01/03/2026 17:24,26.58,6.34,7.63
01/03/2026 17:27,30.33,8.11,6.22
01/03/2026 17:30,30.6,8.23,5.24
01/03/2026 17:33,28.91,8.09,7.01
01/03/2026 17:36,29.49,7.17,5.86
01/03/2026 17:39,28.31,7.96,5.99
01/03/2026 17:42,28.34,7.81,7.03
01/03/2026 17:45,28.43,8.26,5.93
01/03/2026 17:48,29.89,7.51,9.48
01/03/2026 17:51,30.36,7.01,5.11
01/03/2026 17:54,28.39,7.42,5.22
01/03/2026 17:57,30.99,8.29,5.14
01/03/2026 18:00,29.06,8.12,7.09
01/03/2026 18:03,30.68,7.77,6.73
01/03/2026 18:06,31,8.3,6.83
01/03/2026 18:09,30.52,7.29,5.41
01/03/2026 18:12,29.14,7.72,5.35
01/03/2026 18:15,28.07,7.06,4.16
01/03/2026 18:18,31.49,7.81,6.25
01/03/2026 18:21,29.52,8.36,7.57
01/03/2026 18:24,29.46,7.32,5.06
01/03/2026 18:27,28.01,7.68,6.6
01/03/2026 18:30,30.61,7.5,7.51
01/03/2026 18:33,28.44,8.26,3.76
01/03/2026 18:36,29.88,8.04,7.45
01/03/2026 18:39,28.79,7.72,6.06
01/03/2026 18:42,29.24,7.21,7.18
01/03/2026 18:45,29.41,6.54,7.37
01/03/2026 18:48,29.76,7.82,6.3
01/03/2026 18:51,29.56,7.55,7.79
01/03/2026 18:54,29.09,7.48,7.57
01/03/2026 18:57,28.12,7.38,9.56
01/03/2026 19:00,28.38,7.34,6.41
01/03/2026 19:03,29.87,7.93,5.31
01/03/2026 19:06,29.82,7.78,7.65
01/03/2026 19:09,30,7.45,6.38
01/03/2026 19:12,28.24,8.31,8.32
01/03/2026 19:15,28.75,7.33,5.7
01/03/2026 19:18,33.83,7.78,5.16
01/03/2026 19:21,28.7,8.53,6.48
01/03/2026 19:24,30.44,8.26,8.95
01/03/2026 19:27,30.28,7.87,6.16
01/03/2026 19:30,30.25,8.47,6.17
01/03/2026 19:33,30.92,8.49,7.95
01/03/2026 19:36,30.75,8.65,7.22
01/03/2026 19:39,29.93,7.11,7.66
01/03/2026 19:42,29.53,7.34,6.31
01/03/2026 19:45,30.45,7.5,5.73
01/03/2026 19:48,29.65,7.57,5.1
01/03/2026 19:51,30.3,6.84,7.9
01/03/2026 19:54,28.54,8.5,7.88
01/03/2026 19:57,29.54,7.4,4
01/03/2026 20:00,33.84,7.38,7.19
01/03/2026 20:03,29.45,8.23,5.04
01/03/2026 20:06,29.45,8.7,6.88
01/03/2026 20:09,29.56,6.67,5.2
01/03/2026 20:12,29.84,8.06,4.38
01/03/2026 20:15,29.82,7.76,7.46
01/03/2026 20:18,30.86,8.37,7.52
01/03/2026 20:21,28.66,7.1,6.98
01/03/2026 20:24,28.43,8.13,5.16
01/03/2026 20:27,30.19,7.77,5.12
01/03/2026 20:30,28.73,7.1,6.08
01/03/2026 20:33,28.84,8.2,7.55
01/03/2026 20:36,28.54,8.37,7.41
01/03/2026 20:39,29.43,8.54,5.27
01/03/2026 20:42,27.33,7.1,7.15
01/03/2026 20:45,29.23,8,6.2
01/03/2026 20:48,30.93,7.17,7.73
01/03/2026 20:51,31.63,7.19,6.16
01/03/2026 20:54,30.03,7.8,5.17
01/03/2026 20:57,29.75,7.02,6.55
01/03/2026 21:00,27.22,7.13,5.26
01/03/2026 21:03,29.73,8.05,6.03
01/03/2026 21:06,28.86,9,7.52
01/03/2026 21:09,30.66,7.56,7.73
01/03/2026 21:12,28.35,8.42,5.95
01/03/2026 21:15,30.21,8.01,4.67
01/03/2026 21:18,28.37,7.84,7.99
01/03/2026 21:21,29.5,7.32,6.31
01/03/2026 21:24,28.65,7.2,5.21
01/03/2026 21:27,29.66,7.94,5.87
01/03/2026 21:30,28.59,7.77,5.72
01/03/2026 21:33,29.51,8.38,6.95
01/03/2026 21:36,28.09,7.44,6.57
01/03/2026 21:39,28.74,7.94,5.6
01/03/2026 21:42,30.21,7.72,5.53
01/03/2026 21:45,31.77,7.26,7.58
01/03/2026 21:48,29.56,8.48,5.65
01/03/2026 21:51,29.49,7.56,7.02
01/03/2026 21:54,26.98,7.36,5.31
01/03/2026 21:57,33.04,7.41,5.65
01/03/2026 22:00,29.91,7.93,7.75
01/03/2026 22:03,29.58,7.67,5.32
01/03/2026 22:06,28.79,8.2,6.08
01/03/2026 22:09,30.67,6.58,6.71
01/03/2026 22:12,28.94,7.43,5.08
01/03/2026 22:15,28.05,7.7,7.12
01/03/2026 22:18,28.57,8.1,6.71
01/03/2026 22:21,29.23,7.11,7.14
01/03/2026 22:24,28.03,7.95,5.9
01/03/2026 22:27,29.64,7.26,6.51
01/03/2026 22:30,30.86,8.26,5.03
01/03/2026 22:33,29.68,7.54,7.06
01/03/2026 22:36,28.62,7.84,5.31
01/03/2026 22:39,28.19,7.63,6.12
01/03/2026 22:42,29.62,8.46,5.13
01/03/2026 22:45,30.06,7.8,7.08
01/03/2026 22:48,29.92,7.08,6.91
01/03/2026 22:51,29.7,7.88,6.37
01/03/2026 22:54,29.1,7.82,6.9
01/03/2026 22:57,32.03,7.84,5.51
01/03/2026 23:00,29.17,7.7,7.83
01/03/2026 23:03,30.59,8.15,7.5
01/03/2026 23:06,28.15,7.13,4.18
01/03/2026 23:09,28.9,7.73,7.14
01/03/2026 23:12,28.86,8.01,9.72
01/03/2026 23:15,30.94,8.07,5.39
01/03/2026 23:18,29.51,8.64,5.18
01/03/2026 23:21,28.54,7.23,6.09
01/03/2026 23:24,31.4,7.97,6.69
01/03/2026 23:27,30.54,7.49,5.2
01/03/2026 23:30,29.12,8.2,6.58
01/03/2026 23:33,32.48,7.29,6.24
01/03/2026 23:36,29.16,8.48,6.42
01/03/2026 23:39,29.01,9.09,5.19
01/03/2026 23:42,28.45,8.12,7.39
01/03/2026 23:45,29.34,7.38,6.34
01/03/2026 23:48,29.65,8.78,6.42
01/03/2026 23:51,29.36,7.96,7.87
01/03/2026 23:54,29.14,7.29,7.22
01/03/2026 23:57,28.69,7.69,6.31
02/03/2026 0:00,30.58,7.52,7.51
02/03/2026 0:03,30.59,7.96,4.35
02/03/2026 0:06,29.69,9.05,3.59
02/03/2026 0:09,30.13,6.93,7.2
02/03/2026 0:12,30.73,8.25,6.49
02/03/2026 0:15,28.48,7.31,5.13
02/03/2026 0:18,28.38,7.65,6.41
02/03/2026 0:21,28.6,7.57,7.99
02/03/2026 0:24,31.02,8.32,9.04
02/03/2026 0:27,29.77,7.75,6.44
02/03/2026 0:30,28.22,7.41,9.36
02/03/2026 0:33,30.2,8.5,5.42
02/03/2026 0:36,28.15,7.6,6.8
02/03/2026 0:39,28.08,7.32,7.39
02/03/2026 0:42,30.9,8.25,6.35
02/03/2026 0:45,29.06,7.63,5.95
02/03/2026 0:48,29.68,6.72,7.79
02/03/2026 0:51,29.45,7.82,3.51
02/03/2026 0:54,29.94,7.24,6.78
02/03/2026 0:57,26.7,8.71,5.07
02/03/2026 1:00,30.83,7.56,5.85
02/03/2026 1:03,29.67,7.91,6.84
02/03/2026 1:06,28.97,7.27,5.89
02/03/2026 1:09,25.66,7.93,4.13
02/03/2026 1:12,28.12,8.28,5.21
02/03/2026 1:15,31.74,7.57,5.27
02/03/2026 1:18,29.93,7.32,7.04
02/03/2026 1:21,29.26,7.07,6.72
02/03/2026 1:24,30.87,7.23,7.28
02/03/2026 1:27,29.76,8.19,5.02
02/03/2026 1:30,29.9,7.42,7.37
02/03/2026 1:33,25.72,6.64,6.2
02/03/2026 1:36,29.92,7.14,5.27
02/03/2026 1:39,29.63,8.16,6.56
02/03/2026 1:42,29.16,8.16,6.68
02/03/2026 1:45,29.38,7.6,7.86
02/03/2026 1:48,30.05,8.85,7.82
02/03/2026 1:51,28.72,8.84,7.33
02/03/2026 1:54,28.55,7.48,6.14
02/03/2026 1:57,30.7,7.04,4.7
02/03/2026 2:00,30.05,7.72,6.95
02/03/2026 2:03,25.03,7.07,9.83
02/03/2026 2:06,30.61,8.49,7.14
02/03/2026 2:09,29.1,7.42,6.8
02/03/2026 2:12,29.73,8.31,5.53
02/03/2026 2:15,29.81,8.18,6.34
02/03/2026 2:18,30.68,7.52,8.61
02/03/2026 2:21,30.63,8.28,6.16
02/03/2026 2:24,28.78,7.79,9.87
02/03/2026 2:27,30.91,8.34,7.46
02/03/2026 2:30,29.12,8.19,5.65
02/03/2026 2:33,29.83,7.33,6.26
02/03/2026 2:36,30.98,8.38,7.5
02/03/2026 2:39,29.22,7.52,6.83
02/03/2026 2:42,29.93,8.06,6.94
02/03/2026 2:45,30.96,7.41,6.76
02/03/2026 2:48,29.89,7.53,7.19
02/03/2026 2:51,29.97,7.03,7.77
02/03/2026 2:54,30.36,8.77,4.44
02/03/2026 2:57,30.36,7.8,7.74
02/03/2026 3:00,26.34,7.39,7.53
02/03/2026 3:03,30.84,7.14,5.14
02/03/2026 3:06,29.95,7.04,6.35
02/03/2026 3:09,28.75,7.42,7.07
02/03/2026 3:12,28.18,8.02,6.22
02/03/2026 3:15,28.24,8.23,7.47
02/03/2026 3:18,30.89,7.87,6.01
02/03/2026 3:21,30.47,7.32,5.71
02/03/2026 3:24,29.78,7,6.62
02/03/2026 3:27,30.7,7.86,5.43
02/03/2026 3:30,25.8,7.62,6.2
02/03/2026 3:33,30.61,7.67,6.23
02/03/2026 3:36,29.08,8.27,5.73
02/03/2026 3:39,30.43,7.08,5.13
02/03/2026 3:42,28.6,6.85,6.71
02/03/2026 3:45,25.72,7.24,5.92
02/03/2026 3:48,30.95,7.93,6.84
02/03/2026 3:51,28.95,7,7.26
02/03/2026 3:54,28.84,7.73,5.96
02/03/2026 3:57,28.55,7.18,6.21
02/03/2026 4:00,26.92,8.09,9.77
02/03/2026 4:03,29.67,7.2,7.65
02/03/2026 4:06,30.7,8.22,5.82
02/03/2026 4:09,29.66,7.86,5.01
02/03/2026 4:12,28.12,8.34,5.8
02/03/2026 4:15,28.16,7.2,6.17
02/03/2026 4:18,29.55,7.38,5.52
02/03/2026 4:21,30.67,7.83,7.38
02/03/2026 4:24,29.75,7.32,7.92
02/03/2026 4:27,30.24,7.71,6.64
02/03/2026 4:30,30.51,7.37,7.39
02/03/2026 4:33,28.39,7.62,5.22
02/03/2026 4:36,29.29,8.01,4.58
02/03/2026 4:39,28.01,7.75,7.48
02/03/2026 4:42,29.26,8.36,6.71
02/03/2026 4:45,30.58,8,5.48
02/03/2026 4:48,30.36,7.47,6.81
02/03/2026 4:51,29,8.13,7.57
02/03/2026 4:54,30.14,7.43,6.3
02/03/2026 4:57,30.14,8.46,5.32
02/03/2026 5:00,29.47,6.38,7.4
02/03/2026 5:03,28.31,7.13,6.98
02/03/2026 5:06,30.78,7.65,5.7
02/03/2026 5:09,29.72,7.42,7.09
02/03/2026 5:12,28.54,7.97,7.37
02/03/2026 5:15,30.02,6.42,7.11
02/03/2026 5:18,30.31,8.26,7.29
02/03/2026 5:21,28.33,8.45,6.64
02/03/2026 5:24,29.27,6.58,4.7
02/03/2026 5:27,30.85,7.64,7.68
02/03/2026 5:30,29.76,7.93,6.63
02/03/2026 5:33,32.86,8.39,5.86
02/03/2026 5:36,30.35,7.81,5.83
02/03/2026 5:39,28.45,7.19,5.31
02/03/2026 5:42,33.93,8.18,6.24
02/03/2026 5:45,28.8,8.49,5.37
02/03/2026 5:48,31.18,7,9.43
02/03/2026 5:51,31.27,7.86,6.68
02/03/2026 5:54,30.89,8.87,7.99
02/03/2026 5:57,28.24,8.21,7.5
02/03/2026 6:00,30.68,8.01,6.03
02/03/2026 6:03,28.19,8.27,5.45
02/03/2026 6:06,29.78,8.02,6.63
02/03/2026 6:09,28.04,7.44,6.81
02/03/2026 6:12,25.47,7.72,3.6
02/03/2026 6:15,30.71,8.34,6.6
02/03/2026 6:18,29.6,8.74,7.59
02/03/2026 6:21,29.61,7.25,5.63
02/03/2026 6:24,29.17,7.13,7.94
02/03/2026 6:27,30.09,6.56,6.71
02/03/2026 6:30,30,7.38,7.63
02/03/2026 6:33,29.81,8.08,6.52
02/03/2026 6:36,29.38,7.08,6.98
02/03/2026 6:39,28.57,8.17,5.89
02/03/2026 6:42,29.74,8.45,7.26
02/03/2026 6:45,30.82,7.36,6.03
02/03/2026 6:48,28.9,8.58,5.3
02/03/2026 6:51,32.39,8.25,5.83
02/03/2026 6:54,29.38,7.85,8.92
02/03/2026 6:57,28.17,7.39,6.85
02/03/2026 7:00,28.26,8.09,7.78
02/03/2026 7:03,25.71,7.44,6.36
02/03/2026 7:06,28.6,8.3,5.84
02/03/2026 7:09,29.89,7.68,7.39
02/03/2026 7:12,28.82,7.99,5.79
02/03/2026 7:15,30.85,8.19,7.47
02/03/2026 7:18,29.25,7.31,7.06
02/03/2026 7:21,29.87,7.07,7.39
02/03/2026 7:24,29.7,7.92,3.57
02/03/2026 7:27,29.49,7.62,6.95
02/03/2026 7:30,29.2,7.16,5.31
02/03/2026 7:33,29.34,7.34,7.59
02/03/2026 7:36,30.99,7.95,5.75
02/03/2026 7:39,28.28,9.1,7.26
02/03/2026 7:42,30.9,7.77,6.9
02/03/2026 7:45,28.76,7.23,5.22
02/03/2026 7:48,30.39,7.74,7.6
02/03/2026 7:51,28.69,8.17,7.73
02/03/2026 7:54,33.47,8.23,6.54
02/03/2026 7:57,29.17,8.49,5.53
02/03/2026 8:00,30.14,7.42,5.73
02/03/2026 8:03,30.77,7.46,7.55
02/03/2026 8:06,29.31,7.91,6.18
02/03/2026 8:09,29.83,8.57,7
02/03/2026 8:12,29.04,7.21,5.27
02/03/2026 8:15,28.63,7.72,7.75
02/03/2026 8:18,30.82,7.42,5.52
02/03/2026 8:21,30.82,7.82,6.24
02/03/2026 8:24,30.93,8.22,7
02/03/2026 8:27,30.93,8.02,7.01
02/03/2026 8:30,30.71,8.17,6.5
02/03/2026 8:33,29.68,7.73,9.26
02/03/2026 8:36,28.93,8.14,6.02
02/03/2026 8:39,29.17,8.14,5.44
02/03/2026 8:42,28.88,7.76,5.18
02/03/2026 8:45,28.95,7.52,7.48
02/03/2026 8:48,30.3,6.68,7.69
02/03/2026 8:51,30.82,7.58,5.32
02/03/2026 8:54,29.71,7.71,6.74
02/03/2026 8:57,30.14,8.04,6.14
02/03/2026 9:00,28.82,7.9,5.9
02/03/2026 9:03,30.69,8.13,6.72
02/03/2026 9:06,29.59,8.48,7.33
02/03/2026 9:09,27.24,7.88,6.95
02/03/2026 9:12,29.99,8.46,7.34
02/03/2026 9:15,30.59,8.29,7.27
02/03/2026 9:18,28.95,8.14,7.17
02/03/2026 9:21,28.56,8.22,6.72
02/03/2026 9:24,31.51,7.12,7.16
02/03/2026 9:27,29.67,7.34,7.6
02/03/2026 9:30,30.45,8.14,6.1
02/03/2026 9:33,30.57,7.9,4.89
02/03/2026 9:36,28.15,7.3,6.84
02/03/2026 9:39,26.19,8.13,5.16
02/03/2026 9:42,30.38,7.65,5.28
02/03/2026 9:45,28.83,7.45,6.32
02/03/2026 9:48,28.32,8.44,7.09
02/03/2026 9:51,28.89,8.01,7.69
02/03/2026 9:54,28.37,7.26,4.3
02/03/2026 9:57,29.12,7.33,5.34
02/03/2026 10:00,29.45,8.14,7.1
02/03/2026 10:03,30.77,8.65,7.09
02/03/2026 10:06,30.62,7.03,7.69
02/03/2026 10:09,30.26,8.23,6.78
02/03/2026 10:12,28.29,7.02,6.98
02/03/2026 10:15,27.3,7.65,5.12
02/03/2026 10:18,29.35,8.29,5.91
02/03/2026 10:21,28.99,7.65,7.05
02/03/2026 10:24,32.73,8.54,7.06
02/03/2026 10:27,30.93,7.65,6.1
02/03/2026 10:30,25.54,7.67,6.19
02/03/2026 10:33,30.74,7.43,6.05
02/03/2026 10:36,30.74,8.1,6.88
02/03/2026 10:39,30.52,7.39,7.84
02/03/2026 10:42,32.01,8.15,7.25
02/03/2026 10:45,30.25,8.38,4.15
02/03/2026 10:48,30.13,7.1,6.15
02/03/2026 10:51,29.58,7.02,6.77
02/03/2026 10:54,29.75,8.12,8.5
02/03/2026 10:57,32.41,8.14,3.72
02/03/2026 11:00,29.44,7.35,6.37
02/03/2026 11:03,29.52,6.96,7.94
02/03/2026 11:06,28.48,7.49,4.18
02/03/2026 11:09,31.44,7.32,7.31
02/03/2026 11:12,28.73,7.24,5.25
02/03/2026 11:15,28.7,7.46,6.94
02/03/2026 11:18,29.02,6.59,7.41
02/03/2026 11:21,29.4,7.11,6.87
02/03/2026 11:24,29.33,7.64,7.41
02/03/2026 11:27,30.75,8.15,7.96
02/03/2026 11:30,28.49,8.05,7.29
02/03/2026 11:33,29.3,7.5,3.94
02/03/2026 11:36,28.75,7.52,6.27
02/03/2026 11:39,30.91,8.36,7.58
02/03/2026 11:42,29.52,8.92,7.2
02/03/2026 11:45,29.79,8,7.93
02/03/2026 11:48,30.88,7.47,7.19
02/03/2026 11:51,30.06,7.49,6.35
02/03/2026 11:54,29.54,7.14,5.87
02/03/2026 11:57,26.15,7.59,5.92
02/03/2026 12:00,29.09,6.3,7.55
02/03/2026 12:03,30.32,7.19,6.06
02/03/2026 12:06,26.87,7.2,7.56
02/03/2026 12:09,29.23,7.15,5.55
02/03/2026 12:12,30.27,7.24,5.39
02/03/2026 12:15,28.6,7.5,8.04
02/03/2026 12:18,28.07,7.2,6
02/03/2026 12:21,28.94,7.64,7.93
02/03/2026 12:24,30.16,7.78,5.82
02/03/2026 12:27,30.98,7.89,7.46
02/03/2026 12:30,28.61,6.72,6.08
02/03/2026 12:33,30.44,7.08,5.01
02/03/2026 12:36,29.81,7.12,7.38
02/03/2026 12:39,29.42,7.64,7.18
02/03/2026 12:42,30.75,7.15,5.98
02/03/2026 12:45,29.65,7.1,7.78
02/03/2026 12:48,29.66,8.5,6.81
02/03/2026 12:51,26.75,7.46,5.96
02/03/2026 12:54,28.11,7.24,6.72
02/03/2026 12:57,29.87,8.12,5.62
02/03/2026 13:00,30.33,7.68,7.59
02/03/2026 13:03,29.75,8.44,5.66
02/03/2026 13:06,30.42,7.23,7.94
02/03/2026 13:09,29.77,7.27,3.88
02/03/2026 13:12,30.1,8.35,7.07
02/03/2026 13:15,28.85,8.47,7.39
02/03/2026 13:18,28.46,8.82,6.12
02/03/2026 13:21,29.7,8.43,9.57
02/03/2026 13:24,30.2,8.45,5.79
02/03/2026 13:27,29.64,6.41,6.75
02/03/2026 13:30,28.53,7.01,6.75
02/03/2026 13:33,30.42,8.13,6.76
02/03/2026 13:36,28.53,7.1,7.29
02/03/2026 13:39,29.25,7.63,5.02
02/03/2026 13:42,30.58,6.94,6.92
02/03/2026 13:45,28.61,7.69,6.25
02/03/2026 13:48,28.91,7.42,5.26
02/03/2026 13:51,30.87,7.99,5.45
02/03/2026 13:54,29.49,7.34,5.7
02/03/2026 13:57,28.79,7.79,7.19
02/03/2026 14:00,28.02,7.52,7.13
02/03/2026 14:03,29.52,7.92,9.43
02/03/2026 14:06,30.6,7.84,5.35
02/03/2026 14:09,28.77,7.21,6.04
02/03/2026 14:12,29.82,6.71,5.73
02/03/2026 14:15,28.14,6.74,6.89
02/03/2026 14:18,25.89,7.86,5.2
02/03/2026 14:21,28.01,8.91,5.01
02/03/2026 14:24,29.66,7.24,6.6
02/03/2026 14:27,33.54,7.62,6.22
02/03/2026 14:30,28.33,7.93,7.58
02/03/2026 14:33,32.26,8.19,6.85
02/03/2026 14:36,30.93,8.16,7.69
02/03/2026 14:39,27.98,8.35,7.44
02/03/2026 14:42,29.93,9.04,7.31
02/03/2026 14:45,29.48,8.03,5.39
02/03/2026 14:48,29.32,7.46,7.91
02/03/2026 14:51,28.3,6.73,9.16
02/03/2026 14:54,26.17,7.64,7.1
02/03/2026 14:57,30.16,7.64,5.21
02/03/2026 15:00,30.9,7.56,6.9
02/03/2026 15:03,29.67,7.67,7.15
02/03/2026 15:06,29.7,8.14,7.39
02/03/2026 15:09,28.6,7.79,7.64
02/03/2026 15:12,28.6,8.5,6.01
02/03/2026 15:15,26.92,8.3,6.27
02/03/2026 15:18,28.06,7.85,7.06
02/03/2026 15:21,30.13,7.31,5.48
02/03/2026 15:24,30.35,7.58,6.19
02/03/2026 15:27,25.5,6.89,6.68
02/03/2026 15:30,29.82,7.21,5.92
02/03/2026 15:33,28.27,7.33,6.09
02/03/2026 15:36,28.28,8.17,5.63
02/03/2026 15:39,29.01,8.39,7.87
02/03/2026 15:42,30.02,6.42,7.85
02/03/2026 15:45,31.08,8.07,7.25
02/03/2026 15:48,25.52,7.16,7
02/03/2026 15:51,25.04,7.8,6.8
02/03/2026 15:54,30.43,8.31,7.44
02/03/2026 15:57,29.94,7.28,5.09
02/03/2026 16:00,28.26,7.37,5.3
02/03/2026 16:03,29.25,8.39,5.55
02/03/2026 16:06,28.34,8.22,6.19
02/03/2026 16:09,29.15,8.23,6.9
02/03/2026 16:12,32.84,6.58,5.1
02/03/2026 16:15,30.7,7.78,6.01
02/03/2026 16:18,30.49,7.9,7.09
02/03/2026 16:21,25.71,8.32,4.62
02/03/2026 16:24,29.9,8.07,5.89
02/03/2026 16:27,28.63,6.6,7.76
02/03/2026 16:30,28.31,6.52,5.68
02/03/2026 16:33,30.55,7.58,3.55
02/03/2026 16:36,29.51,7.82,6.51
02/03/2026 16:39,28.25,8.36,6.89
02/03/2026 16:42,30.63,6.3,6.79
02/03/2026 16:45,29.63,8.06,5.9
02/03/2026 16:48,30.81,7.79,7.15
02/03/2026 16:51,28.11,7.19,5.44
02/03/2026 16:54,28.7,8.72,7.72
02/03/2026 16:57,29,7.18,7.7
02/03/2026 17:00,28.35,7.08,5.91
02/03/2026 17:03,28.54,7.14,6.66
02/03/2026 17:06,29.65,7.55,5.01
02/03/2026 17:09,28.94,7.68,7.66
02/03/2026 17:12,29.4,7.14,6.02
02/03/2026 17:15,31.77,7.35,5.18
02/03/2026 17:18,28.36,7.68,6.74
02/03/2026 17:21,30.9,8.29,6.35
02/03/2026 17:24,29.55,8.11,4.23
02/03/2026 17:27,28.99,8.44,5.84
02/03/2026 17:30,29.52,7.85,7.76
02/03/2026 17:33,30.03,7.46,5.07
02/03/2026 17:36,29.32,8.17,8.95
02/03/2026 17:39,29.61,6.49,6.79
02/03/2026 17:42,29.52,8.04,7.53
02/03/2026 17:45,29.98,8.06,6.78
02/03/2026 17:48,28.84,7.83,7.98
02/03/2026 17:51,30.3,7.15,8.49
02/03/2026 17:54,29.31,7.36,5.85
02/03/2026 17:57,30.56,8.44,5.1
02/03/2026 18:00,33.28,7.24,4.27
02/03/2026 18:03,29.08,7.68,7.56
02/03/2026 18:06,28.6,7.13,7.48
02/03/2026 18:09,28.82,7.83,5.9
02/03/2026 18:12,28.25,7.7,7.2
02/03/2026 18:15,29.96,7.41,5.89
02/03/2026 18:18,28.72,7.67,5.38
02/03/2026 18:21,29.2,7.34,6.31
02/03/2026 18:24,28.88,7.35,7.7
02/03/2026 18:27,28.78,8.46,7.92
02/03/2026 18:30,30.76,8.2,7.38
02/03/2026 18:33,30.93,7.34,7.41
02/03/2026 18:36,30.28,7.08,7.39
02/03/2026 18:39,30.75,7.24,6.67
02/03/2026 18:42,28.67,7.04,4.32
02/03/2026 18:45,28.03,7.28,7.3
02/03/2026 18:48,29,7.46,6.93
02/03/2026 18:51,28.56,8.13,5.92
02/03/2026 18:54,28.47,7.86,5.37
02/03/2026 18:57,30.96,7.13,6.66
02/03/2026 19:00,28.55,8.39,6.07
02/03/2026 19:03,29.08,8.09,7.28
02/03/2026 19:06,28.1,7.77,5.38
02/03/2026 19:09,30.1,7.86,7.37
02/03/2026 19:12,29.46,7.94,6.36
02/03/2026 19:15,28.38,7.91,7.85
02/03/2026 19:18,28.81,8.29,6.19
02/03/2026 19:21,31.04,8.06,5.46
02/03/2026 19:24,28.16,8.04,7.62
02/03/2026 19:27,32.25,7.99,7.74
02/03/2026 19:30,30.93,8.08,7.72
02/03/2026 19:33,28.92,7.32,7.94
02/03/2026 19:36,28.19,6.73,8.15
02/03/2026 19:39,30.61,8.13,7.1
02/03/2026 19:42,29.64,7.66,5.19
02/03/2026 19:45,29.71,8.75,6.38
02/03/2026 19:48,29.15,8.07,5.56
02/03/2026 19:51,29.98,8.49,6.18
02/03/2026 19:54,28.91,8.34,6.01
02/03/2026 19:57,29.78,8.35,5.45
02/03/2026 20:00,28.74,7.76,5.4
02/03/2026 20:03,25.6,7.18,7.89
02/03/2026 20:06,27.39,7.13,7.81
02/03/2026 20:09,29.28,8.45,5.75
02/03/2026 20:12,28.72,7.88,5.01
02/03/2026 20:15,30.76,7.8,7.28
02/03/2026 20:18,29.46,8,6.3
02/03/2026 20:21,29.8,7.67,7.02
02/03/2026 20:24,29.81,7.86,5.94
02/03/2026 20:27,30.64,8.15,7.55
02/03/2026 20:30,29.51,8,6.1
02/03/2026 20:33,30.87,7.3,5.12
02/03/2026 20:36,30.41,8.11,6.05
02/03/2026 20:39,30.67,8.24,7.7
02/03/2026 20:42,29.76,7.69,5.04
02/03/2026 20:45,28.9,7.64,5.81
02/03/2026 20:48,28.51,7.72,7.9
02/03/2026 20:51,30.03,7.33,7.15
02/03/2026 20:54,28.14,7.92,6.6
02/03/2026 20:57,29.75,8.42,7.95
02/03/2026 21:00,29.29,7.69,9.78
02/03/2026 21:03,28.58,7.83,7.94
02/03/2026 21:06,25.53,7.37,6.32
02/03/2026 21:09,30.62,7.79,4.65
02/03/2026 21:12,26.11,7.11,7.46
02/03/2026 21:15,32.92,6.59,6.71
02/03/2026 21:18,28.83,7.75,6.6
02/03/2026 21:21,28.34,7.21,5.18
02/03/2026 21:24,28.82,7.15,6.6
02/03/2026 21:27,29.36,7.7,7.19
02/03/2026 21:30,29.69,8.48,8.59
02/03/2026 21:33,27.78,7.64,5.55
02/03/2026 21:36,30.85,7.09,7.42
02/03/2026 21:39,29.07,7.08,6.39
02/03/2026 21:42,30.46,8.26,6.49
02/03/2026 21:45,30.35,8.15,7.14
02/03/2026 21:48,28.95,8.15,6.95
02/03/2026 21:51,29.97,7.08,7.69
02/03/2026 21:54,30.03,8.45,6.78
02/03/2026 21:57,31.97,7.37,5.66
02/03/2026 22:00,28.59,7.77,6.06
02/03/2026 22:03,30.8,7.15,7.78
02/03/2026 22:06,28.19,7.06,6.94
02/03/2026 22:09,28.19,8.19,7.11
02/03/2026 22:12,29.66,7.19,8.18
02/03/2026 22:15,28.94,8.09,6.08
02/03/2026 22:18,29.66,7.03,5.19
02/03/2026 22:21,28.89,7.06,7.79
02/03/2026 22:24,30.66,7.81,6.85
02/03/2026 22:27,29.36,8.26,7.11
02/03/2026 22:30,28.34,8.37,7.92
02/03/2026 22:33,28.82,8.49,7
02/03/2026 22:36,28.48,7.06,6.28
02/03/2026 22:39,30.97,8.34,6.45
02/03/2026 22:42,30.29,8.46,5.23
02/03/2026 22:45,28.72,6.88,5.32
02/03/2026 22:48,28.62,8.46,6.32
02/03/2026 22:51,30.13,8.28,5.82
02/03/2026 22:54,30.35,8.03,5.95
02/03/2026 22:57,32.12,7.29,5.81
02/03/2026 23:00,29.49,7.99,5.93
02/03/2026 23:03,30.77,7.87,6.29
02/03/2026 23:06,29.3,8.46,7.78
02/03/2026 23:09,29.79,8.15,5.82
02/03/2026 23:12,28.19,8.14,6.6
02/03/2026 23:15,29.62,7.52,6.38
02/03/2026 23:18,26.15,7.29,6.11
02/03/2026 23:21,28.69,6.81,4.31
02/03/2026 23:24,28.37,8.03,7.58
02/03/2026 23:27,29.09,8.18,5.26
02/03/2026 23:30,29.79,8.4,5.32
02/03/2026 23:33,30.54,8.32,7.09
02/03/2026 23:36,29,7.26,6.63
02/03/2026 23:39,29.55,8.89,5.01
02/03/2026 23:42,30,7.42,5.78
02/03/2026 23:45,28.03,7.2,7.53
02/03/2026 23:48,29.69,7.52,5.01
02/03/2026 23:51,29.81,7.39,5.37
02/03/2026 23:54,28.36,8.12,7.11
02/03/2026 23:57,29.34,7,5.97
03/03/2026 0:00,29.32,7.18,6.13
03/03/2026 0:03,30.24,7.44,5.08
03/03/2026 0:06,28.95,8.39,6.24
03/03/2026 0:09,29.09,7.48,6.98
03/03/2026 0:12,28.18,6.98,7.59
03/03/2026 0:15,28.74,7.8,9.56
03/03/2026 0:18,29.96,8.15,5.48
03/03/2026 0:21,28.95,6.71,5.08
03/03/2026 0:24,29.78,7.62,6.24
03/03/2026 0:27,29.08,8.74,7.81
03/03/2026 0:30,29.77,8.04,6.53
03/03/2026 0:33,29.95,8.27,6.93
03/03/2026 0:36,29.22,7.9,5.26
03/03/2026 0:39,30.66,7.22,5.31
03/03/2026 0:42,28.02,8.38,7.13
03/03/2026 0:45,28.39,7.72,7.55
03/03/2026 0:48,29.66,7.71,7.48
03/03/2026 0:51,28.48,7.61,5.3
03/03/2026 0:54,28.89,7.3,6.58
03/03/2026 0:57,28.72,7.47,7.71
03/03/2026 1:00,29.58,7.19,7.93
03/03/2026 1:03,28.74,7.58,9.27
03/03/2026 1:06,29.36,8.95,6.96
03/03/2026 1:09,29.9,8.61,7.01
03/03/2026 1:12,28.74,7.55,9.72
03/03/2026 1:15,28.54,7.77,7.77
03/03/2026 1:18,31.47,7.52,5.53
03/03/2026 1:21,30.97,7.86,6.11
03/03/2026 1:24,28.55,8.36,5.58
03/03/2026 1:27,29,8.25,7.02
03/03/2026 1:30,29.2,8.35,5.69
03/03/2026 1:33,30.58,7.81,5.47
03/03/2026 1:36,28.83,7.17,4.47
03/03/2026 1:39,28.66,8.15,6.43
03/03/2026 1:42,28.38,7.77,7.44
03/03/2026 1:45,30.28,7.85,6.17
03/03/2026 1:48,27.62,7.04,6.53
03/03/2026 1:51,29.7,7.93,8.9
03/03/2026 1:54,28.28,7.21,3.83
03/03/2026 1:57,29.36,8.01,7.63
03/03/2026 2:00,30.97,7.33,7.32
03/03/2026 2:03,30.77,7.07,5.09
03/03/2026 2:06,29.69,7.25,7.23
03/03/2026 2:09,28.71,7.72,5.93
03/03/2026 2:12,29.77,7.52,5.17
03/03/2026 2:15,29.54,7.91,6.98
03/03/2026 2:18,30.91,7.53,7.56
03/03/2026 2:21,28.05,8.17,5.05
03/03/2026 2:24,25.37,8.13,6.24
03/03/2026 2:27,28.93,7.8,6.32
03/03/2026 2:30,33.66,8.08,6.4
03/03/2026 2:33,29.21,7.78,4.34
03/03/2026 2:36,30.19,7.06,7.18
03/03/2026 2:39,30.25,7.13,4.16
03/03/2026 2:42,30.2,7.35,5.64
03/03/2026 2:45,29.71,8.37,6.69
03/03/2026 2:48,29.66,7.89,6.16
03/03/2026 2:51,28.87,7.62,6.48
03/03/2026 2:54,30.61,8.4,7.38
03/03/2026 2:57,29.28,7.1,6.85
03/03/2026 3:00,29.07,7.71,7.75
03/03/2026 3:03,30.39,7.32,7.56
03/03/2026 3:06,30.17,7.03,6.8
03/03/2026 3:09,28.96,7.06,3.69
03/03/2026 3:12,28.07,7.95,3.69
03/03/2026 3:15,28.03,6.91,6.88
03/03/2026 3:18,30.55,7.85,5.59
03/03/2026 3:21,28.45,8.33,7.41
03/03/2026 3:24,29.81,7.69,7.29
03/03/2026 3:27,29.77,8.27,5.86
03/03/2026 3:30,28.68,8.2,5.31
03/03/2026 3:33,29.34,7.7,6.07
03/03/2026 3:36,29.26,7.83,5.6
03/03/2026 3:39,29.51,7.52,7.67
03/03/2026 3:42,30.57,8.16,7.24
03/03/2026 3:45,30.75,7.89,6.4
03/03/2026 3:48,28.26,6.5,5.42
03/03/2026 3:51,29.29,8,5.24
03/03/2026 3:54,28.88,7.98,7.45
03/03/2026 3:57,30.36,7.47,5.66
03/03/2026 4:00,29.04,8.25,7.47
03/03/2026 4:03,29.46,8.08,6.37
03/03/2026 4:06,30.12,7.27,5.36
03/03/2026 4:09,29.91,7.94,7.96
03/03/2026 4:12,30.23,8.08,7.15
03/03/2026 4:15,29.29,7.4,5.33
03/03/2026 4:18,29.62,7.13,5.42
03/03/2026 4:21,28.82,7.01,6
03/03/2026 4:24,26.58,6.34,7.63
03/03/2026 4:27,30.33,8.11,6.22
03/03/2026 4:30,30.6,8.23,5.24
03/03/2026 4:33,28.91,8.09,7.01
03/03/2026 4:36,29.49,7.17,5.86
03/03/2026 4:39,28.31,7.96,5.99
03/03/2026 4:42,28.34,7.81,7.03
03/03/2026 4:45,28.43,8.26,5.93
03/03/2026 4:48,29.89,7.51,9.48
03/03/2026 4:51,30.36,7.01,5.11
03/03/2026 4:54,28.39,7.42,5.22
03/03/2026 4:57,30.99,8.29,5.14
03/03/2026 5:00,29.06,8.12,7.09
03/03/2026 5:03,30.68,7.77,6.73
03/03/2026 5:06,31,8.3,6.83
03/03/2026 5:09,30.52,7.29,5.41
03/03/2026 5:12,29.14,7.72,5.35
03/03/2026 5:15,28.07,7.06,4.16
03/03/2026 5:18,31.49,7.81,6.25
03/03/2026 5:21,29.52,8.36,7.57
03/03/2026 5:24,29.46,7.32,5.06
03/03/2026 5:27,28.01,7.68,6.6
03/03/2026 5:30,30.61,7.5,7.51
03/03/2026 5:33,28.44,8.26,3.76
03/03/2026 5:36,29.88,8.04,7.45
03/03/2026 5:39,28.79,7.72,6.06
03/03/2026 5:42,29.24,7.21,7.18
03/03/2026 5:45,29.41,6.54,7.37
03/03/2026 5:48,29.76,7.82,6.3
03/03/2026 5:51,29.56,7.55,7.79
03/03/2026 5:54,29.09,7.48,7.57
03/03/2026 5:57,28.12,7.38,9.56
03/03/2026 6:00,28.38,7.34,6.41
03/03/2026 6:03,29.87,7.93,5.31
03/03/2026 6:06,29.82,7.78,7.65
03/03/2026 6:09,30,7.45,6.38
03/03/2026 6:12,28.24,8.31,8.32
03/03/2026 6:15,28.75,7.33,5.7
03/03/2026 6:18,33.83,7.78,5.16
03/03/2026 6:21,28.7,8.53,6.48
03/03/2026 6:24,30.44,8.26,8.95
03/03/2026 6:27,30.28,7.87,6.16
03/03/2026 6:30,30.25,8.47,6.17
03/03/2026 6:33,30.92,8.49,7.95
03/03/2026 6:36,30.75,8.65,7.22
03/03/2026 6:39,29.93,7.11,7.66
03/03/2026 6:42,29.53,7.34,6.31
03/03/2026 6:45,30.45,7.5,5.73
03/03/2026 6:48,29.65,7.57,5.1
03/03/2026 6:51,30.3,6.84,7.9
03/03/2026 6:54,28.54,8.5,7.88
03/03/2026 6:57,29.54,7.4,4
03/03/2026 7:00,33.84,7.38,7.19
03/03/2026 7:03,29.45,8.23,5.04
03/03/2026 7:06,29.45,8.7,6.88
03/03/2026 7:09,29.56,6.67,5.2
03/03/2026 7:12,29.84,8.06,4.38
03/03/2026 7:15,29.82,7.76,7.46
03/03/2026 7:18,30.86,8.37,7.52
03/03/2026 7:21,28.66,7.1,6.98
03/03/2026 7:24,28.43,8.13,5.16
03/03/2026 7:27,30.19,7.77,5.12
03/03/2026 7:30,28.73,7.1,6.08
03/03/2026 7:33,28.84,8.2,7.55
03/03/2026 7:36,28.54,8.37,7.41
03/03/2026 7:39,29.43,8.54,5.27
03/03/2026 7:42,27.33,7.1,7.15
03/03/2026 7:45,29.23,8,6.2
03/03/2026 7:48,30.93,7.17,7.73
03/03/2026 7:51,31.63,7.19,6.16
03/03/2026 7:54,30.03,7.8,5.17
03/03/2026 7:57,29.75,7.02,6.55
03/03/2026 8:00,27.22,7.13,5.26
03/03/2026 8:03,29.73,8.05,6.03
03/03/2026 8:06,28.86,9,7.52
03/03/2026 8:09,30.66,7.56,7.73
03/03/2026 8:12,28.35,8.42,5.95
03/03/2026 8:15,30.21,8.01,4.67
03/03/2026 8:18,28.37,7.84,7.99
03/03/2026 8:21,29.5,7.32,6.31
03/03/2026 8:24,28.65,7.2,5.21
03/03/2026 8:27,29.66,7.94,5.87
03/03/2026 8:30,28.59,7.77,5.72
03/03/2026 8:33,29.51,8.38,6.95
03/03/2026 8:36,28.09,7.44,6.57
03/03/2026 8:39,28.74,7.94,5.6
03/03/2026 8:42,30.21,7.72,5.53
03/03/2026 8:45,31.77,7.26,7.58
03/03/2026 8:48,29.56,8.48,5.65
03/03/2026 8:51,29.49,7.56,7.02
03/03/2026 8:54,26.98,7.36,5.31
03/03/2026 8:57,33.04,7.41,5.65
03/03/2026 9:00,29.91,7.93,7.75
03/03/2026 9:03,29.58,7.67,5.32
03/03/2026 9:06,28.79,8.2,6.08
03/03/2026 9:09,30.67,6.58,6.71
03/03/2026 9:12,28.94,7.43,5.08
03/03/2026 9:15,28.05,7.7,7.12
03/03/2026 9:18,28.57,8.1,6.71
03/03/2026 9:21,29.23,7.11,7.14
03/03/2026 9:24,28.03,7.95,5.9
03/03/2026 9:27,29.64,7.26,6.51
03/03/2026 9:30,30.86,8.26,5.03
03/03/2026 9:33,29.68,7.54,7.06
03/03/2026 9:36,28.62,7.84,5.31
03/03/2026 9:39,28.19,7.63,6.12
03/03/2026 9:42,29.62,8.46,5.13
03/03/2026 9:45,30.06,7.8,7.08
03/03/2026 9:48,29.92,7.08,6.91
03/03/2026 9:51,29.7,7.88,6.37
03/03/2026 9:54,29.1,7.82,6.9
03/03/2026 9:57,32.03,7.84,5.51
03/03/2026 10:00,29.17,7.7,7.83
03/03/2026 10:03,30.59,8.15,7.5
03/03/2026 10:06,28.15,7.13,4.18
03/03/2026 10:09,28.9,7.73,7.14
03/03/2026 10:12,28.86,8.01,9.72
03/03/2026 10:15,30.94,8.07,5.39
03/03/2026 10:18,29.51,8.64,5.18
03/03/2026 10:21,28.54,7.23,6.09
03/03/2026 10:24,31.4,7.97,6.69
03/03/2026 10:27,30.54,7.49,5.2
03/03/2026 10:30,29.12,8.2,6.58
03/03/2026 10:33,32.48,7.29,6.24
03/03/2026 10:36,29.16,8.48,6.42
03/03/2026 10:39,29.01,9.09,5.19
03/03/2026 10:42,28.45,8.12,7.39
03/03/2026 10:45,29.34,7.38,6.34
03/03/2026 10:48,29.65,8.78,6.42
03/03/2026 10:51,29.36,7.96,7.87
03/03/2026 10:54,29.14,7.29,7.22
03/03/2026 10:57,28.69,7.69,6.31
03/03/2026 11:00,30.58,7.52,7.51
03/03/2026 11:03,30.59,7.96,4.35
03/03/2026 11:06,29.69,9.05,3.59
03/03/2026 11:09,30.13,6.93,7.2
03/03/2026 11:12,30.73,8.25,6.49
03/03/2026 11:15,28.48,7.31,5.13
03/03/2026 11:18,28.38,7.65,6.41
03/03/2026 11:21,28.6,7.57,7.99
03/03/2026 11:24,31.02,8.32,9.04
03/03/2026 11:27,29.77,7.75,6.44
03/03/2026 11:30,28.22,7.41,9.36
03/03/2026 11:33,30.2,8.5,5.42
03/03/2026 11:36,28.15,7.6,6.8
03/03/2026 11:39,28.08,7.32,7.39
03/03/2026 11:42,30.9,8.25,6.35
03/03/2026 11:45,29.06,7.63,5.95
03/03/2026 11:48,29.68,6.72,7.79
03/03/2026 11:51,29.45,7.82,3.51
03/03/2026 11:54,29.94,7.24,6.78
03/03/2026 11:57,26.7,8.71,5.07
03/03/2026 12:00,30.83,7.56,5.85
03/03/2026 12:03,29.67,7.91,6.84
03/03/2026 12:06,28.97,7.27,5.89
03/03/2026 12:09,25.66,7.93,4.13
03/03/2026 12:12,28.12,8.28,5.21
03/03/2026 12:15,31.74,7.57,5.27
03/03/2026 12:18,29.93,7.32,7.04
03/03/2026 12:21,29.26,7.07,6.72
03/03/2026 12:24,30.87,7.23,7.28
03/03/2026 12:27,29.76,8.19,5.02
03/03/2026 12:30,29.9,7.42,7.37
03/03/2026 12:33,25.72,6.64,6.2
03/03/2026 12:36,29.92,7.14,5.27
03/03/2026 12:39,29.63,8.16,6.56
03/03/2026 12:42,29.16,8.16,6.68
03/03/2026 12:45,29.38,7.6,7.86
03/03/2026 12:48,30.05,8.85,7.82
03/03/2026 12:51,28.72,8.84,7.33
03/03/2026 12:54,28.55,7.48,6.14
03/03/2026 12:57,30.7,7.04,4.7
03/03/2026 13:00,30.05,7.72,6.95
03/03/2026 13:03,25.03,7.07,9.83
03/03/2026 13:06,30.61,8.49,7.14
03/03/2026 13:09,29.1,7.42,6.8
03/03/2026 13:12,29.73,8.31,5.53
03/03/2026 13:15,29.81,8.18,6.34
03/03/2026 13:18,30.68,7.52,8.61
03/03/2026 13:21,30.63,8.28,6.16
03/03/2026 13:24,28.78,7.79,9.87
03/03/2026 13:27,30.91,8.34,7.46
03/03/2026 13:30,29.12,8.19,5.65
03/03/2026 13:33,29.83,7.33,6.26
03/03/2026 13:36,30.98,8.38,7.5
03/03/2026 13:39,29.22,7.52,6.83
03/03/2026 13:42,29.93,8.06,6.94
03/03/2026 13:45,30.96,7.41,6.76
03/03/2026 13:48,29.89,7.53,7.19
03/03/2026 13:51,29.97,7.03,7.77
03/03/2026 13:54,30.36,8.77,4.44
03/03/2026 13:57,30.36,7.8,7.74
03/03/2026 14:00,26.34,7.39,7.53
03/03/2026 14:03,30.84,7.14,5.14
03/03/2026 14:06,29.95,7.04,6.35
03/03/2026 14:09,28.75,7.42,7.07
03/03/2026 14:12,28.18,8.02,6.22
03/03/2026 14:15,28.24,8.23,7.47
03/03/2026 14:18,30.89,7.87,6.01
03/03/2026 14:21,30.47,7.32,5.71
03/03/2026 14:24,29.78,7,6.62
03/03/2026 14:27,30.7,7.86,5.43
03/03/2026 14:30,25.8,7.62,6.2
03/03/2026 14:33,30.61,7.67,6.23
03/03/2026 14:36,29.08,8.27,5.73
03/03/2026 14:39,30.43,7.08,5.13
03/03/2026 14:42,28.6,6.85,6.71
03/03/2026 14:45,25.72,7.24,5.92
03/03/2026 14:48,30.95,7.93,6.84
03/03/2026 14:51,28.95,7,7.26
03/03/2026 14:54,28.84,7.73,5.96
03/03/2026 14:57,28.55,7.18,6.21
03/03/2026 15:00,26.92,8.09,9.77
03/03/2026 15:03,29.67,7.2,7.65
03/03/2026 15:06,30.7,8.22,5.82
03/03/2026 15:09,29.66,7.86,5.01
03/03/2026 15:12,28.12,8.34,5.8
03/03/2026 15:15,28.16,7.2,6.17
03/03/2026 15:18,29.55,7.38,5.52
03/03/2026 15:21,30.67,7.83,7.38
03/03/2026 15:24,29.75,7.32,7.92
03/03/2026 15:27,30.24,7.71,6.64
03/03/2026 15:30,30.51,7.37,7.39
03/03/2026 15:33,28.39,7.62,5.22
03/03/2026 15:36,29.29,8.01,4.58
03/03/2026 15:39,28.01,7.75,7.48
03/03/2026 15:42,29.26,8.36,6.71
03/03/2026 15:45,30.58,8,5.48
03/03/2026 15:48,30.36,7.47,6.81
03/03/2026 15:51,29,8.13,7.57
03/03/2026 15:54,30.14,7.43,6.3
03/03/2026 15:57,30.14,8.46,5.32
03/03/2026 16:00,29.47,6.38,7.4
03/03/2026 16:03,28.31,7.13,6.98
03/03/2026 16:06,30.78,7.65,5.7
03/03/2026 16:09,29.72,7.42,7.09
03/03/2026 16:12,28.54,7.97,7.37
03/03/2026 16:15,30.02,6.42,7.11
03/03/2026 16:18,30.31,8.26,7.29
03/03/2026 16:21,28.33,8.45,6.64
03/03/2026 16:24,29.27,6.58,4.7
03/03/2026 16:27,30.85,7.64,7.68
03/03/2026 16:30,29.76,7.93,6.63
03/03/2026 16:33,32.86,8.39,5.86
03/03/2026 16:36,30.35,7.81,5.83
03/03/2026 16:39,28.45,7.19,5.31
03/03/2026 16:42,33.93,8.18,6.24
03/03/2026 16:45,28.8,8.49,5.37
03/03/2026 16:48,31.18,7,9.43
03/03/2026 16:51,31.27,7.86,6.68
03/03/2026 16:54,30.89,8.87,7.99
03/03/2026 16:57,28.24,8.21,7.5
03/03/2026 17:00,30.68,8.01,6.03
03/03/2026 17:03,28.19,8.27,5.45
03/03/2026 17:06,29.78,8.02,6.63
03/03/2026 17:09,28.04,7.44,6.81
03/03/2026 17:12,25.47,7.72,3.6
03/03/2026 17:15,30.71,8.34,6.6
03/03/2026 17:18,29.6,8.74,7.59
03/03/2026 17:21,29.61,7.25,5.63
03/03/2026 17:24,29.17,7.13,7.94
03/03/2026 17:27,30.09,6.56,6.71
03/03/2026 17:30,30,7.38,7.63
03/03/2026 17:33,29.81,8.08,6.52
03/03/2026 17:36,29.38,7.08,6.98
03/03/2026 17:39,28.57,8.17,5.89
03/03/2026 17:42,29.74,8.45,7.26
03/03/2026 17:45,30.82,7.36,6.03
03/03/2026 17:48,28.9,8.58,5.3
03/03/2026 17:51,32.39,8.25,5.83
03/03/2026 17:54,29.38,7.85,8.92
03/03/2026 17:57,28.17,7.39,6.85
03/03/2026 18:00,28.26,8.09,7.78
03/03/2026 18:03,25.71,7.44,6.36
03/03/2026 18:06,28.6,8.3,5.84
03/03/2026 18:09,29.89,7.68,7.39
03/03/2026 18:12,28.82,7.99,5.79
03/03/2026 18:15,30.85,8.19,7.47
03/03/2026 18:18,29.25,7.31,7.06
03/03/2026 18:21,29.87,7.07,7.39
03/03/2026 18:24,29.7,7.92,3.57
03/03/2026 18:27,29.49,7.62,6.95
03/03/2026 18:30,29.2,7.16,5.31
03/03/2026 18:33,29.34,7.34,7.59
03/03/2026 18:36,30.99,7.95,5.75
03/03/2026 18:39,28.28,9.1,7.26
03/03/2026 18:42,30.9,7.77,6.9
03/03/2026 18:45,28.76,7.23,5.22
03/03/2026 18:48,30.39,7.74,7.6
03/03/2026 18:51,28.69,8.17,7.73
03/03/2026 18:54,33.47,8.23,6.54
03/03/2026 18:57,29.17,8.49,5.53
03/03/2026 19:00,30.14,7.42,5.73
03/03/2026 19:03,30.77,7.46,7.55
03/03/2026 19:06,29.31,7.91,6.18
03/03/2026 19:09,29.83,8.57,7
03/03/2026 19:12,29.04,7.21,5.27
03/03/2026 19:15,28.63,7.72,7.75
03/03/2026 19:18,30.82,7.42,5.52
03/03/2026 19:21,30.82,7.82,6.24
03/03/2026 19:24,30.93,8.22,7
03/03/2026 19:27,30.93,8.02,7.01
03/03/2026 19:30,30.71,8.17,6.5
03/03/2026 19:33,29.68,7.73,9.26
03/03/2026 19:36,28.93,8.14,6.02
03/03/2026 19:39,29.17,8.14,5.44
03/03/2026 19:42,28.88,7.76,5.18
03/03/2026 19:45,28.95,7.52,7.48
03/03/2026 19:48,30.3,6.68,7.69
03/03/2026 19:51,30.82,7.58,5.32
03/03/2026 19:54,29.71,7.71,6.74
03/03/2026 19:57,30.14,8.04,6.14
03/03/2026 20:00,28.82,7.9,5.9
03/03/2026 20:03,30.69,8.13,6.72
03/03/2026 20:06,29.59,8.48,7.33
03/03/2026 20:09,27.24,7.88,6.95
03/03/2026 20:12,29.99,8.46,7.34
03/03/2026 20:15,30.59,8.29,7.27
03/03/2026 20:18,28.95,8.14,7.17
03/03/2026 20:21,28.56,8.22,6.72
03/03/2026 20:24,31.51,7.12,7.16
03/03/2026 20:27,29.67,7.34,7.6
03/03/2026 20:30,30.45,8.14,6.1
03/03/2026 20:33,30.57,7.9,4.89
03/03/2026 20:36,28.15,7.3,6.84
03/03/2026 20:39,26.19,8.13,5.16
03/03/2026 20:42,30.38,7.65,5.28
03/03/2026 20:45,28.83,7.45,6.32
03/03/2026 20:48,28.32,8.44,7.09
03/03/2026 20:51,28.89,8.01,7.69
03/03/2026 20:54,28.37,7.26,4.3
03/03/2026 20:57,29.12,7.33,5.34
03/03/2026 21:00,29.45,8.14,7.1
03/03/2026 21:03,30.77,8.65,7.09
03/03/2026 21:06,30.62,7.03,7.69
03/03/2026 21:09,30.26,8.23,6.78
03/03/2026 21:12,28.29,7.02,6.98
03/03/2026 21:15,27.3,7.65,5.12
03/03/2026 21:18,29.35,8.29,5.91
03/03/2026 21:21,28.99,7.65,7.05
03/03/2026 21:24,32.73,8.54,7.06
03/03/2026 21:27,30.93,7.65,6.1
03/03/2026 21:30,25.54,7.67,6.19
03/03/2026 21:33,30.74,7.43,6.05
03/03/2026 21:36,30.74,8.1,6.88
03/03/2026 21:39,30.52,7.39,7.84
03/03/2026 21:42,32.01,8.15,7.25
03/03/2026 21:45,30.25,8.38,4.15
03/03/2026 21:48,30.13,7.1,6.15
03/03/2026 21:51,29.58,7.02,6.77
03/03/2026 21:54,29.75,8.12,8.5
03/03/2026 21:57,32.41,8.14,3.72
03/03/2026 22:00,29.44,7.35,6.37
03/03/2026 22:03,29.52,6.96,7.94
03/03/2026 22:06,28.48,7.49,4.18
03/03/2026 22:09,31.44,7.32,7.31
03/03/2026 22:12,28.73,7.24,5.25
03/03/2026 22:15,28.7,7.46,6.94
03/03/2026 22:18,29.02,6.59,7.41
03/03/2026 22:21,29.4,7.11,6.87
03/03/2026 22:24,29.33,7.64,7.41
03/03/2026 22:27,30.75,8.15,7.96
03/03/2026 22:30,28.49,8.05,7.29
03/03/2026 22:33,29.3,7.5,3.94
03/03/2026 22:36,28.75,7.52,6.27
03/03/2026 22:39,30.91,8.36,7.58
03/03/2026 22:42,29.52,8.92,7.2
03/03/2026 22:45,29.79,8,7.93
03/03/2026 22:48,30.88,7.47,7.19
03/03/2026 22:51,30.06,7.49,6.35
03/03/2026 22:54,29.54,7.14,5.87
03/03/2026 22:57,26.15,7.59,5.92
03/03/2026 23:00,29.09,6.3,7.55
03/03/2026 23:03,30.32,7.19,6.06
03/03/2026 23:06,26.87,7.2,7.56
03/03/2026 23:09,29.23,7.15,5.55
03/03/2026 23:12,30.27,7.24,5.39
03/03/2026 23:15,28.6,7.5,8.04
03/03/2026 23:18,28.07,7.2,6
03/03/2026 23:21,28.94,7.64,7.93
03/03/2026 23:24,30.16,7.78,5.82
03/03/2026 23:27,30.98,7.89,7.46
03/03/2026 23:30,28.61,6.72,6.08
03/03/2026 23:33,30.44,7.08,5.01
03/03/2026 23:36,29.81,7.12,7.38
03/03/2026 23:39,29.42,7.64,7.18
03/03/2026 23:42,30.75,7.15,5.98
03/03/2026 23:45,29.65,7.1,7.78
03/03/2026 23:48,29.66,8.5,6.81
03/03/2026 23:51,26.75,7.46,5.96
03/03/2026 23:54,28.11,7.24,6.72
03/03/2026 23:57,29.87,8.12,5.62
04/03/2026 0:00,30.33,7.68,7.59
04/03/2026 0:03,29.75,8.44,5.66
04/03/2026 0:06,30.42,7.23,7.94
04/03/2026 0:09,29.77,7.27,3.88
04/03/2026 0:12,30.1,8.35,7.07
04/03/2026 0:15,28.85,8.47,7.39
04/03/2026 0:18,28.46,8.82,6.12
04/03/2026 0:21,29.7,8.43,9.57
04/03/2026 0:24,30.2,8.45,5.79
04/03/2026 0:27,29.64,6.41,6.75
04/03/2026 0:30,28.53,7.01,6.75
04/03/2026 0:33,30.42,8.13,6.76
04/03/2026 0:36,28.53,7.1,7.29
04/03/2026 0:39,29.25,7.63,5.02
04/03/2026 0:42,30.58,6.94,6.92
04/03/2026 0:45,28.61,7.69,6.25
04/03/2026 0:48,28.91,7.42,5.26
04/03/2026 0:51,30.87,7.99,5.45
04/03/2026 0:54,29.49,7.34,5.7
04/03/2026 0:57,28.79,7.79,7.19
04/03/2026 1:00,28.02,7.52,7.13
04/03/2026 1:03,29.52,7.92,9.43
04/03/2026 1:06,30.6,7.84,5.35
04/03/2026 1:09,28.77,7.21,6.04
04/03/2026 1:12,29.82,6.71,5.73
04/03/2026 1:15,28.14,6.74,6.89
04/03/2026 1:18,25.89,7.86,5.2
04/03/2026 1:21,28.01,8.91,5.01
04/03/2026 1:24,29.66,7.24,6.6
04/03/2026 1:27,33.54,7.62,6.22
04/03/2026 1:30,28.33,7.93,7.58
04/03/2026 1:33,32.26,8.19,6.85
04/03/2026 1:36,30.93,8.16,7.69
04/03/2026 1:39,27.98,8.35,7.44
04/03/2026 1:42,29.93,9.04,7.31
04/03/2026 1:45,29.48,8.03,5.39
04/03/2026 1:48,29.32,7.46,7.91
04/03/2026 1:51,28.3,6.73,9.16
04/03/2026 1:54,26.17,7.64,7.1
04/03/2026 1:57,30.16,7.64,5.21
04/03/2026 2:00,30.9,7.56,6.9
04/03/2026 2:03,29.67,7.67,7.15
04/03/2026 2:06,29.7,8.14,7.39
04/03/2026 2:09,28.6,7.79,7.64
04/03/2026 2:12,28.6,8.5,6.01
04/03/2026 2:15,26.92,8.3,6.27
04/03/2026 2:18,28.06,7.85,7.06
04/03/2026 2:21,30.13,7.31,5.48
04/03/2026 2:24,30.35,7.58,6.19
04/03/2026 2:27,25.5,6.89,6.68
04/03/2026 2:30,29.82,7.21,5.92
04/03/2026 2:33,28.27,7.33,6.09
04/03/2026 2:36,28.28,8.17,5.63
04/03/2026 2:39,29.01,8.39,7.87
04/03/2026 2:42,30.02,6.42,7.85
04/03/2026 2:45,31.08,8.07,7.25
04/03/2026 2:48,25.52,7.16,7
04/03/2026 2:51,25.04,7.8,6.8
04/03/2026 2:54,30.43,8.31,7.44
04/03/2026 2:57,29.94,7.28,5.09
04/03/2026 3:00,28.26,7.37,5.3
04/03/2026 3:03,29.25,8.39,5.55
04/03/2026 3:06,28.34,8.22,6.19
04/03/2026 3:09,29.15,8.23,6.9
04/03/2026 3:12,32.84,6.58,5.1
04/03/2026 3:15,30.7,7.78,6.01
04/03/2026 3:18,30.49,7.9,7.09
04/03/2026 3:21,25.71,8.32,4.62
04/03/2026 3:24,29.9,8.07,5.89
04/03/2026 3:27,28.63,6.6,7.76
04/03/2026 3:30,28.31,6.52,5.68
04/03/2026 3:33,30.55,7.58,3.55
04/03/2026 3:36,29.51,7.82,6.51
04/03/2026 3:39,28.25,8.36,6.89
04/03/2026 3:42,30.63,6.3,6.79
04/03/2026 3:45,29.63,8.06,5.9
04/03/2026 3:48,30.81,7.79,7.15
04/03/2026 3:51,28.11,7.19,5.44
04/03/2026 3:54,28.7,8.72,7.72
04/03/2026 3:57,29,7.18,7.7
04/03/2026 4:00,28.35,7.08,5.91
04/03/2026 4:03,28.54,7.14,6.66
04/03/2026 4:06,29.65,7.55,5.01
04/03/2026 4:09,28.94,7.68,7.66
04/03/2026 4:12,29.4,7.14,6.02
04/03/2026 4:15,31.77,7.35,5.18
04/03/2026 4:18,28.36,7.68,6.74
04/03/2026 4:21,30.9,8.29,6.35
04/03/2026 4:24,29.55,8.11,4.23
04/03/2026 4:27,28.99,8.44,5.84
04/03/2026 4:30,29.52,7.85,7.76
04/03/2026 4:33,30.03,7.46,5.07
04/03/2026 4:36,29.32,8.17,8.95
04/03/2026 4:39,29.61,6.49,6.79
04/03/2026 4:42,29.52,8.04,7.53
04/03/2026 4:45,29.98,8.06,6.78
04/03/2026 4:48,28.84,7.83,7.98
04/03/2026 4:51,30.3,7.15,8.49
04/03/2026 4:54,29.31,7.36,5.85
04/03/2026 4:57,30.56,8.44,5.1
04/03/2026 5:00,33.28,7.24,4.27
04/03/2026 5:03,29.08,7.68,7.56
04/03/2026 5:06,28.6,7.13,7.48
04/03/2026 5:09,28.82,7.83,5.9
04/03/2026 5:12,28.25,7.7,7.2
04/03/2026 5:15,29.96,7.41,5.89
04/03/2026 5:18,28.72,7.67,5.38
04/03/2026 5:21,29.2,7.34,6.31
04/03/2026 5:24,28.88,7.35,7.7
04/03/2026 5:27,28.78,8.46,7.92
04/03/2026 5:30,30.76,8.2,7.38
04/03/2026 5:33,30.93,7.34,7.41
04/03/2026 5:36,30.28,7.08,7.39
04/03/2026 5:39,30.75,7.24,6.67
04/03/2026 5:42,28.67,7.04,4.32
04/03/2026 5:45,28.03,7.28,7.3
04/03/2026 5:48,29,7.46,6.93
04/03/2026 5:51,28.56,8.13,5.92
04/03/2026 5:54,28.47,7.86,5.37
04/03/2026 5:57,30.96,7.13,6.66
04/03/2026 6:00,28.55,8.39,6.07
04/03/2026 6:03,29.08,8.09,7.28
04/03/2026 6:06,28.1,7.77,5.38
04/03/2026 6:09,30.1,7.86,7.37
04/03/2026 6:12,29.46,7.94,6.36
04/03/2026 6:15,28.38,7.91,7.85
04/03/2026 6:18,28.81,8.29,6.19
04/03/2026 6:21,31.04,8.06,5.46
04/03/2026 6:24,28.16,8.04,7.62
04/03/2026 6:27,32.25,7.99,7.74
04/03/2026 6:30,30.93,8.08,7.72
04/03/2026 6:33,28.92,7.32,7.94
04/03/2026 6:36,28.19,6.73,8.15
04/03/2026 6:39,30.61,8.13,7.1
04/03/2026 6:42,29.64,7.66,5.19
04/03/2026 6:45,29.71,8.75,6.38
04/03/2026 6:48,29.15,8.07,5.56
04/03/2026 6:51,29.98,8.49,6.18
04/03/2026 6:54,28.91,8.34,6.01
04/03/2026 6:57,29.78,8.35,5.45
04/03/2026 7:00,28.74,7.76,5.4
04/03/2026 7:03,25.6,7.18,7.89
04/03/2026 7:06,27.39,7.13,7.81
04/03/2026 7:09,29.28,8.45,5.75
04/03/2026 7:12,28.72,7.88,5.01
04/03/2026 7:15,30.76,7.8,7.28
04/03/2026 7:18,29.46,8,6.3
04/03/2026 7:21,29.8,7.67,7.02
04/03/2026 7:24,29.81,7.86,5.94
04/03/2026 7:27,30.64,8.15,7.55
04/03/2026 7:30,29.51,8,6.1
04/03/2026 7:33,30.87,7.3,5.12
04/03/2026 7:36,30.41,8.11,6.05
04/03/2026 7:39,30.67,8.24,7.7
04/03/2026 7:42,29.76,7.69,5.04
04/03/2026 7:45,28.9,7.64,5.81
04/03/2026 7:48,28.51,7.72,7.9
04/03/2026 7:51,30.03,7.33,7.15
04/03/2026 7:54,28.14,7.92,6.6
04/03/2026 7:57,29.75,8.42,7.95
04/03/2026 8:00,29.29,7.69,9.78
04/03/2026 8:03,28.58,7.83,7.94
04/03/2026 8:06,25.53,7.37,6.32
04/03/2026 8:09,30.62,7.79,4.65
04/03/2026 8:12,26.11,7.11,7.46
04/03/2026 8:15,32.92,6.59,6.71
04/03/2026 8:18,28.83,7.75,6.6
04/03/2026 8:21,28.34,7.21,5.18
04/03/2026 8:24,28.82,7.15,6.6
04/03/2026 8:27,29.36,7.7,7.19
04/03/2026 8:30,29.69,8.48,8.59
04/03/2026 8:33,27.78,7.64,5.55
04/03/2026 8:36,30.85,7.09,7.42
04/03/2026 8:39,29.07,7.08,6.39
04/03/2026 8:42,30.46,8.26,6.49
04/03/2026 8:45,30.35,8.15,7.14
04/03/2026 8:48,28.95,8.15,6.95
04/03/2026 8:51,29.97,7.08,7.69
04/03/2026 8:54,30.03,8.45,6.78
04/03/2026 8:57,31.97,7.37,5.66
04/03/2026 9:00,28.59,7.77,6.06
04/03/2026 9:03,30.8,7.15,7.78
04/03/2026 9:06,28.19,7.06,6.94
04/03/2026 9:09,28.19,8.19,7.11
04/03/2026 9:12,29.66,7.19,8.18
04/03/2026 9:15,28.94,8.09,6.08
04/03/2026 9:18,29.66,7.03,5.19
04/03/2026 9:21,28.89,7.06,7.79
04/03/2026 9:24,30.66,7.81,6.85
04/03/2026 9:27,29.36,8.26,7.11
04/03/2026 9:30,28.34,8.37,7.92
04/03/2026 9:33,28.82,8.49,7
04/03/2026 9:36,28.48,7.06,6.28
04/03/2026 9:39,30.97,8.34,6.45
04/03/2026 9:42,30.29,8.46,5.23
04/03/2026 9:45,28.72,6.88,5.32
04/03/2026 9:48,28.62,8.46,6.32
04/03/2026 9:51,30.13,8.28,5.82
04/03/2026 9:54,30.35,8.03,5.95
04/03/2026 9:57,32.12,7.29,5.81
04/03/2026 10:00,29.49,7.99,5.93
04/03/2026 10:03,30.77,7.87,6.29
04/03/2026 10:06,29.3,8.46,7.78
04/03/2026 10:09,29.79,8.15,5.82
04/03/2026 10:12,28.19,8.14,6.6
04/03/2026 10:15,29.62,7.52,6.38
04/03/2026 10:18,26.15,7.29,6.11
04/03/2026 10:21,28.69,6.81,4.31
04/03/2026 10:24,28.37,8.03,7.58
04/03/2026 10:27,29.09,8.18,5.26
04/03/2026 10:30,29.79,8.4,5.32
04/03/2026 10:33,30.54,8.32,7.09
04/03/2026 10:36,29,7.26,6.63
04/03/2026 10:39,29.55,8.89,5.01
04/03/2026 10:42,30,7.42,5.78
04/03/2026 10:45,28.03,7.2,7.53
04/03/2026 10:48,29.69,7.52,5.01
04/03/2026 10:51,29.81,7.39,5.37
04/03/2026 10:54,28.36,8.12,7.11
04/03/2026 10:57,29.34,7,5.97
04/03/2026 11:00,29.32,7.18,6.13
04/03/2026 11:03,30.24,7.44,5.08
04/03/2026 11:06,28.95,8.39,6.24
04/03/2026 11:09,29.09,7.48,6.98
04/03/2026 11:12,28.18,6.98,7.59
04/03/2026 11:15,28.74,7.8,9.56
04/03/2026 11:18,29.96,8.15,5.48
04/03/2026 11:21,28.95,6.71,5.08
04/03/2026 11:24,29.78,7.62,6.24
04/03/2026 11:27,29.08,8.74,7.81
04/03/2026 11:30,29.77,8.04,6.53
04/03/2026 11:33,29.95,8.27,6.93
04/03/2026 11:36,29.22,7.9,5.26
04/03/2026 11:39,30.66,7.22,5.31
04/03/2026 11:42,28.02,8.38,7.13
04/03/2026 11:45,28.39,7.72,7.55
04/03/2026 11:48,29.66,7.71,7.48
04/03/2026 11:51,28.48,7.61,5.3
04/03/2026 11:54,28.89,7.3,6.58
04/03/2026 11:57,28.72,7.47,7.71
04/03/2026 12:00,29.58,7.19,7.93
04/03/2026 12:03,28.74,7.58,9.27
04/03/2026 12:06,29.36,8.95,6.96
04/03/2026 12:09,29.9,8.61,7.01
04/03/2026 12:12,28.74,7.55,9.72
04/03/2026 12:15,28.54,7.77,7.77
04/03/2026 12:18,31.47,7.52,5.53
04/03/2026 12:21,30.97,7.86,6.11
04/03/2026 12:24,28.55,8.36,5.58
04/03/2026 12:27,29,8.25,7.02
04/03/2026 12:30,29.2,8.35,5.69
04/03/2026 12:33,30.58,7.81,5.47
04/03/2026 12:36,28.83,7.17,4.47
04/03/2026 12:39,28.66,8.15,6.43
04/03/2026 12:42,28.38,7.77,7.44
04/03/2026 12:45,30.28,7.85,6.17
04/03/2026 12:48,27.62,7.04,6.53
04/03/2026 12:51,29.7,7.93,8.9
04/03/2026 12:54,28.28,7.21,3.83
04/03/2026 12:57,29.36,8.01,7.63
04/03/2026 13:00,30.97,7.33,7.32
04/03/2026 13:03,30.77,7.07,5.09
04/03/2026 13:06,29.69,7.25,7.23
04/03/2026 13:09,28.71,7.72,5.93
04/03/2026 13:12,29.77,7.52,5.17
04/03/2026 13:15,29.54,7.91,6.98
04/03/2026 13:18,30.91,7.53,7.56
04/03/2026 13:21,28.05,8.17,5.05
04/03/2026 13:24,25.37,8.13,6.24
04/03/2026 13:27,28.93,7.8,6.32
04/03/2026 13:30,33.66,8.08,6.4
04/03/2026 13:33,29.21,7.78,4.34
04/03/2026 13:36,30.19,7.06,7.18
04/03/2026 13:39,30.25,7.13,4.16
04/03/2026 13:42,30.2,7.35,5.64
04/03/2026 13:45,29.71,8.37,6.69
04/03/2026 13:48,29.66,7.89,6.16
04/03/2026 13:51,28.87,7.62,6.48
04/03/2026 13:54,30.61,8.4,7.38
04/03/2026 13:57,29.28,7.1,6.85
04/03/2026 14:00,29.07,7.71,7.75
04/03/2026 14:03,30.39,7.32,7.56
04/03/2026 14:06,30.17,7.03,6.8
04/03/2026 14:09,28.96,7.06,3.69
04/03/2026 14:12,28.07,7.95,3.69
04/03/2026 14:15,28.03,6.91,6.88
04/03/2026 14:18,30.55,7.85,5.59
04/03/2026 14:21,28.45,8.33,7.41
04/03/2026 14:24,29.81,7.69,7.29
04/03/2026 14:27,29.77,8.27,5.86
04/03/2026 14:30,28.68,8.2,5.31
04/03/2026 14:33,29.34,7.7,6.07
04/03/2026 14:36,29.26,7.83,5.6
04/03/2026 14:39,29.51,7.52,7.67
04/03/2026 14:42,30.57,8.16,7.24
04/03/2026 14:45,30.75,7.89,6.4
04/03/2026 14:48,28.26,6.5,5.42
04/03/2026 14:51,29.29,8,5.24
04/03/2026 14:54,28.88,7.98,7.45
04/03/2026 14:57,30.36,7.47,5.66
04/03/2026 15:00,29.04,8.25,7.47
04/03/2026 15:03,29.46,8.08,6.37
04/03/2026 15:06,30.12,7.27,5.36
04/03/2026 15:09,29.91,7.94,7.96
04/03/2026 15:12,30.23,8.08,7.15
04/03/2026 15:15,29.29,7.4,5.33
04/03/2026 15:18,29.62,7.13,5.42
04/03/2026 15:21,28.82,7.01,6
04/03/2026 15:24,26.58,6.34,7.63
04/03/2026 15:27,30.33,8.11,6.22
04/03/2026 15:30,30.6,8.23,5.24
04/03/2026 15:33,28.91,8.09,7.01
04/03/2026 15:36,29.49,7.17,5.86
04/03/2026 15:39,28.31,7.96,5.99
04/03/2026 15:42,28.34,7.81,7.03
04/03/2026 15:45,28.43,8.26,5.93
04/03/2026 15:48,29.89,7.51,9.48
04/03/2026 15:51,30.36,7.01,5.11
04/03/2026 15:54,28.39,7.42,5.22
04/03/2026 15:57,30.99,8.29,5.14
04/03/2026 16:00,29.06,8.12,7.09
04/03/2026 16:03,30.68,7.77,6.73
04/03/2026 16:06,31,8.3,6.83
04/03/2026 16:09,30.52,7.29,5.41
04/03/2026 16:12,29.14,7.72,5.35
04/03/2026 16:15,28.07,7.06,4.16
04/03/2026 16:18,31.49,7.81,6.25
04/03/2026 16:21,29.52,8.36,7.57
04/03/2026 16:24,29.46,7.32,5.06
04/03/2026 16:27,28.01,7.68,6.6
04/03/2026 16:30,30.61,7.5,7.51
04/03/2026 16:33,28.44,8.26,3.76
04/03/2026 16:36,29.88,8.04,7.45
04/03/2026 16:39,28.79,7.72,6.06
04/03/2026 16:42,29.24,7.21,7.18
04/03/2026 16:45,29.41,6.54,7.37
04/03/2026 16:48,29.76,7.82,6.3
04/03/2026 16:51,29.56,7.55,7.79
04/03/2026 16:54,29.09,7.48,7.57
04/03/2026 16:57,28.12,7.38,9.56
04/03/2026 17:00,28.38,7.34,6.41
04/03/2026 17:03,29.87,7.93,5.31
04/03/2026 17:06,29.82,7.78,7.65
04/03/2026 17:09,30,7.45,6.38
04/03/2026 17:12,28.24,8.31,8.32
04/03/2026 17:15,28.75,7.33,5.7
04/03/2026 17:18,33.83,7.78,5.16
04/03/2026 17:21,28.7,8.53,6.48
04/03/2026 17:24,30.44,8.26,8.95
04/03/2026 17:27,30.28,7.87,6.16
04/03/2026 17:30,30.25,8.47,6.17
04/03/2026 17:33,30.92,8.49,7.95
04/03/2026 17:36,30.75,8.65,7.22
04/03/2026 17:39,29.93,7.11,7.66
04/03/2026 17:42,29.53,7.34,6.31
04/03/2026 17:45,30.45,7.5,5.73
04/03/2026 17:48,29.65,7.57,5.1
04/03/2026 17:51,30.3,6.84,7.9
04/03/2026 17:54,28.54,8.5,7.88
04/03/2026 17:57,29.54,7.4,4
04/03/2026 18:00,33.84,7.38,7.19
04/03/2026 18:03,29.45,8.23,5.04
04/03/2026 18:06,29.45,8.7,6.88
04/03/2026 18:09,29.56,6.67,5.2
04/03/2026 18:12,29.84,8.06,4.38
04/03/2026 18:15,29.82,7.76,7.46
04/03/2026 18:18,30.86,8.37,7.52
04/03/2026 18:21,28.66,7.1,6.98
04/03/2026 18:24,28.43,8.13,5.16
04/03/2026 18:27,30.19,7.77,5.12
04/03/2026 18:30,28.73,7.1,6.08
04/03/2026 18:33,28.84,8.2,7.55
04/03/2026 18:36,28.54,8.37,7.41
04/03/2026 18:39,29.43,8.54,5.27
04/03/2026 18:42,27.33,7.1,7.15
04/03/2026 18:45,29.23,8,6.2
04/03/2026 18:48,30.93,7.17,7.73
04/03/2026 18:51,31.63,7.19,6.16
04/03/2026 18:54,30.03,7.8,5.17
04/03/2026 18:57,29.75,7.02,6.55
04/03/2026 19:00,27.22,7.13,5.26
04/03/2026 19:03,29.73,8.05,6.03
04/03/2026 19:06,28.86,9,7.52
04/03/2026 19:09,30.66,7.56,7.73
04/03/2026 19:12,28.35,8.42,5.95
04/03/2026 19:15,30.21,8.01,4.67
04/03/2026 19:18,28.37,7.84,7.99
04/03/2026 19:21,29.5,7.32,6.31
04/03/2026 19:24,28.65,7.2,5.21
04/03/2026 19:27,29.66,7.94,5.87
04/03/2026 19:30,28.59,7.77,5.72
04/03/2026 19:33,29.51,8.38,6.95
04/03/2026 19:36,28.09,7.44,6.57
04/03/2026 19:39,28.74,7.94,5.6
04/03/2026 19:42,30.21,7.72,5.53
04/03/2026 19:45,31.77,7.26,7.58
04/03/2026 19:48,29.56,8.48,5.65
04/03/2026 19:51,29.49,7.56,7.02
04/03/2026 19:54,26.98,7.36,5.31
04/03/2026 19:57,33.04,7.41,5.65
04/03/2026 20:00,29.91,7.93,7.75
04/03/2026 20:03,29.58,7.67,5.32
04/03/2026 20:06,28.79,8.2,6.08
04/03/2026 20:09,30.67,6.58,6.71
04/03/2026 20:12,28.94,7.43,5.08
04/03/2026 20:15,28.05,7.7,7.12
04/03/2026 20:18,28.57,8.1,6.71
04/03/2026 20:21,29.23,7.11,7.14
04/03/2026 20:24,28.03,7.95,5.9
04/03/2026 20:27,29.64,7.26,6.51
04/03/2026 20:30,30.86,8.26,5.03
04/03/2026 20:33,29.68,7.54,7.06
04/03/2026 20:36,28.62,7.84,5.31
04/03/2026 20:39,28.19,7.63,6.12
04/03/2026 20:42,29.62,8.46,5.13
04/03/2026 20:45,30.06,7.8,7.08
04/03/2026 20:48,29.92,7.08,6.91
04/03/2026 20:51,29.7,7.88,6.37
04/03/2026 20:54,29.1,7.82,6.9
04/03/2026 20:57,32.03,7.84,5.51
04/03/2026 21:00,29.17,7.7,7.83
04/03/2026 21:03,30.59,8.15,7.5
04/03/2026 21:06,28.15,7.13,4.18
04/03/2026 21:09,28.9,7.73,7.14
04/03/2026 21:12,28.86,8.01,9.72
04/03/2026 21:15,30.94,8.07,5.39
04/03/2026 21:18,29.51,8.64,5.18
04/03/2026 21:21,28.54,7.23,6.09
04/03/2026 21:24,31.4,7.97,6.69
04/03/2026 21:27,30.54,7.49,5.2
04/03/2026 21:30,29.12,8.2,6.58
04/03/2026 21:33,32.48,7.29,6.24
04/03/2026 21:36,29.16,8.48,6.42
04/03/2026 21:39,29.01,9.09,5.19
04/03/2026 21:42,28.45,8.12,7.39
04/03/2026 21:45,29.34,7.38,6.34
04/03/2026 21:48,29.65,8.78,6.42
04/03/2026 21:51,29.36,7.96,7.87
04/03/2026 21:54,29.14,7.29,7.22
04/03/2026 21:57,28.69,7.69,6.31
04/03/2026 22:00,30.58,7.52,7.51
04/03/2026 22:03,30.59,7.96,4.35
04/03/2026 22:06,29.69,9.05,3.59
04/03/2026 22:09,30.13,6.93,7.2
04/03/2026 22:12,30.73,8.25,6.49
04/03/2026 22:15,28.48,7.31,5.13
04/03/2026 22:18,28.38,7.65,6.41
04/03/2026 22:21,28.6,7.57,7.99
04/03/2026 22:24,31.02,8.32,9.04
04/03/2026 22:27,29.77,7.75,6.44
04/03/2026 22:30,28.22,7.41,9.36
04/03/2026 22:33,30.2,8.5,5.42
04/03/2026 22:36,28.15,7.6,6.8
04/03/2026 22:39,28.08,7.32,7.39
04/03/2026 22:42,30.9,8.25,6.35
04/03/2026 22:45,29.06,7.63,5.95
04/03/2026 22:48,29.68,6.72,7.79
04/03/2026 22:51,29.45,7.82,3.51
04/03/2026 22:54,29.94,7.24,6.78
04/03/2026 22:57,26.7,8.71,5.07
04/03/2026 23:00,30.83,7.56,5.85
04/03/2026 23:03,29.67,7.91,6.84
04/03/2026 23:06,28.97,7.27,5.89
04/03/2026 23:09,25.66,7.93,4.13
04/03/2026 23:12,28.12,8.28,5.21
04/03/2026 23:15,31.74,7.57,5.27
04/03/2026 23:18,29.93,7.32,7.04
04/03/2026 23:21,29.26,7.07,6.72
04/03/2026 23:24,30.87,7.23,7.28
04/03/2026 23:27,29.76,8.19,5.02
04/03/2026 23:30,29.9,7.42,7.37
04/03/2026 23:33,25.72,6.64,6.2
04/03/2026 23:36,29.92,7.14,5.27
04/03/2026 23:39,29.63,8.16,6.56
04/03/2026 23:42,29.16,8.16,6.68
04/03/2026 23:45,29.38,7.6,7.86
04/03/2026 23:48,30.05,8.85,7.82
04/03/2026 23:51,28.72,8.84,7.33
04/03/2026 23:54,28.55,7.48,6.14
04/03/2026 23:57,30.7,7.04,4.7
05/03/2026 0:00,30.05,7.72,6.95
05/03/2026 0:03,25.03,7.07,9.83
05/03/2026 0:06,30.61,8.49,7.14
05/03/2026 0:09,29.1,7.42,6.8
05/03/2026 0:12,29.73,8.31,5.53
05/03/2026 0:15,29.81,8.18,6.34
05/03/2026 0:18,30.68,7.52,8.61
05/03/2026 0:21,30.63,8.28,6.16
05/03/2026 0:24,28.78,7.79,9.87
05/03/2026 0:27,30.91,8.34,7.46
05/03/2026 0:30,29.12,8.19,5.65
05/03/2026 0:33,29.83,7.33,6.26
05/03/2026 0:36,30.98,8.38,7.5
05/03/2026 0:39,29.22,7.52,6.83
05/03/2026 0:42,29.93,8.06,6.94
05/03/2026 0:45,30.96,7.41,6.76
05/03/2026 0:48,29.89,7.53,7.19
05/03/2026 0:51,29.97,7.03,7.77
05/03/2026 0:54,30.36,8.77,4.44
05/03/2026 0:57,30.36,7.8,7.74
05/03/2026 1:00,26.34,7.39,7.53
05/03/2026 1:03,30.84,7.14,5.14
05/03/2026 1:06,29.95,7.04,6.35
05/03/2026 1:09,28.75,7.42,7.07
05/03/2026 1:12,28.18,8.02,6.22
05/03/2026 1:15,28.24,8.23,7.47
05/03/2026 1:18,30.89,7.87,6.01
05/03/2026 1:21,30.47,7.32,5.71
05/03/2026 1:24,29.78,7,6.62
05/03/2026 1:27,30.7,7.86,5.43
05/03/2026 1:30,25.8,7.62,6.2
05/03/2026 1:33,30.61,7.67,6.23
05/03/2026 1:36,29.08,8.27,5.73
05/03/2026 1:39,30.43,7.08,5.13
05/03/2026 1:42,28.6,6.85,6.71
05/03/2026 1:45,25.72,7.24,5.92
05/03/2026 1:48,30.95,7.93,6.84
05/03/2026 1:51,28.95,7,7.26
05/03/2026 1:54,28.84,7.73,5.96
05/03/2026 1:57,28.55,7.18,6.21
05/03/2026 2:00,26.92,8.09,9.77
05/03/2026 2:03,29.67,7.2,7.65
05/03/2026 2:06,30.7,8.22,5.82
05/03/2026 2:09,29.66,7.86,5.01
05/03/2026 2:12,28.12,8.34,5.8
05/03/2026 2:15,28.16,7.2,6.17
05/03/2026 2:18,29.55,7.38,5.52
05/03/2026 2:21,30.67,7.83,7.38
05/03/2026 2:24,29.75,7.32,7.92
05/03/2026 2:27,30.24,7.71,6.64
05/03/2026 2:30,30.51,7.37,7.39
05/03/2026 2:33,28.39,7.62,5.22
05/03/2026 2:36,29.29,8.01,4.58
05/03/2026 2:39,28.01,7.75,7.48
05/03/2026 2:42,29.26,8.36,6.71
05/03/2026 2:45,30.58,8,5.48
05/03/2026 2:48,30.36,7.47,6.81
05/03/2026 2:51,29,8.13,7.57
05/03/2026 2:54,30.14,7.43,6.3
05/03/2026 2:57,30.14,8.46,5.32
05/03/2026 3:00,29.47,6.38,7.4
05/03/2026 3:03,28.31,7.13,6.98
05/03/2026 3:06,30.78,7.65,5.7
05/03/2026 3:09,29.72,7.42,7.09
05/03/2026 3:12,28.54,7.97,7.37
05/03/2026 3:15,30.02,6.42,7.11
05/03/2026 3:18,30.31,8.26,7.29
05/03/2026 3:21,28.33,8.45,6.64
05/03/2026 3:24,29.27,6.58,4.7
05/03/2026 3:27,30.85,7.64,7.68
05/03/2026 3:30,29.76,7.93,6.63
05/03/2026 3:33,32.86,8.39,5.86
05/03/2026 3:36,30.35,7.81,5.83
05/03/2026 3:39,28.45,7.19,5.31
05/03/2026 3:42,33.93,8.18,6.24
05/03/2026 3:45,28.8,8.49,5.37
05/03/2026 3:48,31.18,7,9.43
05/03/2026 3:51,31.27,7.86,6.68
05/03/2026 3:54,30.89,8.87,7.99
05/03/2026 3:57,28.24,8.21,7.5
05/03/2026 4:00,30.68,8.01,6.03
05/03/2026 4:03,28.19,8.27,5.45
05/03/2026 4:06,29.78,8.02,6.63
05/03/2026 4:09,28.04,7.44,6.81
05/03/2026 4:12,25.47,7.72,3.6
05/03/2026 4:15,30.71,8.34,6.6
05/03/2026 4:18,29.6,8.74,7.59
05/03/2026 4:21,29.61,7.25,5.63
05/03/2026 4:24,29.17,7.13,7.94
05/03/2026 4:27,30.09,6.56,6.71
05/03/2026 4:30,30,7.38,7.63
05/03/2026 4:33,29.81,8.08,6.52
05/03/2026 4:36,29.38,7.08,6.98
05/03/2026 4:39,28.57,8.17,5.89
05/03/2026 4:42,29.74,8.45,7.26
05/03/2026 4:45,30.82,7.36,6.03
05/03/2026 4:48,28.9,8.58,5.3
05/03/2026 4:51,32.39,8.25,5.83
05/03/2026 4:54,29.38,7.85,8.92
05/03/2026 4:57,28.17,7.39,6.85
05/03/2026 5:00,28.26,8.09,7.78
05/03/2026 5:03,25.71,7.44,6.36
05/03/2026 5:06,28.6,8.3,5.84
05/03/2026 5:09,29.89,7.68,7.39
05/03/2026 5:12,28.82,7.99,5.79
05/03/2026 5:15,30.85,8.19,7.47
05/03/2026 5:18,29.25,7.31,7.06
05/03/2026 5:21,29.87,7.07,7.39
05/03/2026 5:24,29.7,7.92,3.57
05/03/2026 5:27,29.49,7.62,6.95
05/03/2026 5:30,29.2,7.16,5.31
05/03/2026 5:33,29.34,7.34,7.59
05/03/2026 5:36,30.99,7.95,5.75
05/03/2026 5:39,28.28,9.1,7.26
05/03/2026 5:42,30.9,7.77,6.9
05/03/2026 5:45,28.76,7.23,5.22
05/03/2026 5:48,30.39,7.74,7.6
05/03/2026 5:51,28.69,8.17,7.73
05/03/2026 5:54,33.47,8.23,6.54
05/03/2026 5:57,29.17,8.49,5.53
05/03/2026 6:00,30.14,7.42,5.73
05/03/2026 6:03,30.77,7.46,7.55
05/03/2026 6:06,29.31,7.91,6.18
05/03/2026 6:09,29.83,8.57,7
05/03/2026 6:12,29.04,7.21,5.27
05/03/2026 6:15,28.63,7.72,7.75
05/03/2026 6:18,30.82,7.42,5.52
05/03/2026 6:21,30.82,7.82,6.24
05/03/2026 6:24,30.93,8.22,7
05/03/2026 6:27,30.93,8.02,7.01
05/03/2026 6:30,30.71,8.17,6.5
05/03/2026 6:33,29.68,7.73,9.26
05/03/2026 6:36,28.93,8.14,6.02
05/03/2026 6:39,29.17,8.14,5.44
05/03/2026 6:42,28.88,7.76,5.18
05/03/2026 6:45,28.95,7.52,7.48
05/03/2026 6:48,30.3,6.68,7.69
05/03/2026 6:51,30.82,7.58,5.32
05/03/2026 6:54,29.71,7.71,6.74
05/03/2026 6:57,30.14,8.04,6.14
05/03/2026 7:00,28.82,7.9,5.9
05/03/2026 7:03,30.69,8.13,6.72
05/03/2026 7:06,29.59,8.48,7.33
05/03/2026 7:09,27.24,7.88,6.95
05/03/2026 7:12,29.99,8.46,7.34
05/03/2026 7:15,30.59,8.29,7.27
05/03/2026 7:18,28.95,8.14,7.17
05/03/2026 7:21,28.56,8.22,6.72
05/03/2026 7:24,31.51,7.12,7.16
05/03/2026 7:27,29.67,7.34,7.6
05/03/2026 7:30,30.45,8.14,6.1
05/03/2026 7:33,30.57,7.9,4.89
05/03/2026 7:36,28.15,7.3,6.84
05/03/2026 7:39,26.19,8.13,5.16
05/03/2026 7:42,30.38,7.65,5.28
05/03/2026 7:45,28.83,7.45,6.32
05/03/2026 7:48,28.32,8.44,7.09
05/03/2026 7:51,28.89,8.01,7.69
05/03/2026 7:54,28.37,7.26,4.3
05/03/2026 7:57,29.12,7.33,5.34
05/03/2026 8:00,29.45,8.14,7.1
05/03/2026 8:03,30.77,8.65,7.09
05/03/2026 8:06,30.62,7.03,7.69
05/03/2026 8:09,30.26,8.23,6.78
05/03/2026 8:12,28.29,7.02,6.98
05/03/2026 8:15,27.3,7.65,5.12
05/03/2026 8:18,29.35,8.29,5.91
05/03/2026 8:21,28.99,7.65,7.05
05/03/2026 8:24,32.73,8.54,7.06
05/03/2026 8:27,30.93,7.65,6.1
05/03/2026 8:30,25.54,7.67,6.19
05/03/2026 8:33,30.74,7.43,6.05
05/03/2026 8:36,30.74,8.1,6.88
05/03/2026 8:39,30.52,7.39,7.84
05/03/2026 8:42,32.01,8.15,7.25
05/03/2026 8:45,30.25,8.38,4.15
05/03/2026 8:48,30.13,7.1,6.15
05/03/2026 8:51,29.58,7.02,6.77
05/03/2026 8:54,29.75,8.12,8.5
05/03/2026 8:57,32.41,8.14,3.72
05/03/2026 9:00,29.44,7.35,6.37
05/03/2026 9:03,29.52,6.96,7.94
05/03/2026 9:06,28.48,7.49,4.18
05/03/2026 9:09,31.44,7.32,7.31
05/03/2026 9:12,28.73,7.24,5.25
05/03/2026 9:15,28.7,7.46,6.94
05/03/2026 9:18,29.02,6.59,7.41
05/03/2026 9:21,29.4,7.11,6.87
05/03/2026 9:24,29.33,7.64,7.41
05/03/2026 9:27,30.75,8.15,7.96
05/03/2026 9:30,28.49,8.05,7.29
05/03/2026 9:33,29.3,7.5,3.94
05/03/2026 9:36,28.75,7.52,6.27
05/03/2026 9:39,30.91,8.36,7.58
05/03/2026 9:42,29.52,8.92,7.2
05/03/2026 9:45,29.79,8,7.93
05/03/2026 9:48,30.88,7.47,7.19
05/03/2026 9:51,30.06,7.49,6.35
05/03/2026 9:54,29.54,7.14,5.87
05/03/2026 9:57,26.15,7.59,5.92
05/03/2026 10:00,29.09,6.3,7.55
05/03/2026 10:03,30.32,7.19,6.06
05/03/2026 10:06,26.87,7.2,7.56
05/03/2026 10:09,29.23,7.15,5.55
05/03/2026 10:12,30.27,7.24,5.39
05/03/2026 10:15,28.6,7.5,8.04
05/03/2026 10:18,28.07,7.2,6
05/03/2026 10:21,28.94,7.64,7.93
05/03/2026 10:24,30.16,7.78,5.82
05/03/2026 10:27,30.98,7.89,7.46
05/03/2026 10:30,28.61,6.72,6.08
05/03/2026 10:33,30.44,7.08,5.01
05/03/2026 10:36,29.81,7.12,7.38
05/03/2026 10:39,29.42,7.64,7.18
05/03/2026 10:42,30.75,7.15,5.98
05/03/2026 10:45,29.65,7.1,7.78
05/03/2026 10:48,29.66,8.5,6.81
05/03/2026 10:51,26.75,7.46,5.96
05/03/2026 10:54,28.11,7.24,6.72
05/03/2026 10:57,29.87,8.12,5.62
05/03/2026 11:00,30.33,7.68,7.59
05/03/2026 11:03,29.75,8.44,5.66
05/03/2026 11:06,30.42,7.23,7.94
05/03/2026 11:09,29.77,7.27,3.88
05/03/2026 11:12,30.1,8.35,7.07
05/03/2026 11:15,28.85,8.47,7.39
05/03/2026 11:18,28.46,8.82,6.12
05/03/2026 11:21,29.7,8.43,9.57
05/03/2026 11:24,30.2,8.45,5.79
05/03/2026 11:27,29.64,6.41,6.75
05/03/2026 11:30,28.53,7.01,6.75
05/03/2026 11:33,30.42,8.13,6.76
05/03/2026 11:36,28.53,7.1,7.29
05/03/2026 11:39,29.25,7.63,5.02
05/03/2026 11:42,30.58,6.94,6.92
05/03/2026 11:45,28.61,7.69,6.25
05/03/2026 11:48,28.91,7.42,5.26
05/03/2026 11:51,30.87,7.99,5.45
05/03/2026 11:54,29.49,7.34,5.7
05/03/2026 11:57,28.79,7.79,7.19
05/03/2026 12:00,28.02,7.52,7.13
05/03/2026 12:03,29.52,7.92,9.43
05/03/2026 12:06,30.6,7.84,5.35
05/03/2026 12:09,28.77,7.21,6.04
05/03/2026 12:12,29.82,6.71,5.73
05/03/2026 12:15,28.14,6.74,6.89
05/03/2026 12:18,25.89,7.86,5.2
05/03/2026 12:21,28.01,8.91,5.01
05/03/2026 12:24,29.66,7.24,6.6
05/03/2026 12:27,33.54,7.62,6.22
05/03/2026 12:30,28.33,7.93,7.58
05/03/2026 12:33,32.26,8.19,6.85
05/03/2026 12:36,30.93,8.16,7.69
05/03/2026 12:39,27.98,8.35,7.44
05/03/2026 12:42,29.93,9.04,7.31
05/03/2026 12:45,29.48,8.03,5.39
05/03/2026 12:48,29.32,7.46,7.91
05/03/2026 12:51,28.3,6.73,9.16
05/03/2026 12:54,26.17,7.64,7.1
05/03/2026 12:57,30.16,7.64,5.21
05/03/2026 13:00,30.9,7.56,6.9
05/03/2026 13:03,29.67,7.67,7.15
05/03/2026 13:06,29.7,8.14,7.39
05/03/2026 13:09,28.6,7.79,7.64
05/03/2026 13:12,28.6,8.5,6.01
05/03/2026 13:15,26.92,8.3,6.27
05/03/2026 13:18,28.06,7.85,7.06
05/03/2026 13:21,30.13,7.31,5.48
05/03/2026 13:24,30.35,7.58,6.19
05/03/2026 13:27,25.5,6.89,6.68
05/03/2026 13:30,29.82,7.21,5.92
05/03/2026 13:33,28.27,7.33,6.09
05/03/2026 13:36,28.28,8.17,5.63
05/03/2026 13:39,29.01,8.39,7.87
05/03/2026 13:42,30.02,6.42,7.85
05/03/2026 13:45,31.08,8.07,7.25
05/03/2026 13:48,25.52,7.16,7
05/03/2026 13:51,25.04,7.8,6.8
05/03/2026 13:54,30.43,8.31,7.44
05/03/2026 13:57,29.94,7.28,5.09
05/03/2026 14:00,28.26,7.37,5.3
05/03/2026 14:03,29.25,8.39,5.55
05/03/2026 14:06,28.34,8.22,6.19
05/03/2026 14:09,29.15,8.23,6.9
05/03/2026 14:12,32.84,6.58,5.1
05/03/2026 14:15,30.7,7.78,6.01
05/03/2026 14:18,30.49,7.9,7.09
05/03/2026 14:21,25.71,8.32,4.62
05/03/2026 14:24,29.9,8.07,5.89
05/03/2026 14:27,28.63,6.6,7.76
05/03/2026 14:30,28.31,6.52,5.68
05/03/2026 14:33,30.55,7.58,3.55
05/03/2026 14:36,29.51,7.82,6.51
05/03/2026 14:39,28.25,8.36,6.89
05/03/2026 14:42,30.63,6.3,6.79
05/03/2026 14:45,29.63,8.06,5.9
05/03/2026 14:48,30.81,7.79,7.15
05/03/2026 14:51,28.11,7.19,5.44
05/03/2026 14:54,28.7,8.72,7.72
05/03/2026 14:57,29,7.18,7.7
05/03/2026 15:00,28.35,7.08,5.91
05/03/2026 15:03,28.54,7.14,6.66
05/03/2026 15:06,29.65,7.55,5.01
05/03/2026 15:09,28.94,7.68,7.66
05/03/2026 15:12,29.4,7.14,6.02
05/03/2026 15:15,31.77,7.35,5.18
05/03/2026 15:18,28.36,7.68,6.74
05/03/2026 15:21,30.9,8.29,6.35
05/03/2026 15:24,29.55,8.11,4.23
05/03/2026 15:27,28.99,8.44,5.84
05/03/2026 15:30,29.52,7.85,7.76
05/03/2026 15:33,30.03,7.46,5.07
05/03/2026 15:36,29.32,8.17,8.95
05/03/2026 15:39,29.61,6.49,6.79
05/03/2026 15:42,29.52,8.04,7.53
05/03/2026 15:45,29.98,8.06,6.78
05/03/2026 15:48,28.84,7.83,7.98
05/03/2026 15:51,30.3,7.15,8.49
05/03/2026 15:54,29.31,7.36,5.85
05/03/2026 15:57,30.56,8.44,5.1
05/03/2026 16:00,33.28,7.24,4.27
05/03/2026 16:03,29.08,7.68,7.56
05/03/2026 16:06,28.6,7.13,7.48
05/03/2026 16:09,28.82,7.83,5.9
05/03/2026 16:12,28.25,7.7,7.2
05/03/2026 16:15,29.96,7.41,5.89
05/03/2026 16:18,28.72,7.67,5.38
05/03/2026 16:21,29.2,7.34,6.31
05/03/2026 16:24,28.88,7.35,7.7
05/03/2026 16:27,28.78,8.46,7.92
05/03/2026 16:30,30.76,8.2,7.38
05/03/2026 16:33,30.93,7.34,7.41
05/03/2026 16:36,30.28,7.08,7.39
05/03/2026 16:39,30.75,7.24,6.67
05/03/2026 16:42,28.67,7.04,4.32
05/03/2026 16:45,28.03,7.28,7.3
05/03/2026 16:48,29,7.46,6.93
05/03/2026 16:51,28.56,8.13,5.92
05/03/2026 16:54,28.47,7.86,5.37
05/03/2026 16:57,30.96,7.13,6.66
05/03/2026 17:00,28.55,8.39,6.07
05/03/2026 17:03,29.08,8.09,7.28
05/03/2026 17:06,28.1,7.77,5.38
05/03/2026 17:09,30.1,7.86,7.37
05/03/2026 17:12,29.46,7.94,6.36
05/03/2026 17:15,28.38,7.91,7.85
05/03/2026 17:18,28.81,8.29,6.19
05/03/2026 17:21,31.04,8.06,5.46
05/03/2026 17:24,28.16,8.04,7.62
05/03/2026 17:27,32.25,7.99,7.74
05/03/2026 17:30,30.93,8.08,7.72
05/03/2026 17:33,28.92,7.32,7.94
05/03/2026 17:36,28.19,6.73,8.15
05/03/2026 17:39,30.61,8.13,7.1
05/03/2026 17:42,29.64,7.66,5.19
05/03/2026 17:45,29.71,8.75,6.38
05/03/2026 17:48,29.15,8.07,5.56
05/03/2026 17:51,29.98,8.49,6.18
05/03/2026 17:54,28.91,8.34,6.01
05/03/2026 17:57,29.78,8.35,5.45
05/03/2026 18:00,28.74,7.76,5.4
05/03/2026 18:03,25.6,7.18,7.89
05/03/2026 18:06,27.39,7.13,7.81
05/03/2026 18:09,29.28,8.45,5.75
05/03/2026 18:12,28.72,7.88,5.01
05/03/2026 18:15,30.76,7.8,7.28
05/03/2026 18:18,29.46,8,6.3
05/03/2026 18:21,29.8,7.67,7.02
05/03/2026 18:24,29.81,7.86,5.94
05/03/2026 18:27,30.64,8.15,7.55
05/03/2026 18:30,29.51,8,6.1
05/03/2026 18:33,30.87,7.3,5.12
05/03/2026 18:36,30.41,8.11,6.05
05/03/2026 18:39,30.67,8.24,7.7
05/03/2026 18:42,29.76,7.69,5.04
05/03/2026 18:45,28.9,7.64,5.81
05/03/2026 18:48,28.51,7.72,7.9
05/03/2026 18:51,30.03,7.33,7.15
05/03/2026 18:54,28.14,7.92,6.6
05/03/2026 18:57,29.75,8.42,7.95
05/03/2026 19:00,29.29,7.69,9.78
05/03/2026 19:03,28.58,7.83,7.94
05/03/2026 19:06,25.53,7.37,6.32
05/03/2026 19:09,30.62,7.79,4.65
05/03/2026 19:12,26.11,7.11,7.46
05/03/2026 19:15,32.92,6.59,6.71
05/03/2026 19:18,28.83,7.75,6.6
05/03/2026 19:21,28.34,7.21,5.18
05/03/2026 19:24,28.82,7.15,6.6
05/03/2026 19:27,29.36,7.7,7.19
05/03/2026 19:30,29.69,8.48,8.59
05/03/2026 19:33,27.78,7.64,5.55
05/03/2026 19:36,30.85,7.09,7.42
05/03/2026 19:39,29.07,7.08,6.39
05/03/2026 19:42,30.46,8.26,6.49
05/03/2026 19:45,30.35,8.15,7.14
05/03/2026 19:48,28.95,8.15,6.95
05/03/2026 19:51,29.97,7.08,7.69
05/03/2026 19:54,30.03,8.45,6.78
05/03/2026 19:57,31.97,7.37,5.66
05/03/2026 20:00,28.59,7.77,6.06
05/03/2026 20:03,30.8,7.15,7.78
05/03/2026 20:06,28.19,7.06,6.94
05/03/2026 20:09,28.19,8.19,7.11
05/03/2026 20:12,29.66,7.19,8.18
05/03/2026 20:15,28.94,8.09,6.08
05/03/2026 20:18,29.66,7.03,5.19
05/03/2026 20:21,28.89,7.06,7.79
05/03/2026 20:24,30.66,7.81,6.85
05/03/2026 20:27,29.36,8.26,7.11
05/03/2026 20:30,28.34,8.37,7.92
05/03/2026 20:33,28.82,8.49,7
05/03/2026 20:36,28.48,7.06,6.28
05/03/2026 20:39,30.97,8.34,6.45
05/03/2026 20:42,30.29,8.46,5.23
05/03/2026 20:45,28.72,6.88,5.32
05/03/2026 20:48,28.62,8.46,6.32
05/03/2026 20:51,30.13,8.28,5.82
05/03/2026 20:54,30.35,8.03,5.95
05/03/2026 20:57,32.12,7.29,5.81
05/03/2026 21:00,29.49,7.99,5.93
05/03/2026 21:03,30.77,7.87,6.29
05/03/2026 21:06,29.3,8.46,7.78
05/03/2026 21:09,29.79,8.15,5.82
05/03/2026 21:12,28.19,8.14,6.6
05/03/2026 21:15,29.62,7.52,6.38
05/03/2026 21:18,26.15,7.29,6.11
05/03/2026 21:21,28.69,6.81,4.31
05/03/2026 21:24,28.37,8.03,7.58
05/03/2026 21:27,29.09,8.18,5.26
05/03/2026 21:30,29.79,8.4,5.32
05/03/2026 21:33,30.54,8.32,7.09
05/03/2026 21:36,29,7.26,6.63
05/03/2026 21:39,29.55,8.89,5.01
05/03/2026 21:42,30,7.42,5.78
05/03/2026 21:45,28.03,7.2,7.53
05/03/2026 21:48,29.69,7.52,5.01
05/03/2026 21:51,29.81,7.39,5.37
05/03/2026 21:54,28.36,8.12,7.11
05/03/2026 21:57,29.34,7,5.97
05/03/2026 22:00,29.32,7.18,6.13
05/03/2026 22:03,30.24,7.44,5.08
05/03/2026 22:06,28.95,8.39,6.24
05/03/2026 22:09,29.09,7.48,6.98
05/03/2026 22:12,28.18,6.98,7.59
05/03/2026 22:15,28.74,7.8,9.56
05/03/2026 22:18,29.96,8.15,5.48
05/03/2026 22:21,28.95,6.71,5.08
05/03/2026 22:24,29.78,7.62,6.24
05/03/2026 22:27,29.08,8.74,7.81
05/03/2026 22:30,29.77,8.04,6.53
05/03/2026 22:33,29.95,8.27,6.93
05/03/2026 22:36,29.22,7.9,5.26
05/03/2026 22:39,30.66,7.22,5.31
05/03/2026 22:42,28.02,8.38,7.13
05/03/2026 22:45,28.39,7.72,7.55
05/03/2026 22:48,29.66,7.71,7.48
05/03/2026 22:51,28.48,7.61,5.3
05/03/2026 22:54,28.89,7.3,6.58
05/03/2026 22:57,28.72,7.47,7.71
05/03/2026 23:00,29.58,7.19,7.93
05/03/2026 23:03,28.74,7.58,9.27
05/03/2026 23:06,29.36,8.95,6.96
05/03/2026 23:09,29.9,8.61,7.01
05/03/2026 23:12,28.74,7.55,9.72
05/03/2026 23:15,28.54,7.77,7.77
05/03/2026 23:18,31.47,7.52,5.53
05/03/2026 23:21,30.97,7.86,6.11
05/03/2026 23:24,28.55,8.36,5.58
05/03/2026 23:27,29,8.25,7.02
05/03/2026 23:30,29.2,8.35,5.69
05/03/2026 23:33,30.58,7.81,5.47
05/03/2026 23:36,28.83,7.17,4.47
05/03/2026 23:39,28.66,8.15,6.43
05/03/2026 23:42,28.38,7.77,7.44
05/03/2026 23:45,30.28,7.85,6.17
05/03/2026 23:48,27.62,7.04,6.53
05/03/2026 23:51,29.7,7.93,8.9
05/03/2026 23:54,28.28,7.21,3.83
05/03/2026 23:57,29.36,8.01,7.63
06/03/2026 0:00,30.97,7.33,7.32
06/03/2026 0:03,30.77,7.07,5.09
06/03/2026 0:06,29.69,7.25,7.23
06/03/2026 0:09,28.71,7.72,5.93
06/03/2026 0:12,29.77,7.52,5.17
06/03/2026 0:15,29.54,7.91,6.98
06/03/2026 0:18,30.91,7.53,7.56
06/03/2026 0:21,28.05,8.17,5.05
06/03/2026 0:24,25.37,8.13,6.24
06/03/2026 0:27,28.93,7.8,6.32
06/03/2026 0:30,33.66,8.08,6.4
06/03/2026 0:33,29.21,7.78,4.34
06/03/2026 0:36,30.19,7.06,7.18
06/03/2026 0:39,30.25,7.13,4.16
06/03/2026 0:42,30.2,7.35,5.64
06/03/2026 0:45,29.71,8.37,6.69
06/03/2026 0:48,29.66,7.89,6.16
06/03/2026 0:51,28.87,7.62,6.48
06/03/2026 0:54,30.61,8.4,7.38
06/03/2026 0:57,29.28,7.1,6.85
06/03/2026 1:00,29.07,7.71,7.75
06/03/2026 1:03,30.39,7.32,7.56
06/03/2026 1:06,30.17,7.03,6.8
06/03/2026 1:09,28.96,7.06,3.69
06/03/2026 1:12,28.07,7.95,3.69
06/03/2026 1:15,28.03,6.91,6.88
06/03/2026 1:18,30.55,7.85,5.59
06/03/2026 1:21,28.45,8.33,7.41
06/03/2026 1:24,29.81,7.69,7.29
06/03/2026 1:27,29.77,8.27,5.86
06/03/2026 1:30,28.68,8.2,5.31
06/03/2026 1:33,29.34,7.7,6.07
06/03/2026 1:36,29.26,7.83,5.6
06/03/2026 1:39,29.51,7.52,7.67
06/03/2026 1:42,30.57,8.16,7.24
06/03/2026 1:45,30.75,7.89,6.4
06/03/2026 1:48,28.26,6.5,5.42
06/03/2026 1:51,29.29,8,5.24
06/03/2026 1:54,28.88,7.98,7.45
06/03/2026 1:57,30.36,7.47,5.66
06/03/2026 2:00,29.04,8.25,7.47
06/03/2026 2:03,29.46,8.08,6.37
06/03/2026 2:06,30.12,7.27,5.36
06/03/2026 2:09,29.91,7.94,7.96
06/03/2026 2:12,30.23,8.08,7.15
06/03/2026 2:15,29.29,7.4,5.33
06/03/2026 2:18,29.62,7.13,5.42
06/03/2026 2:21,28.82,7.01,6
06/03/2026 2:24,26.58,6.34,7.63
06/03/2026 2:27,30.33,8.11,6.22
06/03/2026 2:30,30.6,8.23,5.24
06/03/2026 2:33,28.91,8.09,7.01
06/03/2026 2:36,29.49,7.17,5.86
06/03/2026 2:39,28.31,7.96,5.99
06/03/2026 2:42,28.34,7.81,7.03
06/03/2026 2:45,28.43,8.26,5.93
06/03/2026 2:48,29.89,7.51,9.48
06/03/2026 2:51,30.36,7.01,5.11
06/03/2026 2:54,28.39,7.42,5.22
06/03/2026 2:57,30.99,8.29,5.14
06/03/2026 3:00,29.06,8.12,7.09
06/03/2026 3:03,30.68,7.77,6.73
06/03/2026 3:06,31,8.3,6.83
06/03/2026 3:09,30.52,7.29,5.41
06/03/2026 3:12,29.14,7.72,5.35
06/03/2026 3:15,28.07,7.06,4.16
06/03/2026 3:18,31.49,7.81,6.25
06/03/2026 3:21,29.52,8.36,7.57
06/03/2026 3:24,29.46,7.32,5.06
06/03/2026 3:27,28.01,7.68,6.6
06/03/2026 3:30,30.61,7.5,7.51
06/03/2026 3:33,28.44,8.26,3.76
06/03/2026 3:36,29.88,8.04,7.45
06/03/2026 3:39,28.79,7.72,6.06
06/03/2026 3:42,29.24,7.21,7.18
06/03/2026 3:45,29.41,6.54,7.37
06/03/2026 3:48,29.76,7.82,6.3
06/03/2026 3:51,29.56,7.55,7.79
06/03/2026 3:54,29.09,7.48,7.57
06/03/2026 3:57,28.12,7.38,9.56
06/03/2026 4:00,28.38,7.34,6.41
06/03/2026 4:03,29.87,7.93,5.31
06/03/2026 4:06,29.82,7.78,7.65
06/03/2026 4:09,30,7.45,6.38
06/03/2026 4:12,28.24,8.31,8.32
06/03/2026 4:15,28.75,7.33,5.7
06/03/2026 4:18,33.83,7.78,5.16
06/03/2026 4:21,28.7,8.53,6.48
06/03/2026 4:24,30.44,8.26,8.95
06/03/2026 4:27,30.28,7.87,6.16
06/03/2026 4:30,30.25,8.47,6.17
06/03/2026 4:33,30.92,8.49,7.95
06/03/2026 4:36,30.75,8.65,7.22
06/03/2026 4:39,29.93,7.11,7.66
06/03/2026 4:42,29.53,7.34,6.31
06/03/2026 4:45,30.45,7.5,5.73
06/03/2026 4:48,29.65,7.57,5.1
06/03/2026 4:51,30.3,6.84,7.9
06/03/2026 4:54,28.54,8.5,7.88
06/03/2026 4:57,29.54,7.4,4
06/03/2026 5:00,33.84,7.38,7.19
06/03/2026 5:03,29.45,8.23,5.04
06/03/2026 5:06,29.45,8.7,6.88
06/03/2026 5:09,29.56,6.67,5.2
06/03/2026 5:12,29.84,8.06,4.38
06/03/2026 5:15,29.82,7.76,7.46
06/03/2026 5:18,30.86,8.37,7.52
06/03/2026 5:21,28.66,7.1,6.98
06/03/2026 5:24,28.43,8.13,5.16
06/03/2026 5:27,30.19,7.77,5.12
06/03/2026 5:30,28.73,7.1,6.08
06/03/2026 5:33,28.84,8.2,7.55
06/03/2026 5:36,28.54,8.37,7.41
06/03/2026 5:39,29.43,8.54,5.27
06/03/2026 5:42,27.33,7.1,7.15
06/03/2026 5:45,29.23,8,6.2
06/03/2026 5:48,30.93,7.17,7.73
06/03/2026 5:51,31.63,7.19,6.16
06/03/2026 5:54,30.03,7.8,5.17
06/03/2026 5:57,29.75,7.02,6.55
06/03/2026 6:00,27.22,7.13,5.26
06/03/2026 6:03,29.73,8.05,6.03
06/03/2026 6:06,28.86,9,7.52
06/03/2026 6:09,30.66,7.56,7.73
06/03/2026 6:12,28.35,8.42,5.95
06/03/2026 6:15,30.21,8.01,4.67
06/03/2026 6:18,28.37,7.84,7.99
06/03/2026 6:21,29.5,7.32,6.31
06/03/2026 6:24,28.65,7.2,5.21
06/03/2026 6:27,29.66,7.94,5.87
06/03/2026 6:30,28.59,7.77,5.72
06/03/2026 6:33,29.51,8.38,6.95
06/03/2026 6:36,28.09,7.44,6.57
06/03/2026 6:39,28.74,7.94,5.6
06/03/2026 6:42,30.21,7.72,5.53
06/03/2026 6:45,31.77,7.26,7.58
06/03/2026 6:48,29.56,8.48,5.65
06/03/2026 6:51,29.49,7.56,7.02
06/03/2026 6:54,26.98,7.36,5.31
06/03/2026 6:57,33.04,7.41,5.65
06/03/2026 7:00,29.91,7.93,7.75
06/03/2026 7:03,29.58,7.67,5.32
06/03/2026 7:06,28.79,8.2,6.08
06/03/2026 7:09,30.67,6.58,6.71
06/03/2026 7:12,28.94,7.43,5.08
06/03/2026 7:15,28.05,7.7,7.12
06/03/2026 7:18,28.57,8.1,6.71
06/03/2026 7:21,29.23,7.11,7.14
06/03/2026 7:24,28.03,7.95,5.9
06/03/2026 7:27,29.64,7.26,6.51
06/03/2026 7:30,30.86,8.26,5.03
06/03/2026 7:33,29.68,7.54,7.06
06/03/2026 7:36,28.62,7.84,5.31
06/03/2026 7:39,28.19,7.63,6.12
06/03/2026 7:42,29.62,8.46,5.13
06/03/2026 7:45,30.06,7.8,7.08
06/03/2026 7:48,29.92,7.08,6.91
06/03/2026 7:51,29.7,7.88,6.37
06/03/2026 7:54,29.1,7.82,6.9
06/03/2026 7:57,32.03,7.84,5.51
06/03/2026 8:00,29.17,7.7,7.83
06/03/2026 8:03,30.59,8.15,7.5
06/03/2026 8:06,28.15,7.13,4.18
06/03/2026 8:09,28.9,7.73,7.14
06/03/2026 8:12,28.86,8.01,9.72
06/03/2026 8:15,30.94,8.07,5.39
06/03/2026 8:18,29.51,8.64,5.18
06/03/2026 8:21,28.54,7.23,6.09
06/03/2026 8:24,31.4,7.97,6.69
06/03/2026 8:27,30.54,7.49,5.2
06/03/2026 8:30,29.12,8.2,6.58
06/03/2026 8:33,32.48,7.29,6.24
06/03/2026 8:36,29.16,8.48,6.42
06/03/2026 8:39,29.01,9.09,5.19
06/03/2026 8:42,28.45,8.12,7.39
06/03/2026 8:45,29.34,7.38,6.34
06/03/2026 8:48,29.65,8.78,6.42
06/03/2026 8:51,29.36,7.96,7.87
06/03/2026 8:54,29.14,7.29,7.22
06/03/2026 8:57,28.69,7.69,6.31
06/03/2026 9:00,30.58,7.52,7.51
06/03/2026 9:03,30.59,7.96,4.35
06/03/2026 9:06,29.69,9.05,3.59
06/03/2026 9:09,30.13,6.93,7.2
06/03/2026 9:12,30.73,8.25,6.49
06/03/2026 9:15,28.48,7.31,5.13
06/03/2026 9:18,28.38,7.65,6.41
06/03/2026 9:21,28.6,7.57,7.99
06/03/2026 9:24,31.02,8.32,9.04
06/03/2026 9:27,29.77,7.75,6.44
06/03/2026 9:30,28.22,7.41,9.36
06/03/2026 9:33,30.2,8.5,5.42
06/03/2026 9:36,28.15,7.6,6.8
06/03/2026 9:39,28.08,7.32,7.39
06/03/2026 9:42,30.9,8.25,6.35
06/03/2026 9:45,29.06,7.63,5.95
06/03/2026 9:48,29.68,6.72,7.79
06/03/2026 9:51,29.45,7.82,3.51
06/03/2026 9:54,29.94,7.24,6.78
06/03/2026 9:57,26.7,8.71,5.07
06/03/2026 10:00,30.83,7.56,5.85
06/03/2026 10:03,29.67,7.91,6.84
06/03/2026 10:06,28.97,7.27,5.89
06/03/2026 10:09,25.66,7.93,4.13
06/03/2026 10:12,28.12,8.28,5.21
06/03/2026 10:15,31.74,7.57,5.27
06/03/2026 10:18,29.93,7.32,7.04
06/03/2026 10:21,29.26,7.07,6.72
06/03/2026 10:24,30.87,7.23,7.28
06/03/2026 10:27,29.76,8.19,5.02
06/03/2026 10:30,29.9,7.42,7.37
06/03/2026 10:33,25.72,6.64,6.2
06/03/2026 10:36,29.92,7.14,5.27
06/03/2026 10:39,29.63,8.16,6.56
06/03/2026 10:42,29.16,8.16,6.68
06/03/2026 10:45,29.38,7.6,7.86
06/03/2026 10:48,30.05,8.85,7.82
06/03/2026 10:51,28.72,8.84,7.33
06/03/2026 10:54,28.55,7.48,6.14
06/03/2026 10:57,30.7,7.04,4.7
06/03/2026 11:00,30.05,7.72,6.95
06/03/2026 11:03,25.03,7.07,9.83
06/03/2026 11:06,30.61,8.49,7.14
06/03/2026 11:09,29.1,7.42,6.8
06/03/2026 11:12,29.73,8.31,5.53
06/03/2026 11:15,29.81,8.18,6.34
06/03/2026 11:18,30.68,7.52,8.61
06/03/2026 11:21,30.63,8.28,6.16
06/03/2026 11:24,28.78,7.79,9.87
06/03/2026 11:27,30.91,8.34,7.46
06/03/2026 11:30,29.12,8.19,5.65
06/03/2026 11:33,29.83,7.33,6.26
06/03/2026 11:36,30.98,8.38,7.5
06/03/2026 11:39,29.22,7.52,6.83
06/03/2026 11:42,29.93,8.06,6.94
06/03/2026 11:45,30.96,7.41,6.76
06/03/2026 11:48,29.89,7.53,7.19
06/03/2026 11:51,29.97,7.03,7.77
06/03/2026 11:54,30.36,8.77,4.44
06/03/2026 11:57,30.36,7.8,7.74
06/03/2026 12:00,26.34,7.39,7.53
06/03/2026 12:03,30.84,7.14,5.14
06/03/2026 12:06,29.95,7.04,6.35
06/03/2026 12:09,28.75,7.42,7.07
06/03/2026 12:12,28.18,8.02,6.22
06/03/2026 12:15,28.24,8.23,7.47
06/03/2026 12:18,30.89,7.87,6.01
06/03/2026 12:21,30.47,7.32,5.71
06/03/2026 12:24,29.78,7,6.62
06/03/2026 12:27,30.7,7.86,5.43
06/03/2026 12:30,25.8,7.62,6.2
06/03/2026 12:33,30.61,7.67,6.23
06/03/2026 12:36,29.08,8.27,5.73
06/03/2026 12:39,30.43,7.08,5.13
06/03/2026 12:42,28.6,6.85,6.71
06/03/2026 12:45,25.72,7.24,5.92
06/03/2026 12:48,30.95,7.93,6.84
06/03/2026 12:51,28.95,7,7.26
06/03/2026 12:54,28.84,7.73,5.96
06/03/2026 12:57,28.55,7.18,6.21
06/03/2026 13:00,26.92,8.09,9.77
06/03/2026 13:03,29.67,7.2,7.65
06/03/2026 13:06,30.7,8.22,5.82
06/03/2026 13:09,29.66,7.86,5.01
06/03/2026 13:12,28.12,8.34,5.8
06/03/2026 13:15,28.16,7.2,6.17
06/03/2026 13:18,29.55,7.38,5.52
06/03/2026 13:21,30.67,7.83,7.38
06/03/2026 13:24,29.75,7.32,7.92
06/03/2026 13:27,30.24,7.71,6.64
06/03/2026 13:30,30.51,7.37,7.39
06/03/2026 13:33,28.39,7.62,5.22
06/03/2026 13:36,29.29,8.01,4.58
06/03/2026 13:39,28.01,7.75,7.48
06/03/2026 13:42,29.26,8.36,6.71
06/03/2026 13:45,30.58,8,5.48
06/03/2026 13:48,30.36,7.47,6.81
06/03/2026 13:51,29,8.13,7.57
06/03/2026 13:54,30.14,7.43,6.3
06/03/2026 13:57,30.14,8.46,5.32
06/03/2026 14:00,29.47,6.38,7.4
06/03/2026 14:03,28.31,7.13,6.98
06/03/2026 14:06,30.78,7.65,5.7
06/03/2026 14:09,29.72,7.42,7.09
06/03/2026 14:12,28.54,7.97,7.37
06/03/2026 14:15,30.02,6.42,7.11
06/03/2026 14:18,30.31,8.26,7.29
06/03/2026 14:21,28.33,8.45,6.64
06/03/2026 14:24,29.27,6.58,4.7
06/03/2026 14:27,30.85,7.64,7.68
06/03/2026 14:30,29.76,7.93,6.63
06/03/2026 14:33,32.86,8.39,5.86
06/03/2026 14:36,30.35,7.81,5.83
06/03/2026 14:39,28.45,7.19,5.31
06/03/2026 14:42,33.93,8.18,6.24
06/03/2026 14:45,28.8,8.49,5.37
06/03/2026 14:48,31.18,7,9.43
06/03/2026 14:51,31.27,7.86,6.68
06/03/2026 14:54,30.89,8.87,7.99
06/03/2026 14:57,28.24,8.21,7.5
06/03/2026 15:00,30.68,8.01,6.03
06/03/2026 15:03,28.19,8.27,5.45
06/03/2026 15:06,29.78,8.02,6.63
06/03/2026 15:09,28.04,7.44,6.81
06/03/2026 15:12,25.47,7.72,3.6
06/03/2026 15:15,30.71,8.34,6.6
06/03/2026 15:18,29.6,8.74,7.59
06/03/2026 15:21,29.61,7.25,5.63
06/03/2026 15:24,29.17,7.13,7.94
06/03/2026 15:27,30.09,6.56,6.71
06/03/2026 15:30,30,7.38,7.63
06/03/2026 15:33,29.81,8.08,6.52
06/03/2026 15:36,29.38,7.08,6.98
06/03/2026 15:39,28.57,8.17,5.89
06/03/2026 15:42,29.74,8.45,7.26
06/03/2026 15:45,30.82,7.36,6.03
06/03/2026 15:48,28.9,8.58,5.3
06/03/2026 15:51,32.39,8.25,5.83
06/03/2026 15:54,29.38,7.85,8.92
06/03/2026 15:57,28.17,7.39,6.85
06/03/2026 16:00,28.26,8.09,7.78
06/03/2026 16:03,25.71,7.44,6.36
06/03/2026 16:06,28.6,8.3,5.84
06/03/2026 16:09,29.89,7.68,7.39
06/03/2026 16:12,28.82,7.99,5.79
06/03/2026 16:15,30.85,8.19,7.47
06/03/2026 16:18,29.25,7.31,7.06
06/03/2026 16:21,29.87,7.07,7.39
06/03/2026 16:24,29.7,7.92,3.57
06/03/2026 16:27,29.49,7.62,6.95
06/03/2026 16:30,29.2,7.16,5.31
06/03/2026 16:33,29.34,7.34,7.59
06/03/2026 16:36,30.99,7.95,5.75
06/03/2026 16:39,28.28,9.1,7.26
06/03/2026 16:42,30.9,7.77,6.9
06/03/2026 16:45,28.76,7.23,5.22
06/03/2026 16:48,30.39,7.74,7.6
06/03/2026 16:51,28.69,8.17,7.73
06/03/2026 16:54,33.47,8.23,6.54
06/03/2026 16:57,29.17,8.49,5.53
06/03/2026 17:00,30.14,7.42,5.73
06/03/2026 17:03,30.77,7.46,7.55
06/03/2026 17:06,29.31,7.91,6.18
06/03/2026 17:09,29.83,8.57,7
06/03/2026 17:12,29.04,7.21,5.27
06/03/2026 17:15,28.63,7.72,7.75
06/03/2026 17:18,30.82,7.42,5.52
06/03/2026 17:21,30.82,7.82,6.24
06/03/2026 17:24,30.93,8.22,7
06/03/2026 17:27,30.93,8.02,7.01
06/03/2026 17:30,30.71,8.17,6.5
06/03/2026 17:33,29.68,7.73,9.26
06/03/2026 17:36,28.93,8.14,6.02
06/03/2026 17:39,29.17,8.14,5.44
06/03/2026 17:42,28.88,7.76,5.18
06/03/2026 17:45,28.95,7.52,7.48
06/03/2026 17:48,30.3,6.68,7.69
06/03/2026 17:51,30.82,7.58,5.32
06/03/2026 17:54,29.71,7.71,6.74
06/03/2026 17:57,30.14,8.04,6.14
06/03/2026 18:00,28.82,7.9,5.9
06/03/2026 18:03,30.69,8.13,6.72
06/03/2026 18:06,29.59,8.48,7.33
06/03/2026 18:09,27.24,7.88,6.95
06/03/2026 18:12,29.99,8.46,7.34
06/03/2026 18:15,30.59,8.29,7.27
06/03/2026 18:18,28.95,8.14,7.17
06/03/2026 18:21,28.56,8.22,6.72
06/03/2026 18:24,31.51,7.12,7.16
06/03/2026 18:27,29.67,7.34,7.6
06/03/2026 18:30,30.45,8.14,6.1
06/03/2026 18:33,30.57,7.9,4.89
06/03/2026 18:36,28.15,7.3,6.84
06/03/2026 18:39,26.19,8.13,5.16
06/03/2026 18:42,30.38,7.65,5.28
06/03/2026 18:45,28.83,7.45,6.32
06/03/2026 18:48,28.32,8.44,7.09
06/03/2026 18:51,28.89,8.01,7.69
06/03/2026 18:54,28.37,7.26,4.3
06/03/2026 18:57,29.12,7.33,5.34
06/03/2026 19:00,29.45,8.14,7.1
06/03/2026 19:03,30.77,8.65,7.09
06/03/2026 19:06,30.62,7.03,7.69
06/03/2026 19:09,30.26,8.23,6.78
06/03/2026 19:12,28.29,7.02,6.98
06/03/2026 19:15,27.3,7.65,5.12
06/03/2026 19:18,29.35,8.29,5.91
06/03/2026 19:21,28.99,7.65,7.05
06/03/2026 19:24,32.73,8.54,7.06
06/03/2026 19:27,30.93,7.65,6.1
06/03/2026 19:30,25.54,7.67,6.19
06/03/2026 19:33,30.74,7.43,6.05
06/03/2026 19:36,30.74,8.1,6.88
06/03/2026 19:39,30.52,7.39,7.84
06/03/2026 19:42,32.01,8.15,7.25
06/03/2026 19:45,30.25,8.38,4.15
06/03/2026 19:48,30.13,7.1,6.15
06/03/2026 19:51,29.58,7.02,6.77
06/03/2026 19:54,29.75,8.12,8.5
06/03/2026 19:57,32.41,8.14,3.72
06/03/2026 20:00,29.44,7.35,6.37
06/03/2026 20:03,29.52,6.96,7.94
06/03/2026 20:06,28.48,7.49,4.18
06/03/2026 20:09,31.44,7.32,7.31
06/03/2026 20:12,28.73,7.24,5.25
06/03/2026 20:15,28.7,7.46,6.94
06/03/2026 20:18,29.02,6.59,7.41
06/03/2026 20:21,29.4,7.11,6.87
06/03/2026 20:24,29.33,7.64,7.41
06/03/2026 20:27,30.75,8.15,7.96
06/03/2026 20:30,28.49,8.05,7.29
06/03/2026 20:33,29.3,7.5,3.94
06/03/2026 20:36,28.75,7.52,6.27
06/03/2026 20:39,30.91,8.36,7.58
06/03/2026 20:42,29.52,8.92,7.2
06/03/2026 20:45,29.79,8,7.93
06/03/2026 20:48,30.88,7.47,7.19
06/03/2026 20:51,30.06,7.49,6.35
06/03/2026 20:54,29.54,7.14,5.87
06/03/2026 20:57,26.15,7.59,5.92
06/03/2026 21:00,29.09,6.3,7.55
06/03/2026 21:03,30.32,7.19,6.06
06/03/2026 21:06,26.87,7.2,7.56
06/03/2026 21:09,29.23,7.15,5.55
06/03/2026 21:12,30.27,7.24,5.39
06/03/2026 21:15,28.6,7.5,8.04
06/03/2026 21:18,28.07,7.2,6
06/03/2026 21:21,28.94,7.64,7.93
06/03/2026 21:24,30.16,7.78,5.82
06/03/2026 21:27,30.98,7.89,7.46
06/03/2026 21:30,28.61,6.72,6.08
06/03/2026 21:33,30.44,7.08,5.01
06/03/2026 21:36,29.81,7.12,7.38
06/03/2026 21:39,29.42,7.64,7.18
06/03/2026 21:42,30.75,7.15,5.98
06/03/2026 21:45,29.65,7.1,7.78
06/03/2026 21:48,29.66,8.5,6.81
06/03/2026 21:51,26.75,7.46,5.96
06/03/2026 21:54,28.11,7.24,6.72
06/03/2026 21:57,29.87,8.12,5.62
06/03/2026 22:00,30.33,7.68,7.59
06/03/2026 22:03,29.75,8.44,5.66
06/03/2026 22:06,30.42,7.23,7.94
06/03/2026 22:09,29.77,7.27,3.88
06/03/2026 22:12,30.1,8.35,7.07
06/03/2026 22:15,28.85,8.47,7.39
06/03/2026 22:18,28.46,8.82,6.12
06/03/2026 22:21,29.7,8.43,9.57
06/03/2026 22:24,30.2,8.45,5.79
06/03/2026 22:27,29.64,6.41,6.75
06/03/2026 22:30,28.53,7.01,6.75
06/03/2026 22:33,30.42,8.13,6.76
06/03/2026 22:36,28.53,7.1,7.29
06/03/2026 22:39,29.25,7.63,5.02
06/03/2026 22:42,30.58,6.94,6.92
06/03/2026 22:45,28.61,7.69,6.25
06/03/2026 22:48,28.91,7.42,5.26
06/03/2026 22:51,30.87,7.99,5.45
06/03/2026 22:54,29.49,7.34,5.7
06/03/2026 22:57,28.79,7.79,7.19
06/03/2026 23:00,28.02,7.52,7.13
06/03/2026 23:03,29.52,7.92,9.43
06/03/2026 23:06,30.6,7.84,5.35
06/03/2026 23:09,28.77,7.21,6.04
06/03/2026 23:12,29.82,6.71,5.73
06/03/2026 23:15,28.14,6.74,6.89
06/03/2026 23:18,25.89,7.86,5.2
06/03/2026 23:21,28.01,8.91,5.01
06/03/2026 23:24,29.66,7.24,6.6
06/03/2026 23:27,33.54,7.62,6.22
06/03/2026 23:30,28.33,7.93,7.58
06/03/2026 23:33,32.26,8.19,6.85
06/03/2026 23:36,30.93,8.16,7.69
06/03/2026 23:39,27.98,8.35,7.44
06/03/2026 23:42,29.93,9.04,7.31
06/03/2026 23:45,29.48,8.03,5.39
06/03/2026 23:48,29.32,7.46,7.91
06/03/2026 23:51,28.3,6.73,9.16
06/03/2026 23:54,26.17,7.64,7.1
06/03/2026 23:57,30.16,7.64,5.21
07/03/2026 0:00,30.9,7.56,6.9
07/03/2026 0:03,29.67,7.67,7.15
07/03/2026 0:06,29.7,8.14,7.39
07/03/2026 0:09,28.6,7.79,7.64
07/03/2026 0:12,28.6,8.5,6.01
07/03/2026 0:15,26.92,8.3,6.27
07/03/2026 0:18,28.06,7.85,7.06
07/03/2026 0:21,30.13,7.31,5.48
07/03/2026 0:24,30.35,7.58,6.19
07/03/2026 0:27,25.5,6.89,6.68
07/03/2026 0:30,29.82,7.21,5.92
07/03/2026 0:33,28.27,7.33,6.09
07/03/2026 0:36,28.28,8.17,5.63
07/03/2026 0:39,29.01,8.39,7.87
07/03/2026 0:42,30.02,6.42,7.85
07/03/2026 0:45,31.08,8.07,7.25
07/03/2026 0:48,25.52,7.16,7
07/03/2026 0:51,25.04,7.8,6.8
07/03/2026 0:54,30.43,8.31,7.44
07/03/2026 0:57,29.94,7.28,5.09
07/03/2026 1:00,28.26,7.37,5.3
07/03/2026 1:03,29.25,8.39,5.55
07/03/2026 1:06,28.34,8.22,6.19
07/03/2026 1:09,29.15,8.23,6.9
07/03/2026 1:12,32.84,6.58,5.1
07/03/2026 1:15,30.7,7.78,6.01
07/03/2026 1:18,30.49,7.9,7.09
07/03/2026 1:21,25.71,8.32,4.62
07/03/2026 1:24,29.9,8.07,5.89
07/03/2026 1:27,28.63,6.6,7.76
07/03/2026 1:30,28.31,6.52,5.68
07/03/2026 1:33,30.55,7.58,3.55
07/03/2026 1:36,29.51,7.82,6.51
07/03/2026 1:39,28.25,8.36,6.89
07/03/2026 1:42,30.63,6.3,6.79
07/03/2026 1:45,29.63,8.06,5.9
07/03/2026 1:48,30.81,7.79,7.15
07/03/2026 1:51,28.11,7.19,5.44
07/03/2026 1:54,28.7,8.72,7.72
07/03/2026 1:57,29,7.18,7.7
07/03/2026 2:00,28.35,7.08,5.91
07/03/2026 2:03,28.54,7.14,6.66
07/03/2026 2:06,29.65,7.55,5.01
07/03/2026 2:09,28.94,7.68,7.66
07/03/2026 2:12,29.4,7.14,6.02
07/03/2026 2:15,31.77,7.35,5.18
07/03/2026 2:18,28.36,7.68,6.74
07/03/2026 2:21,30.9,8.29,6.35
07/03/2026 2:24,29.55,8.11,4.23
07/03/2026 2:27,28.99,8.44,5.84
07/03/2026 2:30,29.52,7.85,7.76
07/03/2026 2:33,30.03,7.46,5.07
07/03/2026 2:36,29.32,8.17,8.95
07/03/2026 2:39,29.61,6.49,6.79
07/03/2026 2:42,29.52,8.04,7.53
07/03/2026 2:45,29.98,8.06,6.78
07/03/2026 2:48,28.84,7.83,7.98
07/03/2026 2:51,30.3,7.15,8.49
07/03/2026 2:54,29.31,7.36,5.85
07/03/2026 2:57,30.56,8.44,5.1
07/03/2026 3:00,33.28,7.24,4.27
07/03/2026 3:03,29.08,7.68,7.56
07/03/2026 3:06,28.6,7.13,7.48
07/03/2026 3:09,28.82,7.83,5.9
07/03/2026 3:12,28.25,7.7,7.2
07/03/2026 3:15,29.96,7.41,5.89
07/03/2026 3:18,28.72,7.67,5.38
07/03/2026 3:21,29.2,7.34,6.31
07/03/2026 3:24,28.88,7.35,7.7
07/03/2026 3:27,28.78,8.46,7.92
07/03/2026 3:30,30.76,8.2,7.38
07/03/2026 3:33,30.93,7.34,7.41
07/03/2026 3:36,30.28,7.08,7.39
07/03/2026 3:39,30.75,7.24,6.67
07/03/2026 3:42,28.67,7.04,4.32
07/03/2026 3:45,28.03,7.28,7.3
07/03/2026 3:48,29,7.46,6.93
07/03/2026 3:51,28.56,8.13,5.92
07/03/2026 3:54,28.47,7.86,5.37
07/03/2026 3:57,30.96,7.13,6.66
07/03/2026 4:00,28.55,8.39,6.07
07/03/2026 4:03,29.08,8.09,7.28
07/03/2026 4:06,28.1,7.77,5.38
07/03/2026 4:09,30.1,7.86,7.37
07/03/2026 4:12,29.46,7.94,6.36
07/03/2026 4:15,28.38,7.91,7.85
07/03/2026 4:18,28.81,8.29,6.19
07/03/2026 4:21,31.04,8.06,5.46
07/03/2026 4:24,28.16,8.04,7.62
07/03/2026 4:27,32.25,7.99,7.74
07/03/2026 4:30,30.93,8.08,7.72
07/03/2026 4:33,28.92,7.32,7.94
07/03/2026 4:36,28.19,6.73,8.15
07/03/2026 4:39,30.61,8.13,7.1
07/03/2026 4:42,29.64,7.66,5.19
07/03/2026 4:45,29.71,8.75,6.38
07/03/2026 4:48,29.15,8.07,5.56
07/03/2026 4:51,29.98,8.49,6.18
07/03/2026 4:54,28.91,8.34,6.01
07/03/2026 4:57,29.78,8.35,5.45
07/03/2026 5:00,28.74,7.76,5.4
07/03/2026 5:03,25.6,7.18,7.89
07/03/2026 5:06,27.39,7.13,7.81
07/03/2026 5:09,29.28,8.45,5.75
07/03/2026 5:12,28.72,7.88,5.01
07/03/2026 5:15,30.76,7.8,7.28
07/03/2026 5:18,29.46,8,6.3
07/03/2026 5:21,29.8,7.67,7.02
07/03/2026 5:24,29.81,7.86,5.94
07/03/2026 5:27,30.64,8.15,7.55
07/03/2026 5:30,29.51,8,6.1
07/03/2026 5:33,30.87,7.3,5.12
07/03/2026 5:36,30.41,8.11,6.05
07/03/2026 5:39,30.67,8.24,7.7
07/03/2026 5:42,29.76,7.69,5.04
07/03/2026 5:45,28.9,7.64,5.81
07/03/2026 5:48,28.51,7.72,7.9
07/03/2026 5:51,30.03,7.33,7.15
07/03/2026 5:54,28.14,7.92,6.6
07/03/2026 5:57,29.75,8.42,7.95
07/03/2026 6:00,29.29,7.69,9.78
07/03/2026 6:03,28.58,7.83,7.94
07/03/2026 6:06,25.53,7.37,6.32
07/03/2026 6:09,30.62,7.79,4.65
07/03/2026 6:12,26.11,7.11,7.46
07/03/2026 6:15,32.92,6.59,6.71
07/03/2026 6:18,28.83,7.75,6.6
07/03/2026 6:21,28.34,7.21,5.18
07/03/2026 6:24,28.82,7.15,6.6
07/03/2026 6:27,29.36,7.7,7.19
07/03/2026 6:30,29.69,8.48,8.59
07/03/2026 6:33,27.78,7.64,5.55
07/03/2026 6:36,30.85,7.09,7.42
07/03/2026 6:39,29.07,7.08,6.39
07/03/2026 6:42,30.46,8.26,6.49
07/03/2026 6:45,30.35,8.15,7.14
07/03/2026 6:48,28.95,8.15,6.95
07/03/2026 6:51,29.97,7.08,7.69
07/03/2026 6:54,30.03,8.45,6.78
07/03/2026 6:57,31.97,7.37,5.66
07/03/2026 7:00,28.59,7.77,6.06
07/03/2026 7:03,30.8,7.15,7.78
07/03/2026 7:06,28.19,7.06,6.94
07/03/2026 7:09,28.19,8.19,7.11
07/03/2026 7:12,29.66,7.19,8.18
07/03/2026 7:15,28.94,8.09,6.08
07/03/2026 7:18,29.66,7.03,5.19
07/03/2026 7:21,28.89,7.06,7.79
07/03/2026 7:24,30.66,7.81,6.85
07/03/2026 7:27,29.36,8.26,7.11
07/03/2026 7:30,28.34,8.37,7.92
07/03/2026 7:33,28.82,8.49,7
07/03/2026 7:36,28.48,7.06,6.28
07/03/2026 7:39,30.97,8.34,6.45
07/03/2026 7:42,30.29,8.46,5.23
07/03/2026 7:45,28.72,6.88,5.32
07/03/2026 7:48,28.62,8.46,6.32
07/03/2026 7:51,30.13,8.28,5.82
07/03/2026 7:54,30.35,8.03,5.95
07/03/2026 7:57,32.12,7.29,5.81
07/03/2026 8:00,29.49,7.99,5.93
07/03/2026 8:03,30.77,7.87,6.29
07/03/2026 8:06,29.3,8.46,7.78
07/03/2026 8:09,29.79,8.15,5.82
07/03/2026 8:12,28.19,8.14,6.6
07/03/2026 8:15,29.62,7.52,6.38
07/03/2026 8:18,26.15,7.29,6.11
07/03/2026 8:21,28.69,6.81,4.31
07/03/2026 8:24,28.37,8.03,7.58
07/03/2026 8:27,29.09,8.18,5.26
07/03/2026 8:30,29.79,8.4,5.32
07/03/2026 8:33,30.54,8.32,7.09
07/03/2026 8:36,29,7.26,6.63
07/03/2026 8:39,29.55,8.89,5.01
07/03/2026 8:42,30,7.42,5.78
07/03/2026 8:45,28.03,7.2,7.53
07/03/2026 8:48,29.69,7.52,5.01
07/03/2026 8:51,29.81,7.39,5.37
07/03/2026 8:54,28.36,8.12,7.11
07/03/2026 8:57,29.34,7,5.97
07/03/2026 9:00,29.32,7.18,6.13
07/03/2026 9:03,30.24,7.44,5.08
07/03/2026 9:06,28.95,8.39,6.24
07/03/2026 9:09,29.09,7.48,6.98
07/03/2026 9:12,28.18,6.98,7.59
07/03/2026 9:15,28.74,7.8,9.56
07/03/2026 9:18,29.96,8.15,5.48
07/03/2026 9:21,28.95,6.71,5.08
07/03/2026 9:24,29.78,7.62,6.24
07/03/2026 9:27,29.08,8.74,7.81
07/03/2026 9:30,29.77,8.04,6.53
07/03/2026 9:33,29.95,8.27,6.93
07/03/2026 9:36,29.22,7.9,5.26
07/03/2026 9:39,30.66,7.22,5.31
07/03/2026 9:42,28.02,8.38,7.13
07/03/2026 9:45,28.39,7.72,7.55
07/03/2026 9:48,29.66,7.71,7.48
07/03/2026 9:51,28.48,7.61,5.3
07/03/2026 9:54,28.89,7.3,6.58
07/03/2026 9:57,28.72,7.47,7.71
07/03/2026 10:00,29.58,7.19,7.93
07/03/2026 10:03,28.74,7.58,9.27
07/03/2026 10:06,29.36,8.95,6.96
07/03/2026 10:09,29.9,8.61,7.01
07/03/2026 10:12,28.74,7.55,9.72
07/03/2026 10:15,28.54,7.77,7.77
07/03/2026 10:18,31.47,7.52,5.53
07/03/2026 10:21,30.97,7.86,6.11
07/03/2026 10:24,28.55,8.36,5.58
07/03/2026 10:27,29,8.25,7.02
07/03/2026 10:30,29.2,8.35,5.69
07/03/2026 10:33,30.58,7.81,5.47
07/03/2026 10:36,28.83,7.17,4.47
07/03/2026 10:39,28.66,8.15,6.43
07/03/2026 10:42,28.38,7.77,7.44
07/03/2026 10:45,30.28,7.85,6.17
07/03/2026 10:48,27.62,7.04,6.53
07/03/2026 10:51,29.7,7.93,8.9
07/03/2026 10:54,28.28,7.21,3.83
07/03/2026 10:57,29.36,8.01,7.63
07/03/2026 11:00,30.97,7.33,7.32
07/03/2026 11:03,30.77,7.07,5.09
07/03/2026 11:06,29.69,7.25,7.23
07/03/2026 11:09,28.71,7.72,5.93
07/03/2026 11:12,29.77,7.52,5.17
07/03/2026 11:15,29.54,7.91,6.98
07/03/2026 11:18,30.91,7.53,7.56
07/03/2026 11:21,28.05,8.17,5.05
07/03/2026 11:24,25.37,8.13,6.24
07/03/2026 11:27,28.93,7.8,6.32
07/03/2026 11:30,33.66,8.08,6.4
07/03/2026 11:33,29.21,7.78,4.34
07/03/2026 11:36,30.19,7.06,7.18
07/03/2026 11:39,30.25,7.13,4.16
07/03/2026 11:42,30.2,7.35,5.64
07/03/2026 11:45,29.71,8.37,6.69
07/03/2026 11:48,29.66,7.89,6.16
07/03/2026 11:51,28.87,7.62,6.48
07/03/2026 11:54,30.61,8.4,7.38
07/03/2026 11:57,29.28,7.1,6.85
07/03/2026 12:00,29.07,7.71,7.75
07/03/2026 12:03,30.39,7.32,7.56
07/03/2026 12:06,30.17,7.03,6.8
07/03/2026 12:09,28.96,7.06,3.69
07/03/2026 12:12,28.07,7.95,3.69
07/03/2026 12:15,28.03,6.91,6.88
07/03/2026 12:18,30.55,7.85,5.59
07/03/2026 12:21,28.45,8.33,7.41
07/03/2026 12:24,29.81,7.69,7.29
07/03/2026 12:27,29.77,8.27,5.86
07/03/2026 12:30,28.68,8.2,5.31
07/03/2026 12:33,29.34,7.7,6.07
07/03/2026 12:36,29.26,7.83,5.6
07/03/2026 12:39,29.51,7.52,7.67
07/03/2026 12:42,30.57,8.16,7.24
07/03/2026 12:45,30.75,7.89,6.4
07/03/2026 12:48,28.26,6.5,5.42
07/03/2026 12:51,29.29,8,5.24
07/03/2026 12:54,28.88,7.98,7.45
07/03/2026 12:57,30.36,7.47,5.66
07/03/2026 13:00,29.04,8.25,7.47
07/03/2026 13:03,29.46,8.08,6.37
07/03/2026 13:06,30.12,7.27,5.36
07/03/2026 13:09,29.91,7.94,7.96
07/03/2026 13:12,30.23,8.08,7.15
07/03/2026 13:15,29.29,7.4,5.33
07/03/2026 13:18,29.62,7.13,5.42
07/03/2026 13:21,28.82,7.01,6
07/03/2026 13:24,26.58,6.34,7.63
07/03/2026 13:27,30.33,8.11,6.22
07/03/2026 13:30,30.6,8.23,5.24
07/03/2026 13:33,28.91,8.09,7.01
07/03/2026 13:36,29.49,7.17,5.86
07/03/2026 13:39,28.31,7.96,5.99
07/03/2026 13:42,28.34,7.81,7.03
07/03/2026 13:45,28.43,8.26,5.93
07/03/2026 13:48,29.89,7.51,9.48
07/03/2026 13:51,30.36,7.01,5.11
07/03/2026 13:54,28.39,7.42,5.22
07/03/2026 13:57,30.99,8.29,5.14
07/03/2026 14:00,29.06,8.12,7.09
07/03/2026 14:03,30.68,7.77,6.73
07/03/2026 14:06,31,8.3,6.83
07/03/2026 14:09,30.52,7.29,5.41
07/03/2026 14:12,29.14,7.72,5.35
07/03/2026 14:15,28.07,7.06,4.16
07/03/2026 14:18,31.49,7.81,6.25
07/03/2026 14:21,29.52,8.36,7.57
07/03/2026 14:24,29.46,7.32,5.06
07/03/2026 14:27,28.01,7.68,6.6
07/03/2026 14:30,30.61,7.5,7.51
07/03/2026 14:33,28.44,8.26,3.76
07/03/2026 14:36,29.88,8.04,7.45
07/03/2026 14:39,28.79,7.72,6.06
07/03/2026 14:42,29.24,7.21,7.18
07/03/2026 14:45,29.41,6.54,7.37
07/03/2026 14:48,29.76,7.82,6.3
07/03/2026 14:51,29.56,7.55,7.79
07/03/2026 14:54,29.09,7.48,7.57
07/03/2026 14:57,28.12,7.38,9.56
07/03/2026 15:00,28.38,7.34,6.41
07/03/2026 15:03,29.87,7.93,5.31
07/03/2026 15:06,29.82,7.78,7.65
07/03/2026 15:09,30,7.45,6.38
07/03/2026 15:12,28.24,8.31,8.32
07/03/2026 15:15,28.75,7.33,5.7
07/03/2026 15:18,33.83,7.78,5.16
07/03/2026 15:21,28.7,8.53,6.48
07/03/2026 15:24,30.44,8.26,8.95
07/03/2026 15:27,30.28,7.87,6.16
07/03/2026 15:30,30.25,8.47,6.17
07/03/2026 15:33,30.92,8.49,7.95
07/03/2026 15:36,30.75,8.65,7.22
07/03/2026 15:39,29.93,7.11,7.66
07/03/2026 15:42,29.53,7.34,6.31
07/03/2026 15:45,30.45,7.5,5.73
07/03/2026 15:48,29.65,7.57,5.1
07/03/2026 15:51,30.3,6.84,7.9
07/03/2026 15:54,28.54,8.5,7.88
07/03/2026 15:57,29.54,7.4,4
07/03/2026 16:00,33.84,7.38,7.19
07/03/2026 16:03,29.45,8.23,5.04
07/03/2026 16:06,29.45,8.7,6.88
07/03/2026 16:09,29.56,6.67,5.2
07/03/2026 16:12,29.84,8.06,4.38
07/03/2026 16:15,29.82,7.76,7.46
07/03/2026 16:18,30.86,8.37,7.52
07/03/2026 16:21,28.66,7.1,6.98
07/03/2026 16:24,28.43,8.13,5.16
07/03/2026 16:27,30.19,7.77,5.12
07/03/2026 16:30,28.73,7.1,6.08
07/03/2026 16:33,28.84,8.2,7.55
07/03/2026 16:36,28.54,8.37,7.41
07/03/2026 16:39,29.43,8.54,5.27
07/03/2026 16:42,27.33,7.1,7.15
07/03/2026 16:45,29.23,8,6.2
07/03/2026 16:48,30.93,7.17,7.73
07/03/2026 16:51,31.63,7.19,6.16
07/03/2026 16:54,30.03,7.8,5.17
07/03/2026 16:57,29.75,7.02,6.55
07/03/2026 17:00,27.22,7.13,5.26
07/03/2026 17:03,29.73,8.05,6.03
07/03/2026 17:06,28.86,9,7.52
07/03/2026 17:09,30.66,7.56,7.73
07/03/2026 17:12,28.35,8.42,5.95
07/03/2026 17:15,30.21,8.01,4.67
07/03/2026 17:18,28.37,7.84,7.99
07/03/2026 17:21,29.5,7.32,6.31
07/03/2026 17:24,28.65,7.2,5.21
07/03/2026 17:27,29.66,7.94,5.87
07/03/2026 17:30,28.59,7.77,5.72
07/03/2026 17:33,29.51,8.38,6.95
07/03/2026 17:36,28.09,7.44,6.57
07/03/2026 17:39,28.74,7.94,5.6
07/03/2026 17:42,30.21,7.72,5.53
07/03/2026 17:45,31.77,7.26,7.58
07/03/2026 17:48,29.56,8.48,5.65
07/03/2026 17:51,29.49,7.56,7.02
07/03/2026 17:54,26.98,7.36,5.31
07/03/2026 17:57,33.04,7.41,5.65
07/03/2026 18:00,29.91,7.93,7.75
07/03/2026 18:03,29.58,7.67,5.32
07/03/2026 18:06,28.79,8.2,6.08
07/03/2026 18:09,30.67,6.58,6.71
07/03/2026 18:12,28.94,7.43,5.08
07/03/2026 18:15,28.05,7.7,7.12
07/03/2026 18:18,28.57,8.1,6.71
07/03/2026 18:21,29.23,7.11,7.14
07/03/2026 18:24,28.03,7.95,5.9
07/03/2026 18:27,29.64,7.26,6.51
07/03/2026 18:30,30.86,8.26,5.03
07/03/2026 18:33,29.68,7.54,7.06
07/03/2026 18:36,28.62,7.84,5.31
07/03/2026 18:39,28.19,7.63,6.12
07/03/2026 18:42,29.62,8.46,5.13
07/03/2026 18:45,30.06,7.8,7.08
07/03/2026 18:48,29.92,7.08,6.91
07/03/2026 18:51,29.7,7.88,6.37
07/03/2026 18:54,29.1,7.82,6.9
07/03/2026 18:57,32.03,7.84,5.51
07/03/2026 19:00,29.17,7.7,7.83
07/03/2026 19:03,30.59,8.15,7.5
07/03/2026 19:06,28.15,7.13,4.18
07/03/2026 19:09,28.9,7.73,7.14
07/03/2026 19:12,28.86,8.01,9.72
07/03/2026 19:15,30.94,8.07,5.39
07/03/2026 19:18,29.51,8.64,5.18
07/03/2026 19:21,28.54,7.23,6.09
07/03/2026 19:24,31.4,7.97,6.69
07/03/2026 19:27,30.54,7.49,5.2
07/03/2026 19:30,29.12,8.2,6.58
07/03/2026 19:33,32.48,7.29,6.24
07/03/2026 19:36,29.16,8.48,6.42
07/03/2026 19:39,29.01,9.09,5.19
07/03/2026 19:42,28.45,8.12,7.39
07/03/2026 19:45,29.34,7.38,6.34
07/03/2026 19:48,29.65,8.78,6.42
07/03/2026 19:51,29.36,7.96,7.87
07/03/2026 19:54,29.14,7.29,7.22
07/03/2026 19:57,28.69,7.69,6.31
07/03/2026 20:00,30.58,7.52,7.51
07/03/2026 20:03,30.59,7.96,4.35
07/03/2026 20:06,29.69,9.05,3.59
07/03/2026 20:09,30.13,6.93,7.2
07/03/2026 20:12,30.73,8.25,6.49
07/03/2026 20:15,28.48,7.31,5.13
07/03/2026 20:18,28.38,7.65,6.41
07/03/2026 20:21,28.6,7.57,7.99
07/03/2026 20:24,31.02,8.32,9.04
07/03/2026 20:27,29.77,7.75,6.44
07/03/2026 20:30,28.22,7.41,9.36
07/03/2026 20:33,30.2,8.5,5.42
07/03/2026 20:36,28.15,7.6,6.8
07/03/2026 20:39,28.08,7.32,7.39
07/03/2026 20:42,30.9,8.25,6.35
07/03/2026 20:45,29.06,7.63,5.95
07/03/2026 20:48,29.68,6.72,7.79
07/03/2026 20:51,29.45,7.82,3.51
07/03/2026 20:54,29.94,7.24,6.78
07/03/2026 20:57,26.7,8.71,5.07
07/03/2026 21:00,30.83,7.56,5.85
07/03/2026 21:03,29.67,7.91,6.84
07/03/2026 21:06,28.97,7.27,5.89
07/03/2026 21:09,25.66,7.93,4.13
07/03/2026 21:12,28.12,8.28,5.21
07/03/2026 21:15,31.74,7.57,5.27
07/03/2026 21:18,29.93,7.32,7.04
07/03/2026 21:21,29.26,7.07,6.72
07/03/2026 21:24,30.87,7.23,7.28
07/03/2026 21:27,29.76,8.19,5.02
07/03/2026 21:30,29.9,7.42,7.37
07/03/2026 21:33,25.72,6.64,6.2
07/03/2026 21:36,29.92,7.14,5.27
07/03/2026 21:39,29.63,8.16,6.56
07/03/2026 21:42,29.16,8.16,6.68
07/03/2026 21:45,29.38,7.6,7.86
07/03/2026 21:48,30.05,8.85,7.82
07/03/2026 21:51,28.72,8.84,7.33
07/03/2026 21:54,28.55,7.48,6.14
07/03/2026 21:57,30.7,7.04,4.7
07/03/2026 22:00,30.05,7.72,6.95
07/03/2026 22:03,25.03,7.07,9.83
07/03/2026 22:06,30.61,8.49,7.14
07/03/2026 22:09,29.1,7.42,6.8
07/03/2026 22:12,29.73,8.31,5.53
07/03/2026 22:15,29.81,8.18,6.34
07/03/2026 22:18,30.68,7.52,8.61
07/03/2026 22:21,30.63,8.28,6.16
07/03/2026 22:24,28.78,7.79,9.87
07/03/2026 22:27,30.91,8.34,7.46
07/03/2026 22:30,29.12,8.19,5.65
07/03/2026 22:33,29.83,7.33,6.26
07/03/2026 22:36,30.98,8.38,7.5
07/03/2026 22:39,29.22,7.52,6.83
07/03/2026 22:42,29.93,8.06,6.94
07/03/2026 22:45,30.96,7.41,6.76
07/03/2026 22:48,29.89,7.53,7.19
07/03/2026 22:51,29.97,7.03,7.77
07/03/2026 22:54,30.36,8.77,4.44
07/03/2026 22:57,30.36,7.8,7.74
07/03/2026 23:00,26.34,7.39,7.53
07/03/2026 23:03,30.84,7.14,5.14
07/03/2026 23:06,29.95,7.04,6.35
07/03/2026 23:09,28.75,7.42,7.07
07/03/2026 23:12,28.18,8.02,6.22
07/03/2026 23:15,28.24,8.23,7.47
07/03/2026 23:18,30.89,7.87,6.01
07/03/2026 23:21,30.47,7.32,5.71
07/03/2026 23:24,29.78,7,6.62
07/03/2026 23:27,30.7,7.86,5.43
07/03/2026 23:30,25.8,7.62,6.2
07/03/2026 23:33,30.61,7.67,6.23
07/03/2026 23:36,29.08,8.27,5.73
07/03/2026 23:39,30.43,7.08,5.13
07/03/2026 23:42,28.6,6.85,6.71
07/03/2026 23:45,25.72,7.24,5.92
07/03/2026 23:48,30.95,7.93,6.84
07/03/2026 23:51,28.95,7,7.26
07/03/2026 23:54,28.84,7.73,5.96
07/03/2026 23:57,28.55,7.18,6.21
08/03/2026 0:00,26.92,8.09,9.77
08/03/2026 0:03,29.67,7.2,7.65
08/03/2026 0:06,30.7,8.22,5.82
08/03/2026 0:09,29.66,7.86,5.01
08/03/2026 0:12,28.12,8.34,5.8
08/03/2026 0:15,28.16,7.2,6.17
08/03/2026 0:18,29.55,7.38,5.52
08/03/2026 0:21,30.67,7.83,7.38
08/03/2026 0:24,29.75,7.32,7.92
08/03/2026 0:27,30.24,7.71,6.64
08/03/2026 0:30,30.51,7.37,7.39
08/03/2026 0:33,28.39,7.62,5.22
08/03/2026 0:36,29.29,8.01,4.58
08/03/2026 0:39,28.01,7.75,7.48
08/03/2026 0:42,29.26,8.36,6.71
08/03/2026 0:45,30.58,8,5.48
08/03/2026 0:48,30.36,7.47,6.81
08/03/2026 0:51,29,8.13,7.57
08/03/2026 0:54,30.14,7.43,6.3
08/03/2026 0:57,30.14,8.46,5.32
08/03/2026 1:00,29.47,6.38,7.4
08/03/2026 1:03,28.31,7.13,6.98
08/03/2026 1:06,30.78,7.65,5.7
08/03/2026 1:09,29.72,7.42,7.09
08/03/2026 1:12,28.54,7.97,7.37
08/03/2026 1:15,30.02,6.42,7.11
08/03/2026 1:18,30.31,8.26,7.29
08/03/2026 1:21,28.33,8.45,6.64
08/03/2026 1:24,29.27,6.58,4.7
08/03/2026 1:27,30.85,7.64,7.68
08/03/2026 1:30,29.76,7.93,6.63
08/03/2026 1:33,32.86,8.39,5.86
08/03/2026 1:36,30.35,7.81,5.83
08/03/2026 1:39,28.45,7.19,5.31
08/03/2026 1:42,33.93,8.18,6.24
08/03/2026 1:45,28.8,8.49,5.37
08/03/2026 1:48,31.18,7,9.43
08/03/2026 1:51,31.27,7.86,6.68
08/03/2026 1:54,30.89,8.87,7.99
08/03/2026 1:57,28.24,8.21,7.5
08/03/2026 2:00,30.68,8.01,6.03
08/03/2026 2:03,28.19,8.27,5.45
08/03/2026 2:06,29.78,8.02,6.63
08/03/2026 2:09,28.04,7.44,6.81
08/03/2026 2:12,25.47,7.72,3.6
08/03/2026 2:15,30.71,8.34,6.6
08/03/2026 2:18,29.6,8.74,7.59
08/03/2026 2:21,29.61,7.25,5.63
08/03/2026 2:24,29.17,7.13,7.94
08/03/2026 2:27,30.09,6.56,6.71
08/03/2026 2:30,30,7.38,7.63
08/03/2026 2:33,29.81,8.08,6.52
08/03/2026 2:36,29.38,7.08,6.98
08/03/2026 2:39,28.57,8.17,5.89
08/03/2026 2:42,29.74,8.45,7.26
08/03/2026 2:45,30.82,7.36,6.03
08/03/2026 2:48,28.9,8.58,5.3
08/03/2026 2:51,32.39,8.25,5.83
08/03/2026 2:54,29.38,7.85,8.92
08/03/2026 2:57,28.17,7.39,6.85
08/03/2026 3:00,28.26,8.09,7.78
08/03/2026 3:03,25.71,7.44,6.36
08/03/2026 3:06,28.6,8.3,5.84
08/03/2026 3:09,29.89,7.68,7.39
08/03/2026 3:12,28.82,7.99,5.79
08/03/2026 3:15,30.85,8.19,7.47
08/03/2026 3:18,29.25,7.31,7.06
08/03/2026 3:21,29.87,7.07,7.39
08/03/2026 3:24,29.7,7.92,3.57
08/03/2026 3:27,29.49,7.62,6.95
08/03/2026 3:30,29.2,7.16,5.31
08/03/2026 3:33,29.34,7.34,7.59
08/03/2026 3:36,30.99,7.95,5.75
08/03/2026 3:39,28.28,9.1,7.26
08/03/2026 3:42,30.9,7.77,6.9
08/03/2026 3:45,28.76,7.23,5.22
08/03/2026 3:48,30.39,7.74,7.6
08/03/2026 3:51,28.69,8.17,7.73
08/03/2026 3:54,33.47,8.23,6.54
08/03/2026 3:57,29.17,8.49,5.53
08/03/2026 4:00,30.14,7.42,5.73
08/03/2026 4:03,30.77,7.46,7.55
08/03/2026 4:06,29.31,7.91,6.18
08/03/2026 4:09,29.83,8.57,7
08/03/2026 4:12,29.04,7.21,5.27
08/03/2026 4:15,28.63,7.72,7.75
08/03/2026 4:18,30.82,7.42,5.52
08/03/2026 4:21,30.82,7.82,6.24
08/03/2026 4:24,30.93,8.22,7
08/03/2026 4:27,30.93,8.02,7.01
08/03/2026 4:30,30.71,8.17,6.5
08/03/2026 4:33,29.68,7.73,9.26
08/03/2026 4:36,28.93,8.14,6.02
08/03/2026 4:39,29.17,8.14,5.44
08/03/2026 4:42,28.88,7.76,5.18
08/03/2026 4:45,28.95,7.52,7.48
08/03/2026 4:48,30.3,6.68,7.69
08/03/2026 4:51,30.82,7.58,5.32
08/03/2026 4:54,29.71,7.71,6.74
08/03/2026 4:57,30.14,8.04,6.14
08/03/2026 5:00,28.82,7.9,5.9
08/03/2026 5:03,30.69,8.13,6.72
08/03/2026 5:06,29.59,8.48,7.33
08/03/2026 5:09,27.24,7.88,6.95
08/03/2026 5:12,29.99,8.46,7.34
08/03/2026 5:15,30.59,8.29,7.27
08/03/2026 5:18,28.95,8.14,7.17
08/03/2026 5:21,28.56,8.22,6.72
08/03/2026 5:24,31.51,7.12,7.16
08/03/2026 5:27,29.67,7.34,7.6
08/03/2026 5:30,30.45,8.14,6.1
08/03/2026 5:33,30.57,7.9,4.89
08/03/2026 5:36,28.15,7.3,6.84
08/03/2026 5:39,26.19,8.13,5.16
08/03/2026 5:42,30.38,7.65,5.28
08/03/2026 5:45,28.83,7.45,6.32
08/03/2026 5:48,28.32,8.44,7.09
08/03/2026 5:51,28.89,8.01,7.69
08/03/2026 5:54,28.37,7.26,4.3
08/03/2026 5:57,29.12,7.33,5.34
08/03/2026 6:00,29.45,8.14,7.1
08/03/2026 6:03,30.77,8.65,7.09
08/03/2026 6:06,30.62,7.03,7.69
08/03/2026 6:09,30.26,8.23,6.78
08/03/2026 6:12,28.29,7.02,6.98
08/03/2026 6:15,27.3,7.65,5.12
08/03/2026 6:18,29.35,8.29,5.91
08/03/2026 6:21,28.99,7.65,7.05
08/03/2026 6:24,32.73,8.54,7.06
08/03/2026 6:27,30.93,7.65,6.1
08/03/2026 6:30,25.54,7.67,6.19
08/03/2026 6:33,30.74,7.43,6.05
08/03/2026 6:36,30.74,8.1,6.88
08/03/2026 6:39,30.52,7.39,7.84
08/03/2026 6:42,32.01,8.15,7.25
08/03/2026 6:45,30.25,8.38,4.15
08/03/2026 6:48,30.13,7.1,6.15
08/03/2026 6:51,29.58,7.02,6.77
08/03/2026 6:54,29.75,8.12,8.5
08/03/2026 6:57,32.41,8.14,3.72
08/03/2026 7:00,29.44,7.35,6.37
08/03/2026 7:03,29.52,6.96,7.94
08/03/2026 7:06,28.48,7.49,4.18
08/03/2026 7:09,31.44,7.32,7.31
08/03/2026 7:12,28.73,7.24,5.25
08/03/2026 7:15,28.7,7.46,6.94
08/03/2026 7:18,29.02,6.59,7.41
08/03/2026 7:21,29.4,7.11,6.87
08/03/2026 7:24,29.33,7.64,7.41
08/03/2026 7:27,30.75,8.15,7.96
08/03/2026 7:30,28.49,8.05,7.29
08/03/2026 7:33,29.3,7.5,3.94
08/03/2026 7:36,28.75,7.52,6.27
08/03/2026 7:39,30.91,8.36,7.58
08/03/2026 7:42,29.52,8.92,7.2
08/03/2026 7:45,29.79,8,7.93
08/03/2026 7:48,30.88,7.47,7.19
08/03/2026 7:51,30.06,7.49,6.35
08/03/2026 7:54,29.54,7.14,5.87
08/03/2026 7:57,26.15,7.59,5.92
08/03/2026 8:00,29.09,6.3,7.55
08/03/2026 8:03,30.32,7.19,6.06
08/03/2026 8:06,26.87,7.2,7.56
08/03/2026 8:09,29.23,7.15,5.55
08/03/2026 8:12,30.27,7.24,5.39
08/03/2026 8:15,28.6,7.5,8.04
08/03/2026 8:18,28.07,7.2,6
08/03/2026 8:21,28.94,7.64,7.93
08/03/2026 8:24,30.16,7.78,5.82
08/03/2026 8:27,30.98,7.89,7.46
08/03/2026 8:30,28.61,6.72,6.08
08/03/2026 8:33,30.44,7.08,5.01
08/03/2026 8:36,29.81,7.12,7.38
08/03/2026 8:39,29.42,7.64,7.18
08/03/2026 8:42,30.75,7.15,5.98
08/03/2026 8:45,29.65,7.1,7.78
08/03/2026 8:48,29.66,8.5,6.81
08/03/2026 8:51,26.75,7.46,5.96
08/03/2026 8:54,28.11,7.24,6.72
08/03/2026 8:57,29.87,8.12,5.62
08/03/2026 9:00,30.33,7.68,7.59
08/03/2026 9:03,29.75,8.44,5.66
08/03/2026 9:06,30.42,7.23,7.94
08/03/2026 9:09,29.77,7.27,3.88
08/03/2026 9:12,30.1,8.35,7.07
08/03/2026 9:15,28.85,8.47,7.39
08/03/2026 9:18,28.46,8.82,6.12
08/03/2026 9:21,29.7,8.43,9.57
08/03/2026 9:24,30.2,8.45,5.79
08/03/2026 9:27,29.64,6.41,6.75
08/03/2026 9:30,28.53,7.01,6.75
08/03/2026 9:33,30.42,8.13,6.76
08/03/2026 9:36,28.53,7.1,7.29
08/03/2026 9:39,29.25,7.63,5.02
08/03/2026 9:42,30.58,6.94,6.92
08/03/2026 9:45,28.61,7.69,6.25
08/03/2026 9:48,28.91,7.42,5.26
08/03/2026 9:51,30.87,7.99,5.45
08/03/2026 9:54,29.49,7.34,5.7
08/03/2026 9:57,28.79,7.79,7.19
08/03/2026 10:00,28.02,7.52,7.13
08/03/2026 10:03,29.52,7.92,9.43
08/03/2026 10:06,30.6,7.84,5.35
08/03/2026 10:09,28.77,7.21,6.04
08/03/2026 10:12,29.82,6.71,5.73
08/03/2026 10:15,28.14,6.74,6.89
08/03/2026 10:18,25.89,7.86,5.2
08/03/2026 10:21,28.01,8.91,5.01
08/03/2026 10:24,29.66,7.24,6.6
08/03/2026 10:27,33.54,7.62,6.22
08/03/2026 10:30,28.33,7.93,7.58
08/03/2026 10:33,32.26,8.19,6.85
08/03/2026 10:36,30.93,8.16,7.69
08/03/2026 10:39,27.98,8.35,7.44
08/03/2026 10:42,29.93,9.04,7.31
08/03/2026 10:45,29.48,8.03,5.39
08/03/2026 10:48,29.32,7.46,7.91
08/03/2026 10:51,28.3,6.73,9.16
08/03/2026 10:54,26.17,7.64,7.1
08/03/2026 10:57,30.16,7.64,5.21
08/03/2026 11:00,30.9,7.56,6.9
08/03/2026 11:03,29.67,7.67,7.15
08/03/2026 11:06,29.7,8.14,7.39
08/03/2026 11:09,28.6,7.79,7.64
08/03/2026 11:12,28.6,8.5,6.01
08/03/2026 11:15,26.92,8.3,6.27
08/03/2026 11:18,28.06,7.85,7.06
08/03/2026 11:21,30.13,7.31,5.48
08/03/2026 11:24,30.35,7.58,6.19
08/03/2026 11:27,25.5,6.89,6.68
08/03/2026 11:30,29.82,7.21,5.92
08/03/2026 11:33,28.27,7.33,6.09
08/03/2026 11:36,28.28,8.17,5.63
08/03/2026 11:39,29.01,8.39,7.87
08/03/2026 11:42,30.02,6.42,7.85
08/03/2026 11:45,31.08,8.07,7.25
08/03/2026 11:48,25.52,7.16,7
08/03/2026 11:51,25.04,7.8,6.8
08/03/2026 11:54,30.43,8.31,7.44
08/03/2026 11:57,29.94,7.28,5.09
08/03/2026 12:00,28.26,7.37,5.3
08/03/2026 12:03,29.25,8.39,5.55
08/03/2026 12:06,28.34,8.22,6.19
08/03/2026 12:09,29.15,8.23,6.9
08/03/2026 12:12,32.84,6.58,5.1
08/03/2026 12:15,30.7,7.78,6.01
08/03/2026 12:18,30.49,7.9,7.09
08/03/2026 12:21,25.71,8.32,4.62
08/03/2026 12:24,29.9,8.07,5.89
08/03/2026 12:27,28.63,6.6,7.76
08/03/2026 12:30,28.31,6.52,5.68
08/03/2026 12:33,30.55,7.58,3.55
08/03/2026 12:36,29.51,7.82,6.51
08/03/2026 12:39,28.25,8.36,6.89
08/03/2026 12:42,30.63,6.3,6.79
08/03/2026 12:45,29.63,8.06,5.9
08/03/2026 12:48,30.81,7.79,7.15
08/03/2026 12:51,28.11,7.19,5.44
08/03/2026 12:54,28.7,8.72,7.72
08/03/2026 12:57,29,7.18,7.7
08/03/2026 13:00,28.35,7.08,5.91
08/03/2026 13:03,28.54,7.14,6.66
08/03/2026 13:06,29.65,7.55,5.01
08/03/2026 13:09,28.94,7.68,7.66
08/03/2026 13:12,29.4,7.14,6.02
08/03/2026 13:15,31.77,7.35,5.18
08/03/2026 13:18,28.36,7.68,6.74
08/03/2026 13:21,30.9,8.29,6.35
08/03/2026 13:24,29.55,8.11,4.23
08/03/2026 13:27,28.99,8.44,5.84
08/03/2026 13:30,29.52,7.85,7.76
08/03/2026 13:33,30.03,7.46,5.07
08/03/2026 13:36,29.32,8.17,8.95
08/03/2026 13:39,29.61,6.49,6.79
08/03/2026 13:42,29.52,8.04,7.53
08/03/2026 13:45,29.98,8.06,6.78
08/03/2026 13:48,28.84,7.83,7.98
08/03/2026 13:51,30.3,7.15,8.49
08/03/2026 13:54,29.31,7.36,5.85
08/03/2026 13:57,30.56,8.44,5.1
08/03/2026 14:00,33.28,7.24,4.27
08/03/2026 14:03,29.08,7.68,7.56
08/03/2026 14:06,28.6,7.13,7.48
08/03/2026 14:09,28.82,7.83,5.9
08/03/2026 14:12,28.25,7.7,7.2
08/03/2026 14:15,29.96,7.41,5.89
08/03/2026 14:18,28.72,7.67,5.38
08/03/2026 14:21,29.2,7.34,6.31
08/03/2026 14:24,28.88,7.35,7.7
08/03/2026 14:27,28.78,8.46,7.92
08/03/2026 14:30,30.76,8.2,7.38
08/03/2026 14:33,30.93,7.34,7.41
08/03/2026 14:36,30.28,7.08,7.39
08/03/2026 14:39,30.75,7.24,6.67
08/03/2026 14:42,28.67,7.04,4.32
08/03/2026 14:45,28.03,7.28,7.3
08/03/2026 14:48,29,7.46,6.93
08/03/2026 14:51,28.56,8.13,5.92
08/03/2026 14:54,28.47,7.86,5.37
08/03/2026 14:57,30.96,7.13,6.66
08/03/2026 15:00,28.55,8.39,6.07
08/03/2026 15:03,29.08,8.09,7.28
08/03/2026 15:06,28.1,7.77,5.38
08/03/2026 15:09,30.1,7.86,7.37
08/03/2026 15:12,29.46,7.94,6.36
08/03/2026 15:15,28.38,7.91,7.85
08/03/2026 15:18,28.81,8.29,6.19
08/03/2026 15:21,31.04,8.06,5.46
08/03/2026 15:24,28.16,8.04,7.62
08/03/2026 15:27,32.25,7.99,7.74
08/03/2026 15:30,30.93,8.08,7.72
08/03/2026 15:33,28.92,7.32,7.94
08/03/2026 15:36,28.19,6.73,8.15
08/03/2026 15:39,30.61,8.13,7.1
08/03/2026 15:42,29.64,7.66,5.19
08/03/2026 15:45,29.71,8.75,6.38
08/03/2026 15:48,29.15,8.07,5.56
08/03/2026 15:51,29.98,8.49,6.18
08/03/2026 15:54,28.91,8.34,6.01
08/03/2026 15:57,29.78,8.35,5.45
08/03/2026 16:00,28.74,7.76,5.4
08/03/2026 16:03,25.6,7.18,7.89
08/03/2026 16:06,27.39,7.13,7.81
08/03/2026 16:09,29.28,8.45,5.75
08/03/2026 16:12,28.72,7.88,5.01
08/03/2026 16:15,30.76,7.8,7.28
08/03/2026 16:18,29.46,8,6.3
08/03/2026 16:21,29.8,7.67,7.02
08/03/2026 16:24,29.81,7.86,5.94
08/03/2026 16:27,30.64,8.15,7.55
08/03/2026 16:30,29.51,8,6.1
08/03/2026 16:33,30.87,7.3,5.12
08/03/2026 16:36,30.41,8.11,6.05
08/03/2026 16:39,30.67,8.24,7.7
08/03/2026 16:42,29.76,7.69,5.04
08/03/2026 16:45,28.9,7.64,5.81
08/03/2026 16:48,28.51,7.72,7.9
08/03/2026 16:51,30.03,7.33,7.15
08/03/2026 16:54,28.14,7.92,6.6
08/03/2026 16:57,29.75,8.42,7.95
08/03/2026 17:00,29.29,7.69,9.78
08/03/2026 17:03,28.58,7.83,7.94
08/03/2026 17:06,25.53,7.37,6.32
08/03/2026 17:09,30.62,7.79,4.65
08/03/2026 17:12,26.11,7.11,7.46
08/03/2026 17:15,32.92,6.59,6.71
08/03/2026 17:18,28.83,7.75,6.6
08/03/2026 17:21,28.34,7.21,5.18
08/03/2026 17:24,28.82,7.15,6.6
08/03/2026 17:27,29.36,7.7,7.19
08/03/2026 17:30,29.69,8.48,8.59
08/03/2026 17:33,27.78,7.64,5.55
08/03/2026 17:36,30.85,7.09,7.42
08/03/2026 17:39,29.07,7.08,6.39
08/03/2026 17:42,30.46,8.26,6.49
08/03/2026 17:45,30.35,8.15,7.14
08/03/2026 17:48,28.95,8.15,6.95
08/03/2026 17:51,29.97,7.08,7.69
08/03/2026 17:54,30.03,8.45,6.78
08/03/2026 17:57,31.97,7.37,5.66
08/03/2026 18:00,28.59,7.77,6.06
08/03/2026 18:03,30.8,7.15,7.78
08/03/2026 18:06,28.19,7.06,6.94
08/03/2026 18:09,28.19,8.19,7.11
08/03/2026 18:12,29.66,7.19,8.18
08/03/2026 18:15,28.94,8.09,6.08
08/03/2026 18:18,29.66,7.03,5.19
08/03/2026 18:21,28.89,7.06,7.79
08/03/2026 18:24,30.66,7.81,6.85
08/03/2026 18:27,29.36,8.26,7.11
08/03/2026 18:30,28.34,8.37,7.92
08/03/2026 18:33,28.82,8.49,7
08/03/2026 18:36,28.48,7.06,6.28
08/03/2026 18:39,30.97,8.34,6.45
08/03/2026 18:42,30.29,8.46,5.23
08/03/2026 18:45,28.72,6.88,5.32
08/03/2026 18:48,28.62,8.46,6.32
08/03/2026 18:51,30.13,8.28,5.82
08/03/2026 18:54,30.35,8.03,5.95
08/03/2026 18:57,32.12,7.29,5.81
08/03/2026 19:00,29.49,7.99,5.93
08/03/2026 19:03,30.77,7.87,6.29
08/03/2026 19:06,29.3,8.46,7.78
08/03/2026 19:09,29.79,8.15,5.82
08/03/2026 19:12,28.19,8.14,6.6
08/03/2026 19:15,29.62,7.52,6.38
08/03/2026 19:18,26.15,7.29,6.11
08/03/2026 19:21,28.69,6.81,4.31
08/03/2026 19:24,28.37,8.03,7.58
08/03/2026 19:27,29.09,8.18,5.26
08/03/2026 19:30,29.79,8.4,5.32
08/03/2026 19:33,30.54,8.32,7.09
08/03/2026 19:36,29,7.26,6.63
08/03/2026 19:39,29.55,8.89,5.01
08/03/2026 19:42,30,7.42,5.78
08/03/2026 19:45,28.03,7.2,7.53
08/03/2026 19:48,29.69,7.52,5.01
08/03/2026 19:51,29.81,7.39,5.37
08/03/2026 19:54,28.36,8.12,7.11
08/03/2026 19:57,29.34,7,5.97
08/03/2026 20:00,29.32,7.18,6.13
08/03/2026 20:03,30.24,7.44,5.08
08/03/2026 20:06,28.95,8.39,6.24
08/03/2026 20:09,29.09,7.48,6.98
08/03/2026 20:12,28.18,6.98,7.59
08/03/2026 20:15,28.74,7.8,9.56
08/03/2026 20:18,29.96,8.15,5.48
08/03/2026 20:21,28.95,6.71,5.08
08/03/2026 20:24,29.78,7.62,6.24
08/03/2026 20:27,29.08,8.74,7.81
08/03/2026 20:30,29.77,8.04,6.53
08/03/2026 20:33,29.95,8.27,6.93
08/03/2026 20:36,29.22,7.9,5.26
08/03/2026 20:39,30.66,7.22,5.31
08/03/2026 20:42,28.02,8.38,7.13
08/03/2026 20:45,28.39,7.72,7.55
08/03/2026 20:48,29.66,7.71,7.48
08/03/2026 20:51,28.48,7.61,5.3
08/03/2026 20:54,28.89,7.3,6.58
08/03/2026 20:57,28.72,7.47,7.71
08/03/2026 21:00,29.58,7.19,7.93
08/03/2026 21:03,28.74,7.58,9.27
08/03/2026 21:06,29.36,8.95,6.96
08/03/2026 21:09,29.9,8.61,7.01
08/03/2026 21:12,28.74,7.55,9.72
08/03/2026 21:15,28.54,7.77,7.77
08/03/2026 21:18,31.47,7.52,5.53
08/03/2026 21:21,30.97,7.86,6.11
08/03/2026 21:24,28.55,8.36,5.58
08/03/2026 21:27,29,8.25,7.02
08/03/2026 21:30,29.2,8.35,5.69
08/03/2026 21:33,30.58,7.81,5.47
08/03/2026 21:36,28.83,7.17,4.47
08/03/2026 21:39,28.66,8.15,6.43
08/03/2026 21:42,28.38,7.77,7.44
08/03/2026 21:45,30.28,7.85,6.17
08/03/2026 21:48,27.62,7.04,6.53
08/03/2026 21:51,29.7,7.93,8.9
08/03/2026 21:54,28.28,7.21,3.83
08/03/2026 21:57,29.36,8.01,7.63
08/03/2026 22:00,30.97,7.33,7.32
08/03/2026 22:03,30.77,7.07,5.09
08/03/2026 22:06,29.69,7.25,7.23
08/03/2026 22:09,28.71,7.72,5.93
08/03/2026 22:12,29.77,7.52,5.17
08/03/2026 22:15,29.54,7.91,6.98
08/03/2026 22:18,30.91,7.53,7.56
08/03/2026 22:21,28.05,8.17,5.05
08/03/2026 22:24,25.37,8.13,6.24
08/03/2026 22:27,28.93,7.8,6.32
08/03/2026 22:30,33.66,8.08,6.4
08/03/2026 22:33,29.21,7.78,4.34
08/03/2026 22:36,30.19,7.06,7.18
08/03/2026 22:39,30.25,7.13,4.16
08/03/2026 22:42,30.2,7.35,5.64
08/03/2026 22:45,29.71,8.37,6.69
08/03/2026 22:48,29.66,7.89,6.16
08/03/2026 22:51,28.87,7.62,6.48
08/03/2026 22:54,30.61,8.4,7.38
08/03/2026 22:57,29.28,7.1,6.85
08/03/2026 23:00,29.07,7.71,7.75
08/03/2026 23:03,30.39,7.32,7.56
08/03/2026 23:06,30.17,7.03,6.8
08/03/2026 23:09,28.96,7.06,3.69
08/03/2026 23:12,28.07,7.95,3.69
08/03/2026 23:15,28.03,6.91,6.88
08/03/2026 23:18,30.55,7.85,5.59
08/03/2026 23:21,28.45,8.33,7.41
08/03/2026 23:24,29.81,7.69,7.29
08/03/2026 23:27,29.77,8.27,5.86
08/03/2026 23:30,28.68,8.2,5.31
08/03/2026 23:33,29.34,7.7,6.07
08/03/2026 23:36,29.26,7.83,5.6
08/03/2026 23:39,29.51,7.52,7.67
08/03/2026 23:42,30.57,8.16,7.24
08/03/2026 23:45,30.75,7.89,6.4
08/03/2026 23:48,28.26,6.5,5.42
08/03/2026 23:51,29.29,8,5.24
08/03/2026 23:54,28.88,7.98,7.45
08/03/2026 23:57,30.36,7.47,5.66
09/03/2026 0:00,29.04,8.25,7.47
09/03/2026 0:03,29.46,8.08,6.37
09/03/2026 0:06,30.12,7.27,5.36
09/03/2026 0:09,29.91,7.94,7.96
09/03/2026 0:12,30.23,8.08,7.15
09/03/2026 0:15,29.29,7.4,5.33
09/03/2026 0:18,29.62,7.13,5.42
09/03/2026 0:21,28.82,7.01,6
09/03/2026 0:24,26.58,6.34,7.63
09/03/2026 0:27,30.33,8.11,6.22
09/03/2026 0:30,30.6,8.23,5.24
09/03/2026 0:33,28.91,8.09,7.01
09/03/2026 0:36,29.49,7.17,5.86
09/03/2026 0:39,28.31,7.96,5.99
09/03/2026 0:42,28.34,7.81,7.03
09/03/2026 0:45,28.43,8.26,5.93
09/03/2026 0:48,29.89,7.51,9.48
09/03/2026 0:51,30.36,7.01,5.11
09/03/2026 0:54,28.39,7.42,5.22
09/03/2026 0:57,30.99,8.29,5.14
09/03/2026 1:00,29.06,8.12,7.09
09/03/2026 1:03,30.68,7.77,6.73
09/03/2026 1:06,31,8.3,6.83
09/03/2026 1:09,30.52,7.29,5.41
09/03/2026 1:12,29.14,7.72,5.35
09/03/2026 1:15,28.07,7.06,4.16
09/03/2026 1:18,31.49,7.81,6.25
09/03/2026 1:21,29.52,8.36,7.57
09/03/2026 1:24,29.46,7.32,5.06
09/03/2026 1:27,28.01,7.68,6.6
09/03/2026 1:30,30.61,7.5,7.51
09/03/2026 1:33,28.44,8.26,3.76
09/03/2026 1:36,29.88,8.04,7.45
09/03/2026 1:39,28.79,7.72,6.06
09/03/2026 1:42,29.24,7.21,7.18
09/03/2026 1:45,29.41,6.54,7.37
09/03/2026 1:48,29.76,7.82,6.3
09/03/2026 1:51,29.56,7.55,7.79
09/03/2026 1:54,29.09,7.48,7.57
09/03/2026 1:57,28.12,7.38,9.56
09/03/2026 2:00,28.38,7.34,6.41
09/03/2026 2:03,29.87,7.93,5.31
09/03/2026 2:06,29.82,7.78,7.65
09/03/2026 2:09,30,7.45,6.38
09/03/2026 2:12,28.24,8.31,8.32
09/03/2026 2:15,28.75,7.33,5.7
09/03/2026 2:18,33.83,7.78,5.16
09/03/2026 2:21,28.7,8.53,6.48
09/03/2026 2:24,30.44,8.26,8.95
09/03/2026 2:27,30.28,7.87,6.16
09/03/2026 2:30,30.25,8.47,6.17
09/03/2026 2:33,30.92,8.49,7.95
09/03/2026 2:36,30.75,8.65,7.22
09/03/2026 2:39,29.93,7.11,7.66
09/03/2026 2:42,29.53,7.34,6.31
09/03/2026 2:45,30.45,7.5,5.73
09/03/2026 2:48,29.65,7.57,5.1
09/03/2026 2:51,30.3,6.84,7.9
09/03/2026 2:54,28.54,8.5,7.88
09/03/2026 2:57,29.54,7.4,4
09/03/2026 3:00,33.84,7.38,7.19
09/03/2026 3:03,29.45,8.23,5.04
09/03/2026 3:06,29.45,8.7,6.88
09/03/2026 3:09,29.56,6.67,5.2
09/03/2026 3:12,29.84,8.06,4.38
09/03/2026 3:15,29.82,7.76,7.46
09/03/2026 3:18,30.86,8.37,7.52
09/03/2026 3:21,28.66,7.1,6.98
09/03/2026 3:24,28.43,8.13,5.16
09/03/2026 3:27,30.19,7.77,5.12
09/03/2026 3:30,28.73,7.1,6.08
09/03/2026 3:33,28.84,8.2,7.55
09/03/2026 3:36,28.54,8.37,7.41
09/03/2026 3:39,29.43,8.54,5.27
09/03/2026 3:42,27.33,7.1,7.15
09/03/2026 3:45,29.23,8,6.2
09/03/2026 3:48,30.93,7.17,7.73
09/03/2026 3:51,31.63,7.19,6.16
09/03/2026 3:54,30.03,7.8,5.17
09/03/2026 3:57,29.75,7.02,6.55
09/03/2026 4:00,27.22,7.13,5.26
09/03/2026 4:03,29.73,8.05,6.03
09/03/2026 4:06,28.86,9,7.52
09/03/2026 4:09,30.66,7.56,7.73
09/03/2026 4:12,28.35,8.42,5.95
09/03/2026 4:15,30.21,8.01,4.67
09/03/2026 4:18,28.37,7.84,7.99
09/03/2026 4:21,29.5,7.32,6.31
09/03/2026 4:24,28.65,7.2,5.21
09/03/2026 4:27,29.66,7.94,5.87
09/03/2026 4:30,28.59,7.77,5.72
09/03/2026 4:33,29.51,8.38,6.95
09/03/2026 4:36,28.09,7.44,6.57
09/03/2026 4:39,28.74,7.94,5.6
09/03/2026 4:42,30.21,7.72,5.53
09/03/2026 4:45,31.77,7.26,7.58
09/03/2026 4:48,29.56,8.48,5.65
09/03/2026 4:51,29.49,7.56,7.02
09/03/2026 4:54,26.98,7.36,5.31
09/03/2026 4:57,33.04,7.41,5.65
09/03/2026 5:00,29.91,7.93,7.75
09/03/2026 5:03,29.58,7.67,5.32
09/03/2026 5:06,28.79,8.2,6.08
09/03/2026 5:09,30.67,6.58,6.71
09/03/2026 5:12,28.94,7.43,5.08
09/03/2026 5:15,28.05,7.7,7.12
09/03/2026 5:18,28.57,8.1,6.71
09/03/2026 5:21,29.23,7.11,7.14
09/03/2026 5:24,28.03,7.95,5.9
09/03/2026 5:27,29.64,7.26,6.51
09/03/2026 5:30,30.86,8.26,5.03
09/03/2026 5:33,29.68,7.54,7.06
09/03/2026 5:36,28.62,7.84,5.31
09/03/2026 5:39,28.19,7.63,6.12
09/03/2026 5:42,29.62,8.46,5.13
09/03/2026 5:45,30.06,7.8,7.08
09/03/2026 5:48,29.92,7.08,6.91
09/03/2026 5:51,29.7,7.88,6.37
09/03/2026 5:54,29.1,7.82,6.9
09/03/2026 5:57,32.03,7.84,5.51
09/03/2026 6:00,29.17,7.7,7.83
09/03/2026 6:03,30.59,8.15,7.5
09/03/2026 6:06,28.15,7.13,4.18
09/03/2026 6:09,28.9,7.73,7.14
09/03/2026 6:12,28.86,8.01,9.72
09/03/2026 6:15,30.94,8.07,5.39
09/03/2026 6:18,29.51,8.64,5.18
09/03/2026 6:21,28.54,7.23,6.09
09/03/2026 6:24,31.4,7.97,6.69
09/03/2026 6:27,30.54,7.49,5.2
09/03/2026 6:30,29.12,8.2,6.58
09/03/2026 6:33,32.48,7.29,6.24
09/03/2026 6:36,29.16,8.48,6.42
09/03/2026 6:39,29.01,9.09,5.19
09/03/2026 6:42,28.45,8.12,7.39
09/03/2026 6:45,29.34,7.38,6.34
09/03/2026 6:48,29.65,8.78,6.42
09/03/2026 6:51,29.36,7.96,7.87
09/03/2026 6:54,29.14,7.29,7.22
09/03/2026 6:57,28.69,7.69,6.31
09/03/2026 7:00,30.58,7.52,7.51
09/03/2026 7:03,30.59,7.96,4.35
09/03/2026 7:06,29.69,9.05,3.59
09/03/2026 7:09,30.13,6.93,7.2
09/03/2026 7:12,30.73,8.25,6.49
09/03/2026 7:15,28.48,7.31,5.13
09/03/2026 7:18,28.38,7.65,6.41
09/03/2026 7:21,28.6,7.57,7.99
09/03/2026 7:24,31.02,8.32,9.04
09/03/2026 7:27,29.77,7.75,6.44
09/03/2026 7:30,28.22,7.41,9.36
09/03/2026 7:33,30.2,8.5,5.42
09/03/2026 7:36,28.15,7.6,6.8
09/03/2026 7:39,28.08,7.32,7.39
09/03/2026 7:42,30.9,8.25,6.35
09/03/2026 7:45,29.06,7.63,5.95
09/03/2026 7:48,29.68,6.72,7.79
09/03/2026 7:51,29.45,7.82,3.51
09/03/2026 7:54,29.94,7.24,6.78
09/03/2026 7:57,26.7,8.71,5.07
09/03/2026 8:00,30.83,7.56,5.85
09/03/2026 8:03,29.67,7.91,6.84
09/03/2026 8:06,28.97,7.27,5.89
09/03/2026 8:09,25.66,7.93,4.13
09/03/2026 8:12,28.12,8.28,5.21
09/03/2026 8:15,31.74,7.57,5.27
09/03/2026 8:18,29.93,7.32,7.04
09/03/2026 8:21,29.26,7.07,6.72
09/03/2026 8:24,30.87,7.23,7.28
09/03/2026 8:27,29.76,8.19,5.02
09/03/2026 8:30,29.9,7.42,7.37
09/03/2026 8:33,25.72,6.64,6.2
09/03/2026 8:36,29.92,7.14,5.27
09/03/2026 8:39,29.63,8.16,6.56
09/03/2026 8:42,29.16,8.16,6.68
09/03/2026 8:45,29.38,7.6,7.86
09/03/2026 8:48,30.05,8.85,7.82
09/03/2026 8:51,28.72,8.84,7.33
09/03/2026 8:54,28.55,7.48,6.14
09/03/2026 8:57,30.7,7.04,4.7
09/03/2026 9:00,30.05,7.72,6.95
09/03/2026 9:03,25.03,7.07,9.83
09/03/2026 9:06,30.61,8.49,7.14
09/03/2026 9:09,29.1,7.42,6.8
09/03/2026 9:12,29.73,8.31,5.53
09/03/2026 9:15,29.81,8.18,6.34
09/03/2026 9:18,30.68,7.52,8.61
09/03/2026 9:21,30.63,8.28,6.16
09/03/2026 9:24,28.78,7.79,9.87
09/03/2026 9:27,30.91,8.34,7.46
09/03/2026 9:30,29.12,8.19,5.65
09/03/2026 9:33,29.83,7.33,6.26
09/03/2026 9:36,30.98,8.38,7.5
09/03/2026 9:39,29.22,7.52,6.83
09/03/2026 9:42,29.93,8.06,6.94
09/03/2026 9:45,30.96,7.41,6.76
09/03/2026 9:48,29.89,7.53,7.19
09/03/2026 9:51,29.97,7.03,7.77
09/03/2026 9:54,30.36,8.77,4.44
09/03/2026 9:57,30.36,7.8,7.74
09/03/2026 10:00,26.34,7.39,7.53
09/03/2026 10:03,30.84,7.14,5.14
09/03/2026 10:06,29.95,7.04,6.35
09/03/2026 10:09,28.75,7.42,7.07
09/03/2026 10:12,28.18,8.02,6.22
09/03/2026 10:15,28.24,8.23,7.47
09/03/2026 10:18,30.89,7.87,6.01
09/03/2026 10:21,30.47,7.32,5.71
09/03/2026 10:24,29.78,7,6.62
09/03/2026 10:27,30.7,7.86,5.43
09/03/2026 10:30,25.8,7.62,6.2
09/03/2026 10:33,30.61,7.67,6.23
09/03/2026 10:36,29.08,8.27,5.73
09/03/2026 10:39,30.43,7.08,5.13
09/03/2026 10:42,28.6,6.85,6.71
09/03/2026 10:45,25.72,7.24,5.92
09/03/2026 10:48,30.95,7.93,6.84
09/03/2026 10:51,28.95,7,7.26
09/03/2026 10:54,28.84,7.73,5.96
09/03/2026 10:57,28.55,7.18,6.21
09/03/2026 11:00,26.92,8.09,9.77
09/03/2026 11:03,29.67,7.2,7.65
09/03/2026 11:06,30.7,8.22,5.82
09/03/2026 11:09,29.66,7.86,5.01
09/03/2026 11:12,28.12,8.34,5.8
09/03/2026 11:15,28.16,7.2,6.17
09/03/2026 11:18,29.55,7.38,5.52
09/03/2026 11:21,30.67,7.83,7.38
09/03/2026 11:24,29.75,7.32,7.92
09/03/2026 11:27,30.24,7.71,6.64
09/03/2026 11:30,30.51,7.37,7.39
09/03/2026 11:33,28.39,7.62,5.22
09/03/2026 11:36,29.29,8.01,4.58
09/03/2026 11:39,28.01,7.75,7.48
09/03/2026 11:42,29.26,8.36,6.71
09/03/2026 11:45,30.58,8,5.48
09/03/2026 11:48,30.36,7.47,6.81
09/03/2026 11:51,29,8.13,7.57
09/03/2026 11:54,30.14,7.43,6.3
09/03/2026 11:57,30.14,8.46,5.32
09/03/2026 12:00,29.47,6.38,7.4
09/03/2026 12:03,28.31,7.13,6.98
09/03/2026 12:06,30.78,7.65,5.7
09/03/2026 12:09,29.72,7.42,7.09
09/03/2026 12:12,28.54,7.97,7.37
09/03/2026 12:15,30.02,6.42,7.11
09/03/2026 12:18,30.31,8.26,7.29
09/03/2026 12:21,28.33,8.45,6.64
09/03/2026 12:24,29.27,6.58,4.7
09/03/2026 12:27,30.85,7.64,7.68
09/03/2026 12:30,29.76,7.93,6.63
09/03/2026 12:33,32.86,8.39,5.86
09/03/2026 12:36,30.35,7.81,5.83
09/03/2026 12:39,28.45,7.19,5.31
09/03/2026 12:42,33.93,8.18,6.24
09/03/2026 12:45,28.8,8.49,5.37
09/03/2026 12:48,31.18,7,9.43
09/03/2026 12:51,31.27,7.86,6.68
09/03/2026 12:54,30.89,8.87,7.99
09/03/2026 12:57,28.24,8.21,7.5
09/03/2026 13:00,30.68,8.01,6.03
09/03/2026 13:03,28.19,8.27,5.45
09/03/2026 13:06,29.78,8.02,6.63
09/03/2026 13:09,28.04,7.44,6.81
09/03/2026 13:12,25.47,7.72,3.6
09/03/2026 13:15,30.71,8.34,6.6
09/03/2026 13:18,29.6,8.74,7.59
09/03/2026 13:21,29.61,7.25,5.63
09/03/2026 13:24,29.17,7.13,7.94
09/03/2026 13:27,30.09,6.56,6.71
09/03/2026 13:30,30,7.38,7.63
09/03/2026 13:33,29.81,8.08,6.52
09/03/2026 13:36,29.38,7.08,6.98
09/03/2026 13:39,28.57,8.17,5.89
09/03/2026 13:42,29.74,8.45,7.26
09/03/2026 13:45,30.82,7.36,6.03
09/03/2026 13:48,28.9,8.58,5.3
09/03/2026 13:51,32.39,8.25,5.83
09/03/2026 13:54,29.38,7.85,8.92
09/03/2026 13:57,28.17,7.39,6.85
09/03/2026 14:00,28.26,8.09,7.78
09/03/2026 14:03,25.71,7.44,6.36
09/03/2026 14:06,28.6,8.3,5.84
09/03/2026 14:09,29.89,7.68,7.39
09/03/2026 14:12,28.82,7.99,5.79
09/03/2026 14:15,30.85,8.19,7.47
09/03/2026 14:18,29.25,7.31,7.06
09/03/2026 14:21,29.87,7.07,7.39
09/03/2026 14:24,29.7,7.92,3.57
09/03/2026 14:27,29.49,7.62,6.95
09/03/2026 14:30,29.2,7.16,5.31
09/03/2026 14:33,29.34,7.34,7.59
09/03/2026 14:36,30.99,7.95,5.75
09/03/2026 14:39,28.28,9.1,7.26
09/03/2026 14:42,30.9,7.77,6.9
09/03/2026 14:45,28.76,7.23,5.22
09/03/2026 14:48,30.39,7.74,7.6
09/03/2026 14:51,28.69,8.17,7.73
09/03/2026 14:54,33.47,8.23,6.54
09/03/2026 14:57,29.17,8.49,5.53
09/03/2026 15:00,30.14,7.42,5.73
09/03/2026 15:03,30.77,7.46,7.55
09/03/2026 15:06,29.31,7.91,6.18
09/03/2026 15:09,29.83,8.57,7
09/03/2026 15:12,29.04,7.21,5.27
09/03/2026 15:15,28.63,7.72,7.75
09/03/2026 15:18,30.82,7.42,5.52
09/03/2026 15:21,30.82,7.82,6.24
09/03/2026 15:24,30.93,8.22,7
09/03/2026 15:27,30.93,8.02,7.01
09/03/2026 15:30,30.71,8.17,6.5
09/03/2026 15:33,29.68,7.73,9.26
09/03/2026 15:36,28.93,8.14,6.02
09/03/2026 15:39,29.17,8.14,5.44
09/03/2026 15:42,28.88,7.76,5.18
09/03/2026 15:45,28.95,7.52,7.48
09/03/2026 15:48,30.3,6.68,7.69
09/03/2026 15:51,30.82,7.58,5.32
09/03/2026 15:54,29.71,7.71,6.74
09/03/2026 15:57,30.14,8.04,6.14
09/03/2026 16:00,28.82,7.9,5.9
09/03/2026 16:03,30.69,8.13,6.72
09/03/2026 16:06,29.59,8.48,7.33
09/03/2026 16:09,27.24,7.88,6.95
09/03/2026 16:12,29.99,8.46,7.34
09/03/2026 16:15,30.59,8.29,7.27
09/03/2026 16:18,28.95,8.14,7.17
09/03/2026 16:21,28.56,8.22,6.72
09/03/2026 16:24,31.51,7.12,7.16
09/03/2026 16:27,29.67,7.34,7.6
09/03/2026 16:30,30.45,8.14,6.1
09/03/2026 16:33,30.57,7.9,4.89
09/03/2026 16:36,28.15,7.3,6.84
09/03/2026 16:39,26.19,8.13,5.16
09/03/2026 16:42,30.38,7.65,5.28
09/03/2026 16:45,28.83,7.45,6.32
09/03/2026 16:48,28.32,8.44,7.09
09/03/2026 16:51,28.89,8.01,7.69
09/03/2026 16:54,28.37,7.26,4.3
09/03/2026 16:57,29.12,7.33,5.34
09/03/2026 17:00,29.45,8.14,7.1
09/03/2026 17:03,30.77,8.65,7.09
09/03/2026 17:06,30.62,7.03,7.69
09/03/2026 17:09,30.26,8.23,6.78
09/03/2026 17:12,28.29,7.02,6.98
09/03/2026 17:15,27.3,7.65,5.12
09/03/2026 17:18,29.35,8.29,5.91
09/03/2026 17:21,28.99,7.65,7.05
09/03/2026 17:24,32.73,8.54,7.06
09/03/2026 17:27,30.93,7.65,6.1
09/03/2026 17:30,25.54,7.67,6.19
09/03/2026 17:33,30.74,7.43,6.05
09/03/2026 17:36,30.74,8.1,6.88
09/03/2026 17:39,30.52,7.39,7.84
09/03/2026 17:42,32.01,8.15,7.25
09/03/2026 17:45,30.25,8.38,4.15
09/03/2026 17:48,30.13,7.1,6.15
09/03/2026 17:51,29.58,7.02,6.77
09/03/2026 17:54,29.75,8.12,8.5
09/03/2026 17:57,32.41,8.14,3.72
09/03/2026 18:00,29.44,7.35,6.37
09/03/2026 18:03,29.52,6.96,7.94
09/03/2026 18:06,28.48,7.49,4.18
09/03/2026 18:09,31.44,7.32,7.31
09/03/2026 18:12,28.73,7.24,5.25
09/03/2026 18:15,28.7,7.46,6.94
09/03/2026 18:18,29.02,6.59,7.41
09/03/2026 18:21,29.4,7.11,6.87
09/03/2026 18:24,29.33,7.64,7.41
09/03/2026 18:27,30.75,8.15,7.96
09/03/2026 18:30,28.49,8.05,7.29
09/03/2026 18:33,29.3,7.5,3.94
09/03/2026 18:36,28.75,7.52,6.27
09/03/2026 18:39,30.91,8.36,7.58
09/03/2026 18:42,29.52,8.92,7.2
09/03/2026 18:45,29.79,8,7.93
09/03/2026 18:48,30.88,7.47,7.19
09/03/2026 18:51,30.06,7.49,6.35
09/03/2026 18:54,29.54,7.14,5.87
09/03/2026 18:57,26.15,7.59,5.92
09/03/2026 19:00,29.09,6.3,7.55
09/03/2026 19:03,30.32,7.19,6.06
09/03/2026 19:06,26.87,7.2,7.56
09/03/2026 19:09,29.23,7.15,5.55
09/03/2026 19:12,30.27,7.24,5.39
09/03/2026 19:15,28.6,7.5,8.04
09/03/2026 19:18,28.07,7.2,6
09/03/2026 19:21,28.94,7.64,7.93
09/03/2026 19:24,30.16,7.78,5.82
09/03/2026 19:27,30.98,7.89,7.46
09/03/2026 19:30,28.61,6.72,6.08
09/03/2026 19:33,30.44,7.08,5.01
09/03/2026 19:36,29.81,7.12,7.38
09/03/2026 19:39,29.42,7.64,7.18
09/03/2026 19:42,30.75,7.15,5.98
09/03/2026 19:45,29.65,7.1,7.78
09/03/2026 19:48,29.66,8.5,6.81
09/03/2026 19:51,26.75,7.46,5.96
09/03/2026 19:54,28.11,7.24,6.72
09/03/2026 19:57,29.87,8.12,5.62
09/03/2026 20:00,30.33,7.68,7.59
09/03/2026 20:03,29.75,8.44,5.66
09/03/2026 20:06,30.42,7.23,7.94
09/03/2026 20:09,29.77,7.27,3.88
09/03/2026 20:12,30.1,8.35,7.07
09/03/2026 20:15,28.85,8.47,7.39
09/03/2026 20:18,28.46,8.82,6.12
09/03/2026 20:21,29.7,8.43,9.57
09/03/2026 20:24,30.2,8.45,5.79
09/03/2026 20:27,29.64,6.41,6.75
09/03/2026 20:30,28.53,7.01,6.75
09/03/2026 20:33,30.42,8.13,6.76
09/03/2026 20:36,28.53,7.1,7.29
09/03/2026 20:39,29.25,7.63,5.02
09/03/2026 20:42,30.58,6.94,6.92
09/03/2026 20:45,28.61,7.69,6.25
09/03/2026 20:48,28.91,7.42,5.26
09/03/2026 20:51,30.87,7.99,5.45
09/03/2026 20:54,29.49,7.34,5.7
09/03/2026 20:57,28.79,7.79,7.19
09/03/2026 21:00,28.02,7.52,7.13
09/03/2026 21:03,29.52,7.92,9.43
09/03/2026 21:06,30.6,7.84,5.35
09/03/2026 21:09,28.77,7.21,6.04
09/03/2026 21:12,29.82,6.71,5.73
09/03/2026 21:15,28.14,6.74,6.89
09/03/2026 21:18,25.89,7.86,5.2
09/03/2026 21:21,28.01,8.91,5.01
09/03/2026 21:24,29.66,7.24,6.6
09/03/2026 21:27,33.54,7.62,6.22
09/03/2026 21:30,28.33,7.93,7.58
09/03/2026 21:33,32.26,8.19,6.85
09/03/2026 21:36,30.93,8.16,7.69
09/03/2026 21:39,27.98,8.35,7.44
09/03/2026 21:42,29.93,9.04,7.31
09/03/2026 21:45,29.48,8.03,5.39
09/03/2026 21:48,29.32,7.46,7.91
09/03/2026 21:51,28.3,6.73,9.16
09/03/2026 21:54,26.17,7.64,7.1
09/03/2026 21:57,30.16,7.64,5.21
09/03/2026 22:00,30.9,7.56,6.9
09/03/2026 22:03,29.67,7.67,7.15
09/03/2026 22:06,29.7,8.14,7.39
09/03/2026 22:09,28.6,7.79,7.64
09/03/2026 22:12,28.6,8.5,6.01
09/03/2026 22:15,26.92,8.3,6.27
09/03/2026 22:18,28.06,7.85,7.06
09/03/2026 22:21,30.13,7.31,5.48
09/03/2026 22:24,30.35,7.58,6.19
09/03/2026 22:27,25.5,6.89,6.68
09/03/2026 22:30,29.82,7.21,5.92
09/03/2026 22:33,28.27,7.33,6.09
09/03/2026 22:36,28.28,8.17,5.63
09/03/2026 22:39,29.01,8.39,7.87
09/03/2026 22:42,30.02,6.42,7.85
09/03/2026 22:45,31.08,8.07,7.25
09/03/2026 22:48,25.52,7.16,7
09/03/2026 22:51,25.04,7.8,6.8
09/03/2026 22:54,30.43,8.31,7.44
09/03/2026 22:57,29.94,7.28,5.09
09/03/2026 23:00,28.26,7.37,5.3
09/03/2026 23:03,29.25,8.39,5.55
09/03/2026 23:06,28.34,8.22,6.19
09/03/2026 23:09,29.15,8.23,6.9
09/03/2026 23:12,32.84,6.58,5.1
09/03/2026 23:15,30.7,7.78,6.01
09/03/2026 23:18,30.49,7.9,7.09
09/03/2026 23:21,25.71,8.32,4.62
09/03/2026 23:24,29.9,8.07,5.89
09/03/2026 23:27,28.63,6.6,7.76
09/03/2026 23:30,28.31,6.52,5.68
09/03/2026 23:33,30.55,7.58,3.55
09/03/2026 23:36,29.51,7.82,6.51
09/03/2026 23:39,28.25,8.36,6.89
09/03/2026 23:42,30.63,6.3,6.79
09/03/2026 23:45,29.63,8.06,5.9
09/03/2026 23:48,30.81,7.79,7.15
09/03/2026 23:51,28.11,7.19,5.44
09/03/2026 23:54,28.7,8.72,7.72
09/03/2026 23:57,29,7.18,7.7
10/03/2026 0:00,28.35,7.08,5.91
10/03/2026 0:03,28.54,7.14,6.66
10/03/2026 0:06,29.65,7.55,5.01
10/03/2026 0:09,28.94,7.68,7.66
10/03/2026 0:12,29.4,7.14,6.02
10/03/2026 0:15,31.77,7.35,5.18
10/03/2026 0:18,28.36,7.68,6.74
10/03/2026 0:21,30.9,8.29,6.35
10/03/2026 0:24,29.55,8.11,4.23
10/03/2026 0:27,28.99,8.44,5.84
10/03/2026 0:30,29.52,7.85,7.76
10/03/2026 0:33,30.03,7.46,5.07
10/03/2026 0:36,29.32,8.17,8.95
10/03/2026 0:39,29.61,6.49,6.79
10/03/2026 0:42,29.52,8.04,7.53
10/03/2026 0:45,29.98,8.06,6.78
10/03/2026 0:48,28.84,7.83,7.98
10/03/2026 0:51,30.3,7.15,8.49
10/03/2026 0:54,29.31,7.36,5.85
10/03/2026 0:57,30.56,8.44,5.1
10/03/2026 1:00,33.28,7.24,4.27
10/03/2026 1:03,29.08,7.68,7.56
10/03/2026 1:06,28.6,7.13,7.48
10/03/2026 1:09,28.82,7.83,5.9
10/03/2026 1:12,28.25,7.7,7.2
10/03/2026 1:15,29.96,7.41,5.89
10/03/2026 1:18,28.72,7.67,5.38
10/03/2026 1:21,29.2,7.34,6.31
10/03/2026 1:24,28.88,7.35,7.7
10/03/2026 1:27,28.78,8.46,7.92
10/03/2026 1:30,30.76,8.2,7.38
10/03/2026 1:33,30.93,7.34,7.41
10/03/2026 1:36,30.28,7.08,7.39
10/03/2026 1:39,30.75,7.24,6.67
10/03/2026 1:42,28.67,7.04,4.32
10/03/2026 1:45,28.03,7.28,7.3
10/03/2026 1:48,29,7.46,6.93
10/03/2026 1:51,28.56,8.13,5.92
10/03/2026 1:54,28.47,7.86,5.37
10/03/2026 1:57,30.96,7.13,6.66
10/03/2026 2:00,28.55,8.39,6.07
10/03/2026 2:03,29.08,8.09,7.28
10/03/2026 2:06,28.1,7.77,5.38
10/03/2026 2:09,30.1,7.86,7.37
10/03/2026 2:12,29.46,7.94,6.36
10/03/2026 2:15,28.38,7.91,7.85
10/03/2026 2:18,28.81,8.29,6.19
10/03/2026 2:21,31.04,8.06,5.46
10/03/2026 2:24,28.16,8.04,7.62
10/03/2026 2:27,32.25,7.99,7.74
10/03/2026 2:30,30.93,8.08,7.72
10/03/2026 2:33,28.92,7.32,7.94
10/03/2026 2:36,28.19,6.73,8.15
10/03/2026 2:39,30.61,8.13,7.1
10/03/2026 2:42,29.64,7.66,5.19
10/03/2026 2:45,29.71,8.75,6.38
10/03/2026 2:48,29.15,8.07,5.56
10/03/2026 2:51,29.98,8.49,6.18
10/03/2026 2:54,28.91,8.34,6.01
10/03/2026 2:57,29.78,8.35,5.45
10/03/2026 3:00,28.74,7.76,5.4
10/03/2026 3:03,25.6,7.18,7.89
10/03/2026 3:06,27.39,7.13,7.81
10/03/2026 3:09,29.28,8.45,5.75
10/03/2026 3:12,28.72,7.88,5.01
10/03/2026 3:15,30.76,7.8,7.28
10/03/2026 3:18,29.46,8,6.3
10/03/2026 3:21,29.8,7.67,7.02
10/03/2026 3:24,29.81,7.86,5.94
10/03/2026 3:27,30.64,8.15,7.55
10/03/2026 3:30,29.51,8,6.1
10/03/2026 3:33,30.87,7.3,5.12
10/03/2026 3:36,30.41,8.11,6.05
10/03/2026 3:39,30.67,8.24,7.7
10/03/2026 3:42,29.76,7.69,5.04
10/03/2026 3:45,28.9,7.64,5.81
10/03/2026 3:48,28.51,7.72,7.9
10/03/2026 3:51,30.03,7.33,7.15
10/03/2026 3:54,28.14,7.92,6.6
10/03/2026 3:57,29.75,8.42,7.95
10/03/2026 4:00,29.29,7.69,9.78
10/03/2026 4:03,28.58,7.83,7.94
10/03/2026 4:06,25.53,7.37,6.32
10/03/2026 4:09,30.62,7.79,4.65
10/03/2026 4:12,26.11,7.11,7.46
10/03/2026 4:15,32.92,6.59,6.71
10/03/2026 4:18,28.83,7.75,6.6
10/03/2026 4:21,28.34,7.21,5.18
10/03/2026 4:24,28.82,7.15,6.6
10/03/2026 4:27,29.36,7.7,7.19
10/03/2026 4:30,29.69,8.48,8.59
10/03/2026 4:33,27.78,7.64,5.55
10/03/2026 4:36,30.85,7.09,7.42
10/03/2026 4:39,29.07,7.08,6.39
10/03/2026 4:42,30.46,8.26,6.49
10/03/2026 4:45,30.35,8.15,7.14
10/03/2026 4:48,28.95,8.15,6.95
10/03/2026 4:51,29.97,7.08,7.69
10/03/2026 4:54,30.03,8.45,6.78
10/03/2026 4:57,31.97,7.37,5.66
10/03/2026 5:00,28.59,7.77,6.06
10/03/2026 5:03,30.8,7.15,7.78
10/03/2026 5:06,28.19,7.06,6.94
10/03/2026 5:09,28.19,8.19,7.11
10/03/2026 5:12,29.66,7.19,8.18
10/03/2026 5:15,28.94,8.09,6.08
10/03/2026 5:18,29.66,7.03,5.19
10/03/2026 5:21,28.89,7.06,7.79
10/03/2026 5:24,30.66,7.81,6.85
10/03/2026 5:27,29.36,8.26,7.11
10/03/2026 5:30,28.34,8.37,7.92
10/03/2026 5:33,28.82,8.49,7
10/03/2026 5:36,28.48,7.06,6.28
10/03/2026 5:39,30.97,8.34,6.45
10/03/2026 5:42,30.29,8.46,5.23
10/03/2026 5:45,28.72,6.88,5.32
10/03/2026 5:48,28.62,8.46,6.32
10/03/2026 5:51,30.13,8.28,5.82
10/03/2026 5:54,30.35,8.03,5.95
10/03/2026 5:57,32.12,7.29,5.81
10/03/2026 6:00,29.49,7.99,5.93
10/03/2026 6:03,30.77,7.87,6.29
10/03/2026 6:06,29.3,8.46,7.78
10/03/2026 6:09,29.79,8.15,5.82
10/03/2026 6:12,28.19,8.14,6.6
10/03/2026 6:15,29.62,7.52,6.38
10/03/2026 6:18,26.15,7.29,6.11
10/03/2026 6:21,28.69,6.81,4.31
10/03/2026 6:24,28.37,8.03,7.58
10/03/2026 6:27,29.09,8.18,5.26
10/03/2026 6:30,29.79,8.4,5.32
10/03/2026 6:33,30.54,8.32,7.09
10/03/2026 6:36,29,7.26,6.63
10/03/2026 6:39,29.55,8.89,5.01
10/03/2026 6:42,30,7.42,5.78
10/03/2026 6:45,28.03,7.2,7.53
10/03/2026 6:48,29.69,7.52,5.01
10/03/2026 6:51,29.81,7.39,5.37
10/03/2026 6:54,28.36,8.12,7.11
10/03/2026 6:57,29.34,7,5.97
10/03/2026 7:00,29.32,7.18,6.13
10/03/2026 7:03,30.24,7.44,5.08
10/03/2026 7:06,28.95,8.39,6.24
10/03/2026 7:09,29.09,7.48,6.98
10/03/2026 7:12,28.18,6.98,7.59
10/03/2026 7:15,28.74,7.8,9.56
10/03/2026 7:18,29.96,8.15,5.48
10/03/2026 7:21,28.95,6.71,5.08
10/03/2026 7:24,29.78,7.62,6.24
10/03/2026 7:27,29.08,8.74,7.81
10/03/2026 7:30,29.77,8.04,6.53
10/03/2026 7:33,29.95,8.27,6.93
10/03/2026 7:36,29.22,7.9,5.26
10/03/2026 7:39,30.66,7.22,5.31
10/03/2026 7:42,28.02,8.38,7.13
10/03/2026 7:45,28.39,7.72,7.55
10/03/2026 7:48,29.66,7.71,7.48
10/03/2026 7:51,28.48,7.61,5.3
10/03/2026 7:54,28.89,7.3,6.58
10/03/2026 7:57,28.72,7.47,7.71
10/03/2026 8:00,29.58,7.19,7.93
10/03/2026 8:03,28.74,7.58,9.27
10/03/2026 8:06,29.36,8.95,6.96
10/03/2026 8:09,29.9,8.61,7.01
10/03/2026 8:12,28.74,7.55,9.72
10/03/2026 8:15,28.54,7.77,7.77
10/03/2026 8:18,31.47,7.52,5.53
10/03/2026 8:21,30.97,7.86,6.11
10/03/2026 8:24,28.55,8.36,5.58
10/03/2026 8:27,29,8.25,7.02
10/03/2026 8:30,29.2,8.35,5.69
10/03/2026 8:33,30.58,7.81,5.47
10/03/2026 8:36,28.83,7.17,4.47
10/03/2026 8:39,28.66,8.15,6.43
10/03/2026 8:42,28.38,7.77,7.44
10/03/2026 8:45,30.28,7.85,6.17
10/03/2026 8:48,27.62,7.04,6.53
10/03/2026 8:51,29.7,7.93,8.9
10/03/2026 8:54,28.28,7.21,3.83
10/03/2026 8:57,29.36,8.01,7.63
10/03/2026 9:00,30.97,7.33,7.32
10/03/2026 9:03,30.77,7.07,5.09
10/03/2026 9:06,29.69,7.25,7.23
10/03/2026 9:09,28.71,7.72,5.93
10/03/2026 9:12,29.77,7.52,5.17
10/03/2026 9:15,29.54,7.91,6.98
10/03/2026 9:18,30.91,7.53,7.56
10/03/2026 9:21,28.05,8.17,5.05
10/03/2026 9:24,25.37,8.13,6.24
10/03/2026 9:27,28.93,7.8,6.32
10/03/2026 9:30,33.66,8.08,6.4
10/03/2026 9:33,29.21,7.78,4.34
10/03/2026 9:36,30.19,7.06,7.18
10/03/2026 9:39,30.25,7.13,4.16
10/03/2026 9:42,30.2,7.35,5.64
10/03/2026 9:45,29.71,8.37,6.69
10/03/2026 9:48,29.66,7.89,6.16
10/03/2026 9:51,28.87,7.62,6.48
10/03/2026 9:54,30.61,8.4,7.38
10/03/2026 9:57,29.28,7.1,6.85
10/03/2026 10:00,29.07,7.71,7.75
10/03/2026 10:03,30.39,7.32,7.56
10/03/2026 10:06,30.17,7.03,6.8
10/03/2026 10:09,28.96,7.06,3.69
10/03/2026 10:12,28.07,7.95,3.69
10/03/2026 10:15,28.03,6.91,6.88
10/03/2026 10:18,30.55,7.85,5.59
10/03/2026 10:21,28.45,8.33,7.41
10/03/2026 10:24,29.81,7.69,7.29
10/03/2026 10:27,29.77,8.27,5.86
10/03/2026 10:30,28.68,8.2,5.31
10/03/2026 10:33,29.34,7.7,6.07
10/03/2026 10:36,29.26,7.83,5.6
10/03/2026 10:39,29.51,7.52,7.67
10/03/2026 10:42,30.57,8.16,7.24
10/03/2026 10:45,30.75,7.89,6.4
10/03/2026 10:48,28.26,6.5,5.42
10/03/2026 10:51,29.29,8,5.24
10/03/2026 10:54,28.88,7.98,7.45
10/03/2026 10:57,30.36,7.47,5.66
10/03/2026 11:00,29.04,8.25,7.47
10/03/2026 11:03,29.46,8.08,6.37
10/03/2026 11:06,30.12,7.27,5.36
10/03/2026 11:09,29.91,7.94,7.96
10/03/2026 11:12,30.23,8.08,7.15
10/03/2026 11:15,29.29,7.4,5.33
10/03/2026 11:18,29.62,7.13,5.42
10/03/2026 11:21,28.82,7.01,6
10/03/2026 11:24,26.58,6.34,7.63
10/03/2026 11:27,30.33,8.11,6.22
10/03/2026 11:30,30.6,8.23,5.24
10/03/2026 11:33,28.91,8.09,7.01
10/03/2026 11:36,29.49,7.17,5.86
10/03/2026 11:39,28.31,7.96,5.99
10/03/2026 11:42,28.34,7.81,7.03
10/03/2026 11:45,28.43,8.26,5.93
10/03/2026 11:48,29.89,7.51,9.48
10/03/2026 11:51,30.36,7.01,5.11
10/03/2026 11:54,28.39,7.42,5.22
10/03/2026 11:57,30.99,8.29,5.14
10/03/2026 12:00,29.06,8.12,7.09
10/03/2026 12:03,30.68,7.77,6.73
10/03/2026 12:06,31,8.3,6.83
10/03/2026 12:09,30.52,7.29,5.41
10/03/2026 12:12,29.14,7.72,5.35
10/03/2026 12:15,28.07,7.06,4.16
10/03/2026 12:18,31.49,7.81,6.25
10/03/2026 12:21,29.52,8.36,7.57
10/03/2026 12:24,29.46,7.32,5.06
10/03/2026 12:27,28.01,7.68,6.6
10/03/2026 12:30,30.61,7.5,7.51
10/03/2026 12:33,28.44,8.26,3.76
10/03/2026 12:36,29.88,8.04,7.45
10/03/2026 12:39,28.79,7.72,6.06
10/03/2026 12:42,29.24,7.21,7.18
10/03/2026 12:45,29.41,6.54,7.37
10/03/2026 12:48,29.76,7.82,6.3
10/03/2026 12:51,29.56,7.55,7.79
10/03/2026 12:54,29.09,7.48,7.57
10/03/2026 12:57,28.12,7.38,9.56
10/03/2026 13:00,28.38,7.34,6.41
10/03/2026 13:03,29.87,7.93,5.31
10/03/2026 13:06,29.82,7.78,7.65
10/03/2026 13:09,30,7.45,6.38
10/03/2026 13:12,28.24,8.31,8.32
10/03/2026 13:15,28.75,7.33,5.7
10/03/2026 13:18,33.83,7.78,5.16
10/03/2026 13:21,28.7,8.53,6.48
10/03/2026 13:24,30.44,8.26,8.95
10/03/2026 13:27,30.28,7.87,6.16
10/03/2026 13:30,30.25,8.47,6.17
10/03/2026 13:33,30.92,8.49,7.95
10/03/2026 13:36,30.75,8.65,7.22
10/03/2026 13:39,29.93,7.11,7.66
10/03/2026 13:42,29.53,7.34,6.31
10/03/2026 13:45,30.45,7.5,5.73
10/03/2026 13:48,29.65,7.57,5.1
10/03/2026 13:51,30.3,6.84,7.9
10/03/2026 13:54,28.54,8.5,7.88
10/03/2026 13:57,29.54,7.4,4
10/03/2026 14:00,33.84,7.38,7.19
10/03/2026 14:03,29.45,8.23,5.04
10/03/2026 14:06,29.45,8.7,6.88
10/03/2026 14:09,29.56,6.67,5.2
10/03/2026 14:12,29.84,8.06,4.38
10/03/2026 14:15,29.82,7.76,7.46
10/03/2026 14:18,30.86,8.37,7.52
10/03/2026 14:21,28.66,7.1,6.98
10/03/2026 14:24,28.43,8.13,5.16
10/03/2026 14:27,30.19,7.77,5.12
10/03/2026 14:30,28.73,7.1,6.08
10/03/2026 14:33,28.84,8.2,7.55
10/03/2026 14:36,28.54,8.37,7.41
10/03/2026 14:39,29.43,8.54,5.27
10/03/2026 14:42,27.33,7.1,7.15
10/03/2026 14:45,29.23,8,6.2
10/03/2026 14:48,30.93,7.17,7.73
10/03/2026 14:51,31.63,7.19,6.16
10/03/2026 14:54,30.03,7.8,5.17
10/03/2026 14:57,29.75,7.02,6.55
10/03/2026 15:00,27.22,7.13,5.26
10/03/2026 15:03,29.73,8.05,6.03
10/03/2026 15:06,28.86,9,7.52
10/03/2026 15:09,30.66,7.56,7.73
10/03/2026 15:12,28.35,8.42,5.95
10/03/2026 15:15,30.21,8.01,4.67
10/03/2026 15:18,28.37,7.84,7.99
10/03/2026 15:21,29.5,7.32,6.31
10/03/2026 15:24,28.65,7.2,5.21
10/03/2026 15:27,29.66,7.94,5.87
10/03/2026 15:30,28.59,7.77,5.72
10/03/2026 15:33,29.51,8.38,6.95
10/03/2026 15:36,28.09,7.44,6.57
10/03/2026 15:39,28.74,7.94,5.6
10/03/2026 15:42,30.21,7.72,5.53
10/03/2026 15:45,31.77,7.26,7.58
10/03/2026 15:48,29.56,8.48,5.65
10/03/2026 15:51,29.49,7.56,7.02
10/03/2026 15:54,26.98,7.36,5.31
10/03/2026 15:57,33.04,7.41,5.65
10/03/2026 16:00,29.91,7.93,7.75
10/03/2026 16:03,29.58,7.67,5.32
10/03/2026 16:06,28.79,8.2,6.08
10/03/2026 16:09,30.67,6.58,6.71
10/03/2026 16:12,28.94,7.43,5.08
10/03/2026 16:15,28.05,7.7,7.12
10/03/2026 16:18,28.57,8.1,6.71
10/03/2026 16:21,29.23,7.11,7.14
10/03/2026 16:24,28.03,7.95,5.9
10/03/2026 16:27,29.64,7.26,6.51
10/03/2026 16:30,30.86,8.26,5.03
10/03/2026 16:33,29.68,7.54,7.06
10/03/2026 16:36,28.62,7.84,5.31
10/03/2026 16:39,28.19,7.63,6.12
10/03/2026 16:42,29.62,8.46,5.13
10/03/2026 16:45,30.06,7.8,7.08
10/03/2026 16:48,29.92,7.08,6.91
10/03/2026 16:51,29.7,7.88,6.37
10/03/2026 16:54,29.1,7.82,6.9
10/03/2026 16:57,32.03,7.84,5.51
10/03/2026 17:00,29.17,7.7,7.83
10/03/2026 17:03,30.59,8.15,7.5
10/03/2026 17:06,28.15,7.13,4.18
10/03/2026 17:09,28.9,7.73,7.14
10/03/2026 17:12,28.86,8.01,9.72
10/03/2026 17:15,30.94,8.07,5.39
10/03/2026 17:18,29.51,8.64,5.18
10/03/2026 17:21,28.54,7.23,6.09
10/03/2026 17:24,31.4,7.97,6.69
10/03/2026 17:27,30.54,7.49,5.2
10/03/2026 17:30,29.12,8.2,6.58
10/03/2026 17:33,32.48,7.29,6.24
10/03/2026 17:36,29.16,8.48,6.42
10/03/2026 17:39,29.01,9.09,5.19
10/03/2026 17:42,28.45,8.12,7.39
10/03/2026 17:45,29.34,7.38,6.34
10/03/2026 17:48,29.65,8.78,6.42
10/03/2026 17:51,29.36,7.96,7.87
10/03/2026 17:54,29.14,7.29,7.22
10/03/2026 17:57,28.69,7.69,6.31
10/03/2026 18:00,30.58,7.52,7.51
10/03/2026 18:03,30.59,7.96,4.35
10/03/2026 18:06,29.69,9.05,3.59
10/03/2026 18:09,30.13,6.93,7.2
10/03/2026 18:12,30.73,8.25,6.49
10/03/2026 18:15,28.48,7.31,5.13
10/03/2026 18:18,28.38,7.65,6.41
10/03/2026 18:21,28.6,7.57,7.99
10/03/2026 18:24,31.02,8.32,9.04
10/03/2026 18:27,29.77,7.75,6.44
10/03/2026 18:30,28.22,7.41,9.36
10/03/2026 18:33,30.2,8.5,5.42
10/03/2026 18:36,28.15,7.6,6.8
10/03/2026 18:39,28.08,7.32,7.39
10/03/2026 18:42,30.9,8.25,6.35
10/03/2026 18:45,29.06,7.63,5.95
10/03/2026 18:48,29.68,6.72,7.79
10/03/2026 18:51,29.45,7.82,3.51
10/03/2026 18:54,29.94,7.24,6.78
10/03/2026 18:57,26.7,8.71,5.07
10/03/2026 19:00,30.83,7.56,5.85
10/03/2026 19:03,29.67,7.91,6.84
10/03/2026 19:06,28.97,7.27,5.89
10/03/2026 19:09,25.66,7.93,4.13
10/03/2026 19:12,28.12,8.28,5.21
10/03/2026 19:15,31.74,7.57,5.27
10/03/2026 19:18,29.93,7.32,7.04
10/03/2026 19:21,29.26,7.07,6.72
10/03/2026 19:24,30.87,7.23,7.28
10/03/2026 19:27,29.76,8.19,5.02
10/03/2026 19:30,29.9,7.42,7.37
10/03/2026 19:33,25.72,6.64,6.2
10/03/2026 19:36,29.92,7.14,5.27
10/03/2026 19:39,29.63,8.16,6.56
10/03/2026 19:42,29.16,8.16,6.68
10/03/2026 19:45,29.38,7.6,7.86
10/03/2026 19:48,30.05,8.85,7.82
10/03/2026 19:51,28.72,8.84,7.33
10/03/2026 19:54,28.55,7.48,6.14
10/03/2026 19:57,30.7,7.04,4.7
10/03/2026 20:00,30.05,7.72,6.95
10/03/2026 20:03,25.03,7.07,9.83
10/03/2026 20:06,30.61,8.49,7.14
10/03/2026 20:09,29.1,7.42,6.8
10/03/2026 20:12,29.73,8.31,5.53
10/03/2026 20:15,29.81,8.18,6.34
10/03/2026 20:18,30.68,7.52,8.61
10/03/2026 20:21,30.63,8.28,6.16
10/03/2026 20:24,28.78,7.79,9.87
10/03/2026 20:27,30.91,8.34,7.46
10/03/2026 20:30,29.12,8.19,5.65
10/03/2026 20:33,29.83,7.33,6.26
10/03/2026 20:36,30.98,8.38,7.5
10/03/2026 20:39,29.22,7.52,6.83
10/03/2026 20:42,29.93,8.06,6.94
10/03/2026 20:45,30.96,7.41,6.76
10/03/2026 20:48,29.89,7.53,7.19
10/03/2026 20:51,29.97,7.03,7.77
10/03/2026 20:54,30.36,8.77,4.44
10/03/2026 20:57,30.36,7.8,7.74
10/03/2026 21:00,26.34,7.39,7.53
10/03/2026 21:03,30.84,7.14,5.14
10/03/2026 21:06,29.95,7.04,6.35
10/03/2026 21:09,28.75,7.42,7.07
10/03/2026 21:12,28.18,8.02,6.22
10/03/2026 21:15,28.24,8.23,7.47
10/03/2026 21:18,30.89,7.87,6.01
10/03/2026 21:21,30.47,7.32,5.71
10/03/2026 21:24,29.78,7,6.62
10/03/2026 21:27,30.7,7.86,5.43
10/03/2026 21:30,25.8,7.62,6.2
10/03/2026 21:33,30.61,7.67,6.23
10/03/2026 21:36,29.08,8.27,5.73
10/03/2026 21:39,30.43,7.08,5.13
10/03/2026 21:42,28.6,6.85,6.71
10/03/2026 21:45,25.72,7.24,5.92
10/03/2026 21:48,30.95,7.93,6.84
10/03/2026 21:51,28.95,7,7.26
10/03/2026 21:54,28.84,7.73,5.96
10/03/2026 21:57,28.55,7.18,6.21
10/03/2026 22:00,26.92,8.09,9.77
10/03/2026 22:03,29.67,7.2,7.65
10/03/2026 22:06,30.7,8.22,5.82
10/03/2026 22:09,29.66,7.86,5.01
10/03/2026 22:12,28.12,8.34,5.8
10/03/2026 22:15,28.16,7.2,6.17
10/03/2026 22:18,29.55,7.38,5.52
10/03/2026 22:21,30.67,7.83,7.38
10/03/2026 22:24,29.75,7.32,7.92
10/03/2026 22:27,30.24,7.71,6.64
10/03/2026 22:30,30.51,7.37,7.39
10/03/2026 22:33,28.39,7.62,5.22
10/03/2026 22:36,29.29,8.01,4.58
10/03/2026 22:39,28.01,7.75,7.48
10/03/2026 22:42,29.26,8.36,6.71
10/03/2026 22:45,30.58,8,5.48
10/03/2026 22:48,30.36,7.47,6.81
10/03/2026 22:51,29,8.13,7.57
10/03/2026 22:54,30.14,7.43,6.3
10/03/2026 22:57,30.14,8.46,5.32
10/03/2026 23:00,29.47,6.38,7.4
10/03/2026 23:03,28.31,7.13,6.98
10/03/2026 23:06,30.78,7.65,5.7
10/03/2026 23:09,29.72,7.42,7.09
10/03/2026 23:12,28.54,7.97,7.37
10/03/2026 23:15,30.02,6.42,7.11
10/03/2026 23:18,30.31,8.26,7.29
10/03/2026 23:21,28.33,8.45,6.64
10/03/2026 23:24,29.27,6.58,4.7
10/03/2026 23:27,30.85,7.64,7.68
10/03/2026 23:30,29.76,7.93,6.63
10/03/2026 23:33,32.86,8.39,5.86
10/03/2026 23:36,30.35,7.81,5.83
10/03/2026 23:39,28.45,7.19,5.31
10/03/2026 23:42,33.93,8.18,6.24
10/03/2026 23:45,28.8,8.49,5.37
10/03/2026 23:48,31.18,7,9.43
10/03/2026 23:51,31.27,7.86,6.68
10/03/2026 23:54,30.89,8.87,7.99
10/03/2026 23:57,28.24,8.21,7.5
11/03/2026 0:00,30.68,8.01,6.03
11/03/2026 0:03,28.19,8.27,5.45
11/03/2026 0:06,29.78,8.02,6.63
11/03/2026 0:09,28.04,7.44,6.81
11/03/2026 0:12,25.47,7.72,3.6
11/03/2026 0:15,30.71,8.34,6.6
11/03/2026 0:18,29.6,8.74,7.59
11/03/2026 0:21,29.61,7.25,5.63
11/03/2026 0:24,29.17,7.13,7.94
11/03/2026 0:27,30.09,6.56,6.71
11/03/2026 0:30,30,7.38,7.63
11/03/2026 0:33,29.81,8.08,6.52
11/03/2026 0:36,29.38,7.08,6.98
11/03/2026 0:39,28.57,8.17,5.89
11/03/2026 0:42,29.74,8.45,7.26
11/03/2026 0:45,30.82,7.36,6.03
11/03/2026 0:48,28.9,8.58,5.3
11/03/2026 0:51,32.39,8.25,5.83
11/03/2026 0:54,29.38,7.85,8.92
11/03/2026 0:57,28.17,7.39,6.85
11/03/2026 1:00,28.26,8.09,7.78
11/03/2026 1:03,25.71,7.44,6.36
11/03/2026 1:06,28.6,8.3,5.84
11/03/2026 1:09,29.89,7.68,7.39
11/03/2026 1:12,28.82,7.99,5.79
11/03/2026 1:15,30.85,8.19,7.47
11/03/2026 1:18,29.25,7.31,7.06
11/03/2026 1:21,29.87,7.07,7.39
11/03/2026 1:24,29.7,7.92,3.57
11/03/2026 1:27,29.49,7.62,6.95
11/03/2026 1:30,29.2,7.16,5.31
11/03/2026 1:33,29.34,7.34,7.59
11/03/2026 1:36,30.99,7.95,5.75
11/03/2026 1:39,28.28,9.1,7.26
11/03/2026 1:42,30.9,7.77,6.9
11/03/2026 1:45,28.76,7.23,5.22
11/03/2026 1:48,30.39,7.74,7.6
11/03/2026 1:51,28.69,8.17,7.73
11/03/2026 1:54,33.47,8.23,6.54
11/03/2026 1:57,29.17,8.49,5.53
11/03/2026 2:00,30.14,7.42,5.73
11/03/2026 2:03,30.77,7.46,7.55
11/03/2026 2:06,29.31,7.91,6.18
11/03/2026 2:09,29.83,8.57,7
11/03/2026 2:12,29.04,7.21,5.27
11/03/2026 2:15,28.63,7.72,7.75
11/03/2026 2:18,30.82,7.42,5.52
11/03/2026 2:21,30.82,7.82,6.24
11/03/2026 2:24,30.93,8.22,7
11/03/2026 2:27,30.93,8.02,7.01
11/03/2026 2:30,30.71,8.17,6.5
11/03/2026 2:33,29.68,7.73,9.26
11/03/2026 2:36,28.93,8.14,6.02
11/03/2026 2:39,29.17,8.14,5.44
11/03/2026 2:42,28.88,7.76,5.18
11/03/2026 2:45,28.95,7.52,7.48
11/03/2026 2:48,30.3,6.68,7.69
11/03/2026 2:51,30.82,7.58,5.32
11/03/2026 2:54,29.71,7.71,6.74
11/03/2026 2:57,30.14,8.04,6.14
11/03/2026 3:00,28.82,7.9,5.9
11/03/2026 3:03,30.69,8.13,6.72
11/03/2026 3:06,29.59,8.48,7.33
11/03/2026 3:09,27.24,7.88,6.95
11/03/2026 3:12,29.99,8.46,7.34
11/03/2026 3:15,30.59,8.29,7.27
11/03/2026 3:18,28.95,8.14,7.17
11/03/2026 3:21,28.56,8.22,6.72
11/03/2026 3:24,31.51,7.12,7.16
11/03/2026 3:27,29.67,7.34,7.6
11/03/2026 3:30,30.45,8.14,6.1
11/03/2026 3:33,30.57,7.9,4.89
11/03/2026 3:36,28.15,7.3,6.84
11/03/2026 3:39,26.19,8.13,5.16
11/03/2026 3:42,30.38,7.65,5.28
11/03/2026 3:45,28.83,7.45,6.32
11/03/2026 3:48,28.32,8.44,7.09
11/03/2026 3:51,28.89,8.01,7.69
11/03/2026 3:54,28.37,7.26,4.3
11/03/2026 3:57,29.12,7.33,5.34
11/03/2026 4:00,29.45,8.14,7.1
11/03/2026 4:03,30.77,8.65,7.09
11/03/2026 4:06,30.62,7.03,7.69
11/03/2026 4:09,30.26,8.23,6.78
11/03/2026 4:12,28.29,7.02,6.98
11/03/2026 4:15,27.3,7.65,5.12
11/03/2026 4:18,29.35,8.29,5.91
11/03/2026 4:21,28.99,7.65,7.05
11/03/2026 4:24,32.73,8.54,7.06
11/03/2026 4:27,30.93,7.65,6.1
11/03/2026 4:30,25.54,7.67,6.19
11/03/2026 4:33,30.74,7.43,6.05
11/03/2026 4:36,30.74,8.1,6.88
11/03/2026 4:39,30.52,7.39,7.84
11/03/2026 4:42,32.01,8.15,7.25
11/03/2026 4:45,30.25,8.38,4.15
11/03/2026 4:48,30.13,7.1,6.15
11/03/2026 4:51,29.58,7.02,6.77
11/03/2026 4:54,29.75,8.12,8.5
11/03/2026 4:57,32.41,8.14,3.72
11/03/2026 5:00,29.44,7.35,6.37
11/03/2026 5:03,29.52,6.96,7.94
11/03/2026 5:06,28.48,7.49,4.18
11/03/2026 5:09,31.44,7.32,7.31
11/03/2026 5:12,28.73,7.24,5.25
11/03/2026 5:15,28.7,7.46,6.94
11/03/2026 5:18,29.02,6.59,7.41
11/03/2026 5:21,29.4,7.11,6.87
11/03/2026 5:24,29.33,7.64,7.41
11/03/2026 5:27,30.75,8.15,7.96
11/03/2026 5:30,28.49,8.05,7.29
11/03/2026 5:33,29.3,7.5,3.94
11/03/2026 5:36,28.75,7.52,6.27
11/03/2026 5:39,30.91,8.36,7.58
11/03/2026 5:42,29.52,8.92,7.2
11/03/2026 5:45,29.79,8,7.93
11/03/2026 5:48,30.88,7.47,7.19
11/03/2026 5:51,30.06,7.49,6.35
11/03/2026 5:54,29.54,7.14,5.87
11/03/2026 5:57,26.15,7.59,5.92
11/03/2026 6:00,29.09,6.3,7.55
11/03/2026 6:03,30.32,7.19,6.06
11/03/2026 6:06,26.87,7.2,7.56
11/03/2026 6:09,29.23,7.15,5.55
11/03/2026 6:12,30.27,7.24,5.39
11/03/2026 6:15,28.6,7.5,8.04
11/03/2026 6:18,28.07,7.2,6
11/03/2026 6:21,28.94,7.64,7.93
11/03/2026 6:24,30.16,7.78,5.82
11/03/2026 6:27,30.98,7.89,7.46
11/03/2026 6:30,28.61,6.72,6.08
11/03/2026 6:33,30.44,7.08,5.01
11/03/2026 6:36,29.81,7.12,7.38
11/03/2026 6:39,29.42,7.64,7.18
11/03/2026 6:42,30.75,7.15,5.98
11/03/2026 6:45,29.65,7.1,7.78
11/03/2026 6:48,29.66,8.5,6.81
11/03/2026 6:51,26.75,7.46,5.96
11/03/2026 6:54,28.11,7.24,6.72
11/03/2026 6:57,29.87,8.12,5.62
11/03/2026 7:00,30.33,7.68,7.59
11/03/2026 7:03,29.75,8.44,5.66
11/03/2026 7:06,30.42,7.23,7.94
11/03/2026 7:09,29.77,7.27,3.88
11/03/2026 7:12,30.1,8.35,7.07
11/03/2026 7:15,28.85,8.47,7.39
11/03/2026 7:18,28.46,8.82,6.12
11/03/2026 7:21,29.7,8.43,9.57
11/03/2026 7:24,30.2,8.45,5.79
11/03/2026 7:27,29.64,6.41,6.75
11/03/2026 7:30,28.53,7.01,6.75
11/03/2026 7:33,30.42,8.13,6.76
11/03/2026 7:36,28.53,7.1,7.29
11/03/2026 7:39,29.25,7.63,5.02
11/03/2026 7:42,30.58,6.94,6.92
11/03/2026 7:45,28.61,7.69,6.25
11/03/2026 7:48,28.91,7.42,5.26
11/03/2026 7:51,30.87,7.99,5.45
11/03/2026 7:54,29.49,7.34,5.7
11/03/2026 7:57,28.79,7.79,7.19
11/03/2026 8:00,28.02,7.52,7.13
11/03/2026 8:03,29.52,7.92,9.43
11/03/2026 8:06,30.6,7.84,5.35
11/03/2026 8:09,28.77,7.21,6.04
11/03/2026 8:12,29.82,6.71,5.73
11/03/2026 8:15,28.14,6.74,6.89
11/03/2026 8:18,25.89,7.86,5.2
11/03/2026 8:21,28.01,8.91,5.01
11/03/2026 8:24,29.66,7.24,6.6
11/03/2026 8:27,33.54,7.62,6.22
11/03/2026 8:30,28.33,7.93,7.58
11/03/2026 8:33,32.26,8.19,6.85
11/03/2026 8:36,30.93,8.16,7.69
11/03/2026 8:39,27.98,8.35,7.44
11/03/2026 8:42,29.93,9.04,7.31
11/03/2026 8:45,29.48,8.03,5.39
11/03/2026 8:48,29.32,7.46,7.91
11/03/2026 8:51,28.3,6.73,9.16
11/03/2026 8:54,26.17,7.64,7.1
11/03/2026 8:57,30.16,7.64,5.21
11/03/2026 9:00,30.9,7.56,6.9
11/03/2026 9:03,29.67,7.67,7.15
11/03/2026 9:06,29.7,8.14,7.39
11/03/2026 9:09,28.6,7.79,7.64
11/03/2026 9:12,28.6,8.5,6.01
11/03/2026 9:15,26.92,8.3,6.27
11/03/2026 9:18,28.06,7.85,7.06
11/03/2026 9:21,30.13,7.31,5.48
11/03/2026 9:24,30.35,7.58,6.19
11/03/2026 9:27,25.5,6.89,6.68
11/03/2026 9:30,29.82,7.21,5.92
11/03/2026 9:33,28.27,7.33,6.09
11/03/2026 9:36,28.28,8.17,5.63
11/03/2026 9:39,29.01,8.39,7.87
11/03/2026 9:42,30.02,6.42,7.85
11/03/2026 9:45,31.08,8.07,7.25
11/03/2026 9:48,25.52,7.16,7
11/03/2026 9:51,25.04,7.8,6.8
11/03/2026 9:54,30.43,8.31,7.44
11/03/2026 9:57,29.94,7.28,5.09
11/03/2026 10:00,28.26,7.37,5.3
11/03/2026 10:03,29.25,8.39,5.55
11/03/2026 10:06,28.34,8.22,6.19
11/03/2026 10:09,29.15,8.23,6.9
11/03/2026 10:12,32.84,6.58,5.1
11/03/2026 10:15,30.7,7.78,6.01
11/03/2026 10:18,30.49,7.9,7.09
11/03/2026 10:21,25.71,8.32,4.62
11/03/2026 10:24,29.9,8.07,5.89
11/03/2026 10:27,28.63,6.6,7.76
11/03/2026 10:30,28.31,6.52,5.68
11/03/2026 10:33,30.55,7.58,3.55
11/03/2026 10:36,29.51,7.82,6.51
11/03/2026 10:39,28.25,8.36,6.89
11/03/2026 10:42,30.63,6.3,6.79
11/03/2026 10:45,29.63,8.06,5.9
11/03/2026 10:48,30.81,7.79,7.15
11/03/2026 10:51,28.11,7.19,5.44
11/03/2026 10:54,28.7,8.72,7.72
11/03/2026 10:57,29,7.18,7.7
11/03/2026 11:00,28.35,7.08,5.91
11/03/2026 11:03,28.54,7.14,6.66
11/03/2026 11:06,29.65,7.55,5.01
11/03/2026 11:09,28.94,7.68,7.66
11/03/2026 11:12,29.4,7.14,6.02
11/03/2026 11:15,31.77,7.35,5.18
11/03/2026 11:18,28.36,7.68,6.74
11/03/2026 11:21,30.9,8.29,6.35
11/03/2026 11:24,29.55,8.11,4.23
11/03/2026 11:27,28.99,8.44,5.84
11/03/2026 11:30,29.52,7.85,7.76
11/03/2026 11:33,30.03,7.46,5.07
11/03/2026 11:36,29.32,8.17,8.95
11/03/2026 11:39,29.61,6.49,6.79
11/03/2026 11:42,29.52,8.04,7.53
11/03/2026 11:45,29.98,8.06,6.78
11/03/2026 11:48,28.84,7.83,7.98
11/03/2026 11:51,30.3,7.15,8.49
11/03/2026 11:54,29.31,7.36,5.85
11/03/2026 11:57,30.56,8.44,5.1
11/03/2026 12:00,33.28,7.24,4.27
11/03/2026 12:03,29.08,7.68,7.56
11/03/2026 12:06,28.6,7.13,7.48
11/03/2026 12:09,28.82,7.83,5.9
11/03/2026 12:12,28.25,7.7,7.2
11/03/2026 12:15,29.96,7.41,5.89
11/03/2026 12:18,28.72,7.67,5.38
11/03/2026 12:21,29.2,7.34,6.31
11/03/2026 12:24,28.88,7.35,7.7
11/03/2026 12:27,28.78,8.46,7.92
11/03/2026 12:30,30.76,8.2,7.38
11/03/2026 12:33,30.93,7.34,7.41
11/03/2026 12:36,30.28,7.08,7.39
11/03/2026 12:39,30.75,7.24,6.67
11/03/2026 12:42,28.67,7.04,4.32
11/03/2026 12:45,28.03,7.28,7.3
11/03/2026 12:48,29,7.46,6.93
11/03/2026 12:51,28.56,8.13,5.92
11/03/2026 12:54,28.47,7.86,5.37
11/03/2026 12:57,30.96,7.13,6.66
11/03/2026 13:00,28.55,8.39,6.07
11/03/2026 13:03,29.08,8.09,7.28
11/03/2026 13:06,28.1,7.77,5.38
11/03/2026 13:09,30.1,7.86,7.37
11/03/2026 13:12,29.46,7.94,6.36
11/03/2026 13:15,28.38,7.91,7.85
11/03/2026 13:18,28.81,8.29,6.19
11/03/2026 13:21,31.04,8.06,5.46
11/03/2026 13:24,28.16,8.04,7.62
11/03/2026 13:27,32.25,7.99,7.74
11/03/2026 13:30,30.93,8.08,7.72
11/03/2026 13:33,28.92,7.32,7.94
11/03/2026 13:36,28.19,6.73,8.15
11/03/2026 13:39,30.61,8.13,7.1
11/03/2026 13:42,29.64,7.66,5.19
11/03/2026 13:45,29.71,8.75,6.38
11/03/2026 13:48,29.15,8.07,5.56
11/03/2026 13:51,29.98,8.49,6.18
11/03/2026 13:54,28.91,8.34,6.01
11/03/2026 13:57,29.78,8.35,5.45
11/03/2026 14:00,28.74,7.76,5.4
11/03/2026 14:03,25.6,7.18,7.89
11/03/2026 14:06,27.39,7.13,7.81
11/03/2026 14:09,29.28,8.45,5.75
11/03/2026 14:12,28.72,7.88,5.01
11/03/2026 14:15,30.76,7.8,7.28
11/03/2026 14:18,29.46,8,6.3
11/03/2026 14:21,29.8,7.67,7.02
11/03/2026 14:24,29.81,7.86,5.94
11/03/2026 14:27,30.64,8.15,7.55
11/03/2026 14:30,29.51,8,6.1
11/03/2026 14:33,30.87,7.3,5.12
11/03/2026 14:36,30.41,8.11,6.05
11/03/2026 14:39,30.67,8.24,7.7
11/03/2026 14:42,29.76,7.69,5.04
11/03/2026 14:45,28.9,7.64,5.81
11/03/2026 14:48,28.51,7.72,7.9
11/03/2026 14:51,30.03,7.33,7.15
11/03/2026 14:54,28.14,7.92,6.6
11/03/2026 14:57,29.75,8.42,7.95
11/03/2026 15:00,29.29,7.69,9.78
11/03/2026 15:03,28.58,7.83,7.94
11/03/2026 15:06,25.53,7.37,6.32
11/03/2026 15:09,30.62,7.79,4.65
11/03/2026 15:12,26.11,7.11,7.46
11/03/2026 15:15,32.92,6.59,6.71
11/03/2026 15:18,28.83,7.75,6.6
11/03/2026 15:21,28.34,7.21,5.18
11/03/2026 15:24,28.82,7.15,6.6
11/03/2026 15:27,29.36,7.7,7.19
11/03/2026 15:30,29.69,8.48,8.59
11/03/2026 15:33,27.78,7.64,5.55
11/03/2026 15:36,30.85,7.09,7.42
11/03/2026 15:39,29.07,7.08,6.39
11/03/2026 15:42,30.46,8.26,6.49
11/03/2026 15:45,30.35,8.15,7.14
11/03/2026 15:48,28.95,8.15,6.95
11/03/2026 15:51,29.97,7.08,7.69
11/03/2026 15:54,30.03,8.45,6.78
11/03/2026 15:57,31.97,7.37,5.66
11/03/2026 16:00,28.59,7.77,6.06
11/03/2026 16:03,30.8,7.15,7.78
11/03/2026 16:06,28.19,7.06,6.94
11/03/2026 16:09,28.19,8.19,7.11
11/03/2026 16:12,29.66,7.19,8.18
11/03/2026 16:15,28.94,8.09,6.08
11/03/2026 16:18,29.66,7.03,5.19
11/03/2026 16:21,28.89,7.06,7.79
11/03/2026 16:24,30.66,7.81,6.85
11/03/2026 16:27,29.36,8.26,7.11
11/03/2026 16:30,28.34,8.37,7.92
11/03/2026 16:33,28.82,8.49,7
11/03/2026 16:36,28.48,7.06,6.28
11/03/2026 16:39,30.97,8.34,6.45
11/03/2026 16:42,30.29,8.46,5.23
11/03/2026 16:45,28.72,6.88,5.32
11/03/2026 16:48,28.62,8.46,6.32
11/03/2026 16:51,30.13,8.28,5.82
11/03/2026 16:54,30.35,8.03,5.95
11/03/2026 16:57,32.12,7.29,5.81
11/03/2026 17:00,29.49,7.99,5.93
11/03/2026 17:03,30.77,7.87,6.29
11/03/2026 17:06,29.3,8.46,7.78
11/03/2026 17:09,29.79,8.15,5.82
11/03/2026 17:12,28.19,8.14,6.6
11/03/2026 17:15,29.62,7.52,6.38
11/03/2026 17:18,26.15,7.29,6.11
11/03/2026 17:21,28.69,6.81,4.31
11/03/2026 17:24,28.37,8.03,7.58
11/03/2026 17:27,29.09,8.18,5.26
11/03/2026 17:30,29.79,8.4,5.32
11/03/2026 17:33,30.54,8.32,7.09
11/03/2026 17:36,29,7.26,6.63
11/03/2026 17:39,29.55,8.89,5.01
11/03/2026 17:42,30,7.42,5.78
11/03/2026 17:45,28.03,7.2,7.53
11/03/2026 17:48,29.69,7.52,5.01
11/03/2026 17:51,29.81,7.39,5.37
11/03/2026 17:54,28.36,8.12,7.11
11/03/2026 17:57,29.34,7,5.97
11/03/2026 18:00,29.32,7.18,6.13
11/03/2026 18:03,30.24,7.44,5.08
11/03/2026 18:06,28.95,8.39,6.24
11/03/2026 18:09,29.09,7.48,6.98
11/03/2026 18:12,28.18,6.98,7.59
11/03/2026 18:15,28.74,7.8,9.56
11/03/2026 18:18,29.96,8.15,5.48
11/03/2026 18:21,28.95,6.71,5.08
11/03/2026 18:24,29.78,7.62,6.24
11/03/2026 18:27,29.08,8.74,7.81
11/03/2026 18:30,29.77,8.04,6.53
11/03/2026 18:33,29.95,8.27,6.93
11/03/2026 18:36,29.22,7.9,5.26
11/03/2026 18:39,30.66,7.22,5.31
11/03/2026 18:42,28.02,8.38,7.13
11/03/2026 18:45,28.39,7.72,7.55
11/03/2026 18:48,29.66,7.71,7.48
11/03/2026 18:51,28.48,7.61,5.3
11/03/2026 18:54,28.89,7.3,6.58
11/03/2026 18:57,28.72,7.47,7.71
11/03/2026 19:00,29.58,7.19,7.93
11/03/2026 19:03,28.74,7.58,9.27
11/03/2026 19:06,29.36,8.95,6.96
11/03/2026 19:09,29.9,8.61,7.01
11/03/2026 19:12,28.74,7.55,9.72
11/03/2026 19:15,28.54,7.77,7.77
11/03/2026 19:18,31.47,7.52,5.53
11/03/2026 19:21,30.97,7.86,6.11
11/03/2026 19:24,28.55,8.36,5.58
11/03/2026 19:27,29,8.25,7.02
11/03/2026 19:30,29.2,8.35,5.69
11/03/2026 19:33,30.58,7.81,5.47
11/03/2026 19:36,28.83,7.17,4.47
11/03/2026 19:39,28.66,8.15,6.43
11/03/2026 19:42,28.38,7.77,7.44
11/03/2026 19:45,30.28,7.85,6.17
11/03/2026 19:48,27.62,7.04,6.53
11/03/2026 19:51,29.7,7.93,8.9
11/03/2026 19:54,28.28,7.21,3.83
11/03/2026 19:57,29.36,8.01,7.63
11/03/2026 20:00,30.97,7.33,7.32
11/03/2026 20:03,30.77,7.07,5.09
11/03/2026 20:06,29.69,7.25,7.23
11/03/2026 20:09,28.71,7.72,5.93
11/03/2026 20:12,29.77,7.52,5.17
11/03/2026 20:15,29.54,7.91,6.98
11/03/2026 20:18,30.91,7.53,7.56
11/03/2026 20:21,28.05,8.17,5.05
11/03/2026 20:24,25.37,8.13,6.24
11/03/2026 20:27,28.93,7.8,6.32
11/03/2026 20:30,33.66,8.08,6.4
11/03/2026 20:33,29.21,7.78,4.34
11/03/2026 20:36,30.19,7.06,7.18
11/03/2026 20:39,30.25,7.13,4.16
11/03/2026 20:42,30.2,7.35,5.64
11/03/2026 20:45,29.71,8.37,6.69
11/03/2026 20:48,29.66,7.89,6.16
11/03/2026 20:51,28.87,7.62,6.48
11/03/2026 20:54,30.61,8.4,7.38
11/03/2026 20:57,29.28,7.1,6.85
11/03/2026 21:00,29.07,7.71,7.75
11/03/2026 21:03,30.39,7.32,7.56
11/03/2026 21:06,30.17,7.03,6.8
11/03/2026 21:09,28.96,7.06,3.69
11/03/2026 21:12,28.07,7.95,3.69
11/03/2026 21:15,28.03,6.91,6.88
11/03/2026 21:18,30.55,7.85,5.59
11/03/2026 21:21,28.45,8.33,7.41
11/03/2026 21:24,29.81,7.69,7.29
11/03/2026 21:27,29.77,8.27,5.86
11/03/2026 21:30,28.68,8.2,5.31
11/03/2026 21:33,29.34,7.7,6.07
11/03/2026 21:36,29.26,7.83,5.6
11/03/2026 21:39,29.51,7.52,7.67
11/03/2026 21:42,30.57,8.16,7.24
11/03/2026 21:45,30.75,7.89,6.4
11/03/2026 21:48,28.26,6.5,5.42
11/03/2026 21:51,29.29,8,5.24
11/03/2026 21:54,28.88,7.98,7.45
11/03/2026 21:57,30.36,7.47,5.66
11/03/2026 22:00,29.04,8.25,7.47
11/03/2026 22:03,29.46,8.08,6.37
11/03/2026 22:06,30.12,7.27,5.36
11/03/2026 22:09,29.91,7.94,7.96
11/03/2026 22:12,30.23,8.08,7.15
11/03/2026 22:15,29.29,7.4,5.33
11/03/2026 22:18,29.62,7.13,5.42
11/03/2026 22:21,28.82,7.01,6
11/03/2026 22:24,26.58,6.34,7.63
11/03/2026 22:27,30.33,8.11,6.22
11/03/2026 22:30,30.6,8.23,5.24
11/03/2026 22:33,28.91,8.09,7.01
11/03/2026 22:36,29.49,7.17,5.86
11/03/2026 22:39,28.31,7.96,5.99
11/03/2026 22:42,28.34,7.81,7.03
11/03/2026 22:45,28.43,8.26,5.93
11/03/2026 22:48,29.89,7.51,9.48
11/03/2026 22:51,30.36,7.01,5.11
11/03/2026 22:54,28.39,7.42,5.22
11/03/2026 22:57,30.99,8.29,5.14
11/03/2026 23:00,29.06,8.12,7.09
11/03/2026 23:03,30.68,7.77,6.73
11/03/2026 23:06,31,8.3,6.83
11/03/2026 23:09,30.52,7.29,5.41
11/03/2026 23:12,29.14,7.72,5.35
11/03/2026 23:15,28.07,7.06,4.16
11/03/2026 23:18,31.49,7.81,6.25
11/03/2026 23:21,29.52,8.36,7.57
11/03/2026 23:24,29.46,7.32,5.06
11/03/2026 23:27,28.01,7.68,6.6
11/03/2026 23:30,30.61,7.5,7.51
11/03/2026 23:33,28.44,8.26,3.76
11/03/2026 23:36,29.88,8.04,7.45
11/03/2026 23:39,28.79,7.72,6.06
11/03/2026 23:42,29.24,7.21,7.18
11/03/2026 23:45,29.41,6.54,7.37
11/03/2026 23:48,29.76,7.82,6.3
11/03/2026 23:51,29.56,7.55,7.79
11/03/2026 23:54,29.09,7.48,7.57
11/03/2026 23:57,28.12,7.38,9.56
12/03/2026 0:00,28.38,7.34,6.41
12/03/2026 0:03,29.87,7.93,5.31
12/03/2026 0:06,29.82,7.78,7.65
12/03/2026 0:09,30,7.45,6.38
12/03/2026 0:12,28.24,8.31,8.32
12/03/2026 0:15,28.75,7.33,5.7
12/03/2026 0:18,33.83,7.78,5.16
12/03/2026 0:21,28.7,8.53,6.48
12/03/2026 0:24,30.44,8.26,8.95
12/03/2026 0:27,30.28,7.87,6.16
12/03/2026 0:30,30.25,8.47,6.17
12/03/2026 0:33,30.92,8.49,7.95
12/03/2026 0:36,30.75,8.65,7.22
12/03/2026 0:39,29.93,7.11,7.66
12/03/2026 0:42,29.53,7.34,6.31
12/03/2026 0:45,30.45,7.5,5.73
12/03/2026 0:48,29.65,7.57,5.1
12/03/2026 0:51,30.3,6.84,7.9
12/03/2026 0:54,28.54,8.5,7.88
12/03/2026 0:57,29.54,7.4,4
12/03/2026 1:00,33.84,7.38,7.19
12/03/2026 1:03,29.45,8.23,5.04
12/03/2026 1:06,29.45,8.7,6.88
12/03/2026 1:09,29.56,6.67,5.2
12/03/2026 1:12,29.84,8.06,4.38
12/03/2026 1:15,29.82,7.76,7.46
12/03/2026 1:18,30.86,8.37,7.52
12/03/2026 1:21,28.66,7.1,6.98
12/03/2026 1:24,28.43,8.13,5.16
12/03/2026 1:27,30.19,7.77,5.12
12/03/2026 1:30,28.73,7.1,6.08
12/03/2026 1:33,28.84,8.2,7.55
12/03/2026 1:36,28.54,8.37,7.41
12/03/2026 1:39,29.43,8.54,5.27
12/03/2026 1:42,27.33,7.1,7.15
12/03/2026 1:45,29.23,8,6.2
12/03/2026 1:48,30.93,7.17,7.73
12/03/2026 1:51,31.63,7.19,6.16
12/03/2026 1:54,30.03,7.8,5.17
12/03/2026 1:57,29.75,7.02,6.55
12/03/2026 2:00,27.22,7.13,5.26
12/03/2026 2:03,29.73,8.05,6.03
12/03/2026 2:06,28.86,9,7.52
12/03/2026 2:09,30.66,7.56,7.73
12/03/2026 2:12,28.35,8.42,5.95
12/03/2026 2:15,30.21,8.01,4.67
12/03/2026 2:18,28.37,7.84,7.99
12/03/2026 2:21,29.5,7.32,6.31
12/03/2026 2:24,28.65,7.2,5.21
12/03/2026 2:27,29.66,7.94,5.87
12/03/2026 2:30,28.59,7.77,5.72
12/03/2026 2:33,29.51,8.38,6.95
12/03/2026 2:36,28.09,7.44,6.57
12/03/2026 2:39,28.74,7.94,5.6
12/03/2026 2:42,30.21,7.72,5.53
12/03/2026 2:45,31.77,7.26,7.58
12/03/2026 2:48,29.56,8.48,5.65
12/03/2026 2:51,29.49,7.56,7.02
12/03/2026 2:54,26.98,7.36,5.31
12/03/2026 2:57,33.04,7.41,5.65
12/03/2026 3:00,29.91,7.93,7.75
12/03/2026 3:03,29.58,7.67,5.32
12/03/2026 3:06,28.79,8.2,6.08
12/03/2026 3:09,30.67,6.58,6.71
12/03/2026 3:12,28.94,7.43,5.08
12/03/2026 3:15,28.05,7.7,7.12
12/03/2026 3:18,28.57,8.1,6.71
12/03/2026 3:21,29.23,7.11,7.14
12/03/2026 3:24,28.03,7.95,5.9
12/03/2026 3:27,29.64,7.26,6.51
12/03/2026 3:30,30.86,8.26,5.03
12/03/2026 3:33,29.68,7.54,7.06
12/03/2026 3:36,28.62,7.84,5.31
12/03/2026 3:39,28.19,7.63,6.12
12/03/2026 3:42,29.62,8.46,5.13
12/03/2026 3:45,30.06,7.8,7.08
12/03/2026 3:48,29.92,7.08,6.91
12/03/2026 3:51,29.7,7.88,6.37
12/03/2026 3:54,29.1,7.82,6.9
12/03/2026 3:57,32.03,7.84,5.51
12/03/2026 4:00,29.17,7.7,7.83
12/03/2026 4:03,30.59,8.15,7.5
12/03/2026 4:06,28.15,7.13,4.18
12/03/2026 4:09,28.9,7.73,7.14
12/03/2026 4:12,28.86,8.01,9.72
12/03/2026 4:15,30.94,8.07,5.39
12/03/2026 4:18,29.51,8.64,5.18
12/03/2026 4:21,28.54,7.23,6.09
12/03/2026 4:24,31.4,7.97,6.69
12/03/2026 4:27,30.54,7.49,5.2
12/03/2026 4:30,29.12,8.2,6.58
12/03/2026 4:33,32.48,7.29,6.24
12/03/2026 4:36,29.16,8.48,6.42
12/03/2026 4:39,29.01,9.09,5.19
12/03/2026 4:42,28.45,8.12,7.39
12/03/2026 4:45,29.34,7.38,6.34
12/03/2026 4:48,29.65,8.78,6.42
12/03/2026 4:51,29.36,7.96,7.87
12/03/2026 4:54,29.14,7.29,7.22
12/03/2026 4:57,28.69,7.69,6.31
12/03/2026 5:00,30.58,7.52,7.51
12/03/2026 5:03,30.59,7.96,4.35
12/03/2026 5:06,29.69,9.05,3.59
12/03/2026 5:09,30.13,6.93,7.2
12/03/2026 5:12,30.73,8.25,6.49
12/03/2026 5:15,28.48,7.31,5.13
12/03/2026 5:18,28.38,7.65,6.41
12/03/2026 5:21,28.6,7.57,7.99
12/03/2026 5:24,31.02,8.32,9.04
12/03/2026 5:27,29.77,7.75,6.44
12/03/2026 5:30,28.22,7.41,9.36
12/03/2026 5:33,30.2,8.5,5.42
12/03/2026 5:36,28.15,7.6,6.8
12/03/2026 5:39,28.08,7.32,7.39
12/03/2026 5:42,30.9,8.25,6.35
12/03/2026 5:45,29.06,7.63,5.95
12/03/2026 5:48,29.68,6.72,7.79
12/03/2026 5:51,29.45,7.82,3.51
12/03/2026 5:54,29.94,7.24,6.78
12/03/2026 5:57,26.7,8.71,5.07
12/03/2026 6:00,30.83,7.56,5.85
12/03/2026 6:03,29.67,7.91,6.84
12/03/2026 6:06,28.97,7.27,5.89
12/03/2026 6:09,25.66,7.93,4.13
12/03/2026 6:12,28.12,8.28,5.21
12/03/2026 6:15,31.74,7.57,5.27
12/03/2026 6:18,29.93,7.32,7.04
12/03/2026 6:21,29.26,7.07,6.72
12/03/2026 6:24,30.87,7.23,7.28
12/03/2026 6:27,29.76,8.19,5.02
12/03/2026 6:30,29.9,7.42,7.37
12/03/2026 6:33,25.72,6.64,6.2
12/03/2026 6:36,29.92,7.14,5.27
12/03/2026 6:39,29.63,8.16,6.56
12/03/2026 6:42,29.16,8.16,6.68
12/03/2026 6:45,29.38,7.6,7.86
12/03/2026 6:48,30.05,8.85,7.82
12/03/2026 6:51,28.72,8.84,7.33
12/03/2026 6:54,28.55,7.48,6.14
12/03/2026 6:57,30.7,7.04,4.7
12/03/2026 7:00,30.05,7.72,6.95
12/03/2026 7:03,25.03,7.07,9.83
12/03/2026 7:06,30.61,8.49,7.14
12/03/2026 7:09,29.1,7.42,6.8
12/03/2026 7:12,29.73,8.31,5.53
12/03/2026 7:15,29.81,8.18,6.34
12/03/2026 7:18,30.68,7.52,8.61
12/03/2026 7:21,30.63,8.28,6.16
12/03/2026 7:24,28.78,7.79,9.87
12/03/2026 7:27,30.91,8.34,7.46
12/03/2026 7:30,29.12,8.19,5.65
12/03/2026 7:33,29.83,7.33,6.26
12/03/2026 7:36,30.98,8.38,7.5
12/03/2026 7:39,29.22,7.52,6.83
12/03/2026 7:42,29.93,8.06,6.94
12/03/2026 7:45,30.96,7.41,6.76
12/03/2026 7:48,29.89,7.53,7.19
12/03/2026 7:51,29.97,7.03,7.77
12/03/2026 7:54,30.36,8.77,4.44
12/03/2026 7:57,30.36,7.8,7.74
12/03/2026 8:00,26.34,7.39,7.53
12/03/2026 8:03,30.84,7.14,5.14
12/03/2026 8:06,29.95,7.04,6.35
12/03/2026 8:09,28.75,7.42,7.07
12/03/2026 8:12,28.18,8.02,6.22
12/03/2026 8:15,28.24,8.23,7.47
12/03/2026 8:18,30.89,7.87,6.01
12/03/2026 8:21,30.47,7.32,5.71
12/03/2026 8:24,29.78,7,6.62
12/03/2026 8:27,30.7,7.86,5.43
12/03/2026 8:30,25.8,7.62,6.2
12/03/2026 8:33,30.61,7.67,6.23
12/03/2026 8:36,29.08,8.27,5.73
12/03/2026 8:39,30.43,7.08,5.13
12/03/2026 8:42,28.6,6.85,6.71
12/03/2026 8:45,25.72,7.24,5.92
12/03/2026 8:48,30.95,7.93,6.84
12/03/2026 8:51,28.95,7,7.26
12/03/2026 8:54,28.84,7.73,5.96
12/03/2026 8:57,28.55,7.18,6.21
12/03/2026 9:00,26.92,8.09,9.77
12/03/2026 9:03,29.67,7.2,7.65
12/03/2026 9:06,30.7,8.22,5.82
12/03/2026 9:09,29.66,7.86,5.01
12/03/2026 9:12,28.12,8.34,5.8
12/03/2026 9:15,28.16,7.2,6.17
12/03/2026 9:18,29.55,7.38,5.52
12/03/2026 9:21,30.67,7.83,7.38
12/03/2026 9:24,29.75,7.32,7.92
12/03/2026 9:27,30.24,7.71,6.64
12/03/2026 9:30,30.51,7.37,7.39
12/03/2026 9:33,28.39,7.62,5.22
12/03/2026 9:36,29.29,8.01,4.58
12/03/2026 9:39,28.01,7.75,7.48
12/03/2026 9:42,29.26,8.36,6.71
12/03/2026 9:45,30.58,8,5.48
12/03/2026 9:48,30.36,7.47,6.81
12/03/2026 9:51,29,8.13,7.57
12/03/2026 9:54,30.14,7.43,6.3
12/03/2026 9:57,30.14,8.46,5.32
12/03/2026 10:00,29.47,6.38,7.4
12/03/2026 10:03,28.31,7.13,6.98
12/03/2026 10:06,30.78,7.65,5.7
12/03/2026 10:09,29.72,7.42,7.09
12/03/2026 10:12,28.54,7.97,7.37
12/03/2026 10:15,30.02,6.42,7.11
12/03/2026 10:18,30.31,8.26,7.29
12/03/2026 10:21,28.33,8.45,6.64
12/03/2026 10:24,29.27,6.58,4.7
12/03/2026 10:27,30.85,7.64,7.68
12/03/2026 10:30,29.76,7.93,6.63
12/03/2026 10:33,32.86,8.39,5.86
12/03/2026 10:36,30.35,7.81,5.83
12/03/2026 10:39,28.45,7.19,5.31
12/03/2026 10:42,33.93,8.18,6.24
12/03/2026 10:45,28.8,8.49,5.37
12/03/2026 10:48,31.18,7,9.43
12/03/2026 10:51,31.27,7.86,6.68
12/03/2026 10:54,30.89,8.87,7.99
12/03/2026 10:57,28.24,8.21,7.5
12/03/2026 11:00,30.68,8.01,6.03
12/03/2026 11:03,28.19,8.27,5.45
12/03/2026 11:06,29.78,8.02,6.63
12/03/2026 11:09,28.04,7.44,6.81
12/03/2026 11:12,25.47,7.72,3.6
12/03/2026 11:15,30.71,8.34,6.6
12/03/2026 11:18,29.6,8.74,7.59
12/03/2026 11:21,29.61,7.25,5.63
12/03/2026 11:24,29.17,7.13,7.94
12/03/2026 11:27,30.09,6.56,6.71
12/03/2026 11:30,30,7.38,7.63
12/03/2026 11:33,29.81,8.08,6.52
12/03/2026 11:36,29.38,7.08,6.98
12/03/2026 11:39,28.57,8.17,5.89
12/03/2026 11:42,29.74,8.45,7.26
12/03/2026 11:45,30.82,7.36,6.03
12/03/2026 11:48,28.9,8.58,5.3
12/03/2026 11:51,32.39,8.25,5.83
12/03/2026 11:54,29.38,7.85,8.92
12/03/2026 11:57,28.17,7.39,6.85
12/03/2026 12:00,28.26,8.09,7.78
12/03/2026 12:03,25.71,7.44,6.36
12/03/2026 12:06,28.6,8.3,5.84
12/03/2026 12:09,29.89,7.68,7.39
12/03/2026 12:12,28.82,7.99,5.79
12/03/2026 12:15,30.85,8.19,7.47
12/03/2026 12:18,29.25,7.31,7.06
12/03/2026 12:21,29.87,7.07,7.39
12/03/2026 12:24,29.7,7.92,3.57
12/03/2026 12:27,29.49,7.62,6.95
12/03/2026 12:30,29.2,7.16,5.31
12/03/2026 12:33,29.34,7.34,7.59
12/03/2026 12:36,30.99,7.95,5.75
12/03/2026 12:39,28.28,9.1,7.26
12/03/2026 12:42,30.9,7.77,6.9
12/03/2026 12:45,28.76,7.23,5.22
12/03/2026 12:48,30.39,7.74,7.6
12/03/2026 12:51,28.69,8.17,7.73
12/03/2026 12:54,33.47,8.23,6.54
12/03/2026 12:57,29.17,8.49,5.53
12/03/2026 13:00,30.14,7.42,5.73
12/03/2026 13:03,30.77,7.46,7.55
12/03/2026 13:06,29.31,7.91,6.18
12/03/2026 13:09,29.83,8.57,7
12/03/2026 13:12,29.04,7.21,5.27
12/03/2026 13:15,28.63,7.72,7.75
12/03/2026 13:18,30.82,7.42,5.52
12/03/2026 13:21,30.82,7.82,6.24
12/03/2026 13:24,30.93,8.22,7
12/03/2026 13:27,30.93,8.02,7.01
12/03/2026 13:30,30.71,8.17,6.5
12/03/2026 13:33,29.68,7.73,9.26
12/03/2026 13:36,28.93,8.14,6.02
12/03/2026 13:39,29.17,8.14,5.44
12/03/2026 13:42,28.88,7.76,5.18
12/03/2026 13:45,28.95,7.52,7.48
12/03/2026 13:48,30.3,6.68,7.69
12/03/2026 13:51,30.82,7.58,5.32
12/03/2026 13:54,29.71,7.71,6.74
12/03/2026 13:57,30.14,8.04,6.14
12/03/2026 14:00,28.82,7.9,5.9
12/03/2026 14:03,30.69,8.13,6.72
12/03/2026 14:06,29.59,8.48,7.33
12/03/2026 14:09,27.24,7.88,6.95
12/03/2026 14:12,29.99,8.46,7.34
12/03/2026 14:15,30.59,8.29,7.27
12/03/2026 14:18,28.95,8.14,7.17
12/03/2026 14:21,28.56,8.22,6.72
12/03/2026 14:24,31.51,7.12,7.16
12/03/2026 14:27,29.67,7.34,7.6
12/03/2026 14:30,30.45,8.14,6.1
12/03/2026 14:33,30.57,7.9,4.89
12/03/2026 14:36,28.15,7.3,6.84
12/03/2026 14:39,26.19,8.13,5.16
12/03/2026 14:42,30.38,7.65,5.28
12/03/2026 14:45,28.83,7.45,6.32
12/03/2026 14:48,28.32,8.44,7.09
12/03/2026 14:51,28.89,8.01,7.69
12/03/2026 14:54,28.37,7.26,4.3
12/03/2026 14:57,29.12,7.33,5.34
12/03/2026 15:00,29.45,8.14,7.1
12/03/2026 15:03,30.77,8.65,7.09
12/03/2026 15:06,30.62,7.03,7.69
12/03/2026 15:09,30.26,8.23,6.78
12/03/2026 15:12,28.29,7.02,6.98
12/03/2026 15:15,27.3,7.65,5.12
12/03/2026 15:18,29.35,8.29,5.91
12/03/2026 15:21,28.99,7.65,7.05
12/03/2026 15:24,32.73,8.54,7.06
12/03/2026 15:27,30.93,7.65,6.1
12/03/2026 15:30,25.54,7.67,6.19
12/03/2026 15:33,30.74,7.43,6.05
12/03/2026 15:36,30.74,8.1,6.88
12/03/2026 15:39,30.52,7.39,7.84
12/03/2026 15:42,32.01,8.15,7.25
12/03/2026 15:45,30.25,8.38,4.15
12/03/2026 15:48,30.13,7.1,6.15
12/03/2026 15:51,29.58,7.02,6.77
12/03/2026 15:54,29.75,8.12,8.5
12/03/2026 15:57,32.41,8.14,3.72
12/03/2026 16:00,29.44,7.35,6.37
12/03/2026 16:03,29.52,6.96,7.94
12/03/2026 16:06,28.48,7.49,4.18
12/03/2026 16:09,31.44,7.32,7.31
12/03/2026 16:12,28.73,7.24,5.25
12/03/2026 16:15,28.7,7.46,6.94
12/03/2026 16:18,29.02,6.59,7.41
12/03/2026 16:21,29.4,7.11,6.87
12/03/2026 16:24,29.33,7.64,7.41
12/03/2026 16:27,30.75,8.15,7.96
12/03/2026 16:30,28.49,8.05,7.29
12/03/2026 16:33,29.3,7.5,3.94
12/03/2026 16:36,28.75,7.52,6.27
12/03/2026 16:39,30.91,8.36,7.58
12/03/2026 16:42,29.52,8.92,7.2
12/03/2026 16:45,29.79,8,7.93
12/03/2026 16:48,30.88,7.47,7.19
12/03/2026 16:51,30.06,7.49,6.35
12/03/2026 16:54,29.54,7.14,5.87
12/03/2026 16:57,26.15,7.59,5.92
12/03/2026 17:00,29.09,6.3,7.55
12/03/2026 17:03,30.32,7.19,6.06
12/03/2026 17:06,26.87,7.2,7.56
12/03/2026 17:09,29.23,7.15,5.55
12/03/2026 17:12,30.27,7.24,5.39
12/03/2026 17:15,28.6,7.5,8.04
12/03/2026 17:18,28.07,7.2,6
12/03/2026 17:21,28.94,7.64,7.93
12/03/2026 17:24,30.16,7.78,5.82
12/03/2026 17:27,30.98,7.89,7.46
12/03/2026 17:30,28.61,6.72,6.08
12/03/2026 17:33,30.44,7.08,5.01
12/03/2026 17:36,29.81,7.12,7.38
12/03/2026 17:39,29.42,7.64,7.18
12/03/2026 17:42,30.75,7.15,5.98
12/03/2026 17:45,29.65,7.1,7.78
12/03/2026 17:48,29.66,8.5,6.81
12/03/2026 17:51,26.75,7.46,5.96
12/03/2026 17:54,28.11,7.24,6.72
12/03/2026 17:57,29.87,8.12,5.62
12/03/2026 18:00,30.33,7.68,7.59
12/03/2026 18:03,29.75,8.44,5.66
12/03/2026 18:06,30.42,7.23,7.94
12/03/2026 18:09,29.77,7.27,3.88
12/03/2026 18:12,30.1,8.35,7.07
12/03/2026 18:15,28.85,8.47,7.39
12/03/2026 18:18,28.46,8.82,6.12
12/03/2026 18:21,29.7,8.43,9.57
12/03/2026 18:24,30.2,8.45,5.79
12/03/2026 18:27,29.64,6.41,6.75
12/03/2026 18:30,28.53,7.01,6.75
12/03/2026 18:33,30.42,8.13,6.76
12/03/2026 18:36,28.53,7.1,7.29
12/03/2026 18:39,29.25,7.63,5.02
12/03/2026 18:42,30.58,6.94,6.92
12/03/2026 18:45,28.61,7.69,6.25
12/03/2026 18:48,28.91,7.42,5.26
12/03/2026 18:51,30.87,7.99,5.45
12/03/2026 18:54,29.49,7.34,5.7
12/03/2026 18:57,28.79,7.79,7.19
12/03/2026 19:00,28.02,7.52,7.13
12/03/2026 19:03,29.52,7.92,9.43
12/03/2026 19:06,30.6,7.84,5.35
12/03/2026 19:09,28.77,7.21,6.04
12/03/2026 19:12,29.82,6.71,5.73
12/03/2026 19:15,28.14,6.74,6.89
12/03/2026 19:18,25.89,7.86,5.2
12/03/2026 19:21,28.01,8.91,5.01
12/03/2026 19:24,29.66,7.24,6.6
12/03/2026 19:27,33.54,7.62,6.22
12/03/2026 19:30,28.33,7.93,7.58
12/03/2026 19:33,32.26,8.19,6.85
12/03/2026 19:36,30.93,8.16,7.69
12/03/2026 19:39,27.98,8.35,7.44
12/03/2026 19:42,29.93,9.04,7.31
12/03/2026 19:45,29.48,8.03,5.39
12/03/2026 19:48,29.32,7.46,7.91
12/03/2026 19:51,28.3,6.73,9.16
12/03/2026 19:54,26.17,7.64,7.1
12/03/2026 19:57,30.16,7.64,5.21
12/03/2026 20:00,30.9,7.56,6.9
12/03/2026 20:03,29.67,7.67,7.15
12/03/2026 20:06,29.7,8.14,7.39
12/03/2026 20:09,28.6,7.79,7.64
12/03/2026 20:12,28.6,8.5,6.01
12/03/2026 20:15,26.92,8.3,6.27
12/03/2026 20:18,28.06,7.85,7.06
12/03/2026 20:21,30.13,7.31,5.48
12/03/2026 20:24,30.35,7.58,6.19
12/03/2026 20:27,25.5,6.89,6.68
12/03/2026 20:30,29.82,7.21,5.92
12/03/2026 20:33,28.27,7.33,6.09
12/03/2026 20:36,28.28,8.17,5.63
12/03/2026 20:39,29.01,8.39,7.87
12/03/2026 20:42,30.02,6.42,7.85
12/03/2026 20:45,31.08,8.07,7.25
12/03/2026 20:48,25.52,7.16,7
12/03/2026 20:51,25.04,7.8,6.8
12/03/2026 20:54,30.43,8.31,7.44
12/03/2026 20:57,29.94,7.28,5.09
12/03/2026 21:00,28.26,7.37,5.3
12/03/2026 21:03,29.25,8.39,5.55
12/03/2026 21:06,28.34,8.22,6.19
12/03/2026 21:09,29.15,8.23,6.9
12/03/2026 21:12,32.84,6.58,5.1
12/03/2026 21:15,30.7,7.78,6.01
12/03/2026 21:18,30.49,7.9,7.09
12/03/2026 21:21,25.71,8.32,4.62
12/03/2026 21:24,29.9,8.07,5.89
12/03/2026 21:27,28.63,6.6,7.76
12/03/2026 21:30,28.31,6.52,5.68
12/03/2026 21:33,30.55,7.58,3.55
12/03/2026 21:36,29.51,7.82,6.51
12/03/2026 21:39,28.25,8.36,6.89
12/03/2026 21:42,30.63,6.3,6.79
12/03/2026 21:45,29.63,8.06,5.9
12/03/2026 21:48,30.81,7.79,7.15
12/03/2026 21:51,28.11,7.19,5.44
12/03/2026 21:54,28.7,8.72,7.72
12/03/2026 21:57,29,7.18,7.7
12/03/2026 22:00,28.35,7.08,5.91
12/03/2026 22:03,28.54,7.14,6.66
12/03/2026 22:06,29.65,7.55,5.01
12/03/2026 22:09,28.94,7.68,7.66
12/03/2026 22:12,29.4,7.14,6.02
12/03/2026 22:15,31.77,7.35,5.18
12/03/2026 22:18,28.36,7.68,6.74
12/03/2026 22:21,30.9,8.29,6.35
12/03/2026 22:24,29.55,8.11,4.23
12/03/2026 22:27,28.99,8.44,5.84
12/03/2026 22:30,29.52,7.85,7.76
12/03/2026 22:33,30.03,7.46,5.07
12/03/2026 22:36,29.32,8.17,8.95
12/03/2026 22:39,29.61,6.49,6.79
12/03/2026 22:42,29.52,8.04,7.53
12/03/2026 22:45,29.98,8.06,6.78
12/03/2026 22:48,28.84,7.83,7.98
12/03/2026 22:51,30.3,7.15,8.49
12/03/2026 22:54,29.31,7.36,5.85
12/03/2026 22:57,30.56,8.44,5.1
12/03/2026 23:00,33.28,7.24,4.27
12/03/2026 23:03,29.08,7.68,7.56
12/03/2026 23:06,28.6,7.13,7.48
12/03/2026 23:09,28.82,7.83,5.9
12/03/2026 23:12,28.25,7.7,7.2
12/03/2026 23:15,29.96,7.41,5.89
12/03/2026 23:18,28.72,7.67,5.38
12/03/2026 23:21,29.2,7.34,6.31
12/03/2026 23:24,28.88,7.35,7.7
12/03/2026 23:27,28.78,8.46,7.92
12/03/2026 23:30,30.76,8.2,7.38
12/03/2026 23:33,30.93,7.34,7.41
12/03/2026 23:36,30.28,7.08,7.39
12/03/2026 23:39,30.75,7.24,6.67
12/03/2026 23:42,28.67,7.04,4.32
12/03/2026 23:45,28.03,7.28,7.3
12/03/2026 23:48,29,7.46,6.93
12/03/2026 23:51,28.56,8.13,5.92
12/03/2026 23:54,28.47,7.86,5.37
12/03/2026 23:57,30.96,7.13,6.66
13/03/2026 0:00,28.55,8.39,6.07
13/03/2026 0:03,29.08,8.09,7.28
13/03/2026 0:06,28.1,7.77,5.38
13/03/2026 0:09,30.1,7.86,7.37
13/03/2026 0:12,29.46,7.94,6.36
13/03/2026 0:15,28.38,7.91,7.85
13/03/2026 0:18,28.81,8.29,6.19
13/03/2026 0:21,31.04,8.06,5.46
13/03/2026 0:24,28.16,8.04,7.62
13/03/2026 0:27,32.25,7.99,7.74
13/03/2026 0:30,30.93,8.08,7.72
13/03/2026 0:33,28.92,7.32,7.94
13/03/2026 0:36,28.19,6.73,8.15
13/03/2026 0:39,30.61,8.13,7.1
13/03/2026 0:42,29.64,7.66,5.19
13/03/2026 0:45,29.71,8.75,6.38
13/03/2026 0:48,29.15,8.07,5.56
13/03/2026 0:51,29.98,8.49,6.18
13/03/2026 0:54,28.91,8.34,6.01
13/03/2026 0:57,29.78,8.35,5.45
13/03/2026 1:00,28.74,7.76,5.4
13/03/2026 1:03,25.6,7.18,7.89
13/03/2026 1:06,27.39,7.13,7.81
13/03/2026 1:09,29.28,8.45,5.75
13/03/2026 1:12,28.72,7.88,5.01
13/03/2026 1:15,30.76,7.8,7.28
13/03/2026 1:18,29.46,8,6.3
13/03/2026 1:21,29.8,7.67,7.02
13/03/2026 1:24,29.81,7.86,5.94
13/03/2026 1:27,30.64,8.15,7.55
13/03/2026 1:30,29.51,8,6.1
13/03/2026 1:33,30.87,7.3,5.12
13/03/2026 1:36,30.41,8.11,6.05
13/03/2026 1:39,30.67,8.24,7.7
13/03/2026 1:42,29.76,7.69,5.04
13/03/2026 1:45,28.9,7.64,5.81
13/03/2026 1:48,28.51,7.72,7.9
13/03/2026 1:51,30.03,7.33,7.15
13/03/2026 1:54,28.14,7.92,6.6
13/03/2026 1:57,29.75,8.42,7.95
13/03/2026 2:00,29.29,7.69,9.78
13/03/2026 2:03,28.58,7.83,7.94
13/03/2026 2:06,25.53,7.37,6.32
13/03/2026 2:09,30.62,7.79,4.65
13/03/2026 2:12,26.11,7.11,7.46
13/03/2026 2:15,32.92,6.59,6.71
13/03/2026 2:18,28.83,7.75,6.6
13/03/2026 2:21,28.34,7.21,5.18
13/03/2026 2:24,28.82,7.15,6.6
13/03/2026 2:27,29.36,7.7,7.19
13/03/2026 2:30,29.69,8.48,8.59
13/03/2026 2:33,27.78,7.64,5.55
13/03/2026 2:36,30.85,7.09,7.42
13/03/2026 2:39,29.07,7.08,6.39
13/03/2026 2:42,30.46,8.26,6.49
13/03/2026 2:45,30.35,8.15,7.14
13/03/2026 2:48,28.95,8.15,6.95
13/03/2026 2:51,29.97,7.08,7.69
13/03/2026 2:54,30.03,8.45,6.78
13/03/2026 2:57,31.97,7.37,5.66
13/03/2026 3:00,28.59,7.77,6.06
13/03/2026 3:03,30.8,7.15,7.78
13/03/2026 3:06,28.19,7.06,6.94
13/03/2026 3:09,28.19,8.19,7.11
13/03/2026 3:12,29.66,7.19,8.18
13/03/2026 3:15,28.94,8.09,6.08
13/03/2026 3:18,29.66,7.03,5.19
13/03/2026 3:21,28.89,7.06,7.79
13/03/2026 3:24,30.66,7.81,6.85
13/03/2026 3:27,29.36,8.26,7.11
13/03/2026 3:30,28.34,8.37,7.92
13/03/2026 3:33,28.82,8.49,7
13/03/2026 3:36,28.48,7.06,6.28
13/03/2026 3:39,30.97,8.34,6.45
13/03/2026 3:42,30.29,8.46,5.23
13/03/2026 3:45,28.72,6.88,5.32
13/03/2026 3:48,28.62,8.46,6.32
13/03/2026 3:51,30.13,8.28,5.82
13/03/2026 3:54,30.35,8.03,5.95
13/03/2026 3:57,32.12,7.29,5.81
13/03/2026 4:00,29.49,7.99,5.93
13/03/2026 4:03,30.77,7.87,6.29
13/03/2026 4:06,29.3,8.46,7.78
13/03/2026 4:09,29.79,8.15,5.82
13/03/2026 4:12,28.19,8.14,6.6
13/03/2026 4:15,29.62,7.52,6.38
13/03/2026 4:18,26.15,7.29,6.11
13/03/2026 4:21,28.69,6.81,4.31
13/03/2026 4:24,28.37,8.03,7.58
13/03/2026 4:27,29.09,8.18,5.26
13/03/2026 4:30,29.79,8.4,5.32
13/03/2026 4:33,30.54,8.32,7.09
13/03/2026 4:36,29,7.26,6.63
13/03/2026 4:39,29.55,8.89,5.01
13/03/2026 4:42,30,7.42,5.78
13/03/2026 4:45,28.03,7.2,7.53
13/03/2026 4:48,29.69,7.52,5.01
13/03/2026 4:51,29.81,7.39,5.37
13/03/2026 4:54,28.36,8.12,7.11
13/03/2026 4:57,29.34,7,5.97
13/03/2026 5:00,29.32,7.18,6.13
13/03/2026 5:03,30.24,7.44,5.08
13/03/2026 5:06,28.95,8.39,6.24
13/03/2026 5:09,29.09,7.48,6.98
13/03/2026 5:12,28.18,6.98,7.59
13/03/2026 5:15,28.74,7.8,9.56
13/03/2026 5:18,29.96,8.15,5.48
13/03/2026 5:21,28.95,6.71,5.08
13/03/2026 5:24,29.78,7.62,6.24
13/03/2026 5:27,29.08,8.74,7.81
13/03/2026 5:30,29.77,8.04,6.53
13/03/2026 5:33,29.95,8.27,6.93
13/03/2026 5:36,29.22,7.9,5.26
13/03/2026 5:39,30.66,7.22,5.31
13/03/2026 5:42,28.02,8.38,7.13
13/03/2026 5:45,28.39,7.72,7.55
13/03/2026 5:48,29.66,7.71,7.48
13/03/2026 5:51,28.48,7.61,5.3
13/03/2026 5:54,28.89,7.3,6.58
13/03/2026 5:57,28.72,7.47,7.71
13/03/2026 6:00,29.58,7.19,7.93
13/03/2026 6:03,28.74,7.58,9.27
13/03/2026 6:06,29.36,8.95,6.96
13/03/2026 6:09,29.9,8.61,7.01
13/03/2026 6:12,28.74,7.55,9.72
13/03/2026 6:15,28.54,7.77,7.77
13/03/2026 6:18,31.47,7.52,5.53
13/03/2026 6:21,30.97,7.86,6.11
13/03/2026 6:24,28.55,8.36,5.58
13/03/2026 6:27,29,8.25,7.02
13/03/2026 6:30,29.2,8.35,5.69
13/03/2026 6:33,30.58,7.81,5.47
13/03/2026 6:36,28.83,7.17,4.47
13/03/2026 6:39,28.66,8.15,6.43
13/03/2026 6:42,28.38,7.77,7.44
13/03/2026 6:45,30.28,7.85,6.17
13/03/2026 6:48,27.62,7.04,6.53
13/03/2026 6:51,29.7,7.93,8.9
13/03/2026 6:54,28.28,7.21,3.83
13/03/2026 6:57,29.36,8.01,7.63
13/03/2026 7:00,30.97,7.33,7.32
13/03/2026 7:03,30.77,7.07,5.09
13/03/2026 7:06,29.69,7.25,7.23
13/03/2026 7:09,28.71,7.72,5.93
13/03/2026 7:12,29.77,7.52,5.17
13/03/2026 7:15,29.54,7.91,6.98
13/03/2026 7:18,30.91,7.53,7.56
13/03/2026 7:21,28.05,8.17,5.05
13/03/2026 7:24,25.37,8.13,6.24
13/03/2026 7:27,28.93,7.8,6.32
13/03/2026 7:30,33.66,8.08,6.4
13/03/2026 7:33,29.21,7.78,4.34
13/03/2026 7:36,30.19,7.06,7.18
13/03/2026 7:39,30.25,7.13,4.16
13/03/2026 7:42,30.2,7.35,5.64
13/03/2026 7:45,29.71,8.37,6.69
13/03/2026 7:48,29.66,7.89,6.16
13/03/2026 7:51,28.87,7.62,6.48
13/03/2026 7:54,30.61,8.4,7.38
13/03/2026 7:57,29.28,7.1,6.85
13/03/2026 8:00,29.07,7.71,7.75
13/03/2026 8:03,30.39,7.32,7.56
13/03/2026 8:06,30.17,7.03,6.8
13/03/2026 8:09,28.96,7.06,3.69
13/03/2026 8:12,28.07,7.95,3.69
13/03/2026 8:15,28.03,6.91,6.88
13/03/2026 8:18,30.55,7.85,5.59
13/03/2026 8:21,28.45,8.33,7.41
13/03/2026 8:24,29.81,7.69,7.29
13/03/2026 8:27,29.77,8.27,5.86
13/03/2026 8:30,28.68,8.2,5.31
13/03/2026 8:33,29.34,7.7,6.07
13/03/2026 8:36,29.26,7.83,5.6
13/03/2026 8:39,29.51,7.52,7.67
13/03/2026 8:42,30.57,8.16,7.24
13/03/2026 8:45,30.75,7.89,6.4
13/03/2026 8:48,28.26,6.5,5.42
13/03/2026 8:51,29.29,8,5.24
13/03/2026 8:54,28.88,7.98,7.45
13/03/2026 8:57,30.36,7.47,5.66
13/03/2026 9:00,29.04,8.25,7.47
13/03/2026 9:03,29.46,8.08,6.37
13/03/2026 9:06,30.12,7.27,5.36
13/03/2026 9:09,29.91,7.94,7.96
13/03/2026 9:12,30.23,8.08,7.15
13/03/2026 9:15,29.29,7.4,5.33
13/03/2026 9:18,29.62,7.13,5.42
13/03/2026 9:21,28.82,7.01,6
13/03/2026 9:24,26.58,6.34,7.63
13/03/2026 9:27,30.33,8.11,6.22
13/03/2026 9:30,30.6,8.23,5.24
13/03/2026 9:33,28.91,8.09,7.01
13/03/2026 9:36,29.49,7.17,5.86
13/03/2026 9:39,28.31,7.96,5.99
13/03/2026 9:42,28.34,7.81,7.03
13/03/2026 9:45,28.43,8.26,5.93
13/03/2026 9:48,29.89,7.51,9.48
13/03/2026 9:51,30.36,7.01,5.11
13/03/2026 9:54,28.39,7.42,5.22
13/03/2026 9:57,30.99,8.29,5.14
13/03/2026 10:00,29.06,8.12,7.09
13/03/2026 10:03,30.68,7.77,6.73
13/03/2026 10:06,31,8.3,6.83
13/03/2026 10:09,30.52,7.29,5.41
13/03/2026 10:12,29.14,7.72,5.35
13/03/2026 10:15,28.07,7.06,4.16
13/03/2026 10:18,31.49,7.81,6.25
13/03/2026 10:21,29.52,8.36,7.57
13/03/2026 10:24,29.46,7.32,5.06
13/03/2026 10:27,28.01,7.68,6.6
13/03/2026 10:30,30.61,7.5,7.51
13/03/2026 10:33,28.44,8.26,3.76
13/03/2026 10:36,29.88,8.04,7.45
13/03/2026 10:39,28.79,7.72,6.06
13/03/2026 10:42,29.24,7.21,7.18
13/03/2026 10:45,29.41,6.54,7.37
13/03/2026 10:48,29.76,7.82,6.3
13/03/2026 10:51,29.56,7.55,7.79
13/03/2026 10:54,29.09,7.48,7.57
13/03/2026 10:57,28.12,7.38,9.56
13/03/2026 11:00,28.38,7.34,6.41
13/03/2026 11:03,29.87,7.93,5.31
13/03/2026 11:06,29.82,7.78,7.65
13/03/2026 11:09,30,7.45,6.38
13/03/2026 11:12,28.24,8.31,8.32
13/03/2026 11:15,28.75,7.33,5.7
13/03/2026 11:18,33.83,7.78,5.16
13/03/2026 11:21,28.7,8.53,6.48
13/03/2026 11:24,30.44,8.26,8.95
13/03/2026 11:27,30.28,7.87,6.16
13/03/2026 11:30,30.25,8.47,6.17
13/03/2026 11:33,30.92,8.49,7.95
13/03/2026 11:36,30.75,8.65,7.22
13/03/2026 11:39,29.93,7.11,7.66
13/03/2026 11:42,29.53,7.34,6.31
13/03/2026 11:45,30.45,7.5,5.73
13/03/2026 11:48,29.65,7.57,5.1
13/03/2026 11:51,30.3,6.84,7.9
13/03/2026 11:54,28.54,8.5,7.88
13/03/2026 11:57,29.54,7.4,4
13/03/2026 12:00,33.84,7.38,7.19
13/03/2026 12:03,29.45,8.23,5.04
13/03/2026 12:06,29.45,8.7,6.88
13/03/2026 12:09,29.56,6.67,5.2
13/03/2026 12:12,29.84,8.06,4.38
13/03/2026 12:15,29.82,7.76,7.46
13/03/2026 12:18,30.86,8.37,7.52
13/03/2026 12:21,28.66,7.1,6.98
13/03/2026 12:24,28.43,8.13,5.16
13/03/2026 12:27,30.19,7.77,5.12
13/03/2026 12:30,28.73,7.1,6.08
13/03/2026 12:33,28.84,8.2,7.55
13/03/2026 12:36,28.54,8.37,7.41
13/03/2026 12:39,29.43,8.54,5.27
13/03/2026 12:42,27.33,7.1,7.15
13/03/2026 12:45,29.23,8,6.2
13/03/2026 12:48,30.93,7.17,7.73
13/03/2026 12:51,31.63,7.19,6.16
13/03/2026 12:54,30.03,7.8,5.17
13/03/2026 12:57,29.75,7.02,6.55
13/03/2026 13:00,27.22,7.13,5.26
13/03/2026 13:03,29.73,8.05,6.03
13/03/2026 13:06,28.86,9,7.52
13/03/2026 13:09,30.66,7.56,7.73
13/03/2026 13:12,28.35,8.42,5.95
13/03/2026 13:15,30.21,8.01,4.67
13/03/2026 13:18,28.37,7.84,7.99
13/03/2026 13:21,29.5,7.32,6.31
13/03/2026 13:24,28.65,7.2,5.21
13/03/2026 13:27,29.66,7.94,5.87
13/03/2026 13:30,28.59,7.77,5.72
13/03/2026 13:33,29.51,8.38,6.95
13/03/2026 13:36,28.09,7.44,6.57
13/03/2026 13:39,28.74,7.94,5.6
13/03/2026 13:42,30.21,7.72,5.53
13/03/2026 13:45,31.77,7.26,7.58
13/03/2026 13:48,29.56,8.48,5.65
13/03/2026 13:51,29.49,7.56,7.02
13/03/2026 13:54,26.98,7.36,5.31
13/03/2026 13:57,33.04,7.41,5.65
13/03/2026 14:00,29.91,7.93,7.75
13/03/2026 14:03,29.58,7.67,5.32
13/03/2026 14:06,28.79,8.2,6.08
13/03/2026 14:09,30.67,6.58,6.71
13/03/2026 14:12,28.94,7.43,5.08
13/03/2026 14:15,28.05,7.7,7.12
13/03/2026 14:18,28.57,8.1,6.71
13/03/2026 14:21,29.23,7.11,7.14
13/03/2026 14:24,28.03,7.95,5.9
13/03/2026 14:27,29.64,7.26,6.51
13/03/2026 14:30,30.86,8.26,5.03
13/03/2026 14:33,29.68,7.54,7.06
13/03/2026 14:36,28.62,7.84,5.31
13/03/2026 14:39,28.19,7.63,6.12
13/03/2026 14:42,29.62,8.46,5.13
13/03/2026 14:45,30.06,7.8,7.08
13/03/2026 14:48,29.92,7.08,6.91
13/03/2026 14:51,29.7,7.88,6.37
13/03/2026 14:54,29.1,7.82,6.9
13/03/2026 14:57,32.03,7.84,5.51
13/03/2026 15:00,29.17,7.7,7.83
13/03/2026 15:03,30.59,8.15,7.5
13/03/2026 15:06,28.15,7.13,4.18
13/03/2026 15:09,28.9,7.73,7.14
13/03/2026 15:12,28.86,8.01,9.72
13/03/2026 15:15,30.94,8.07,5.39
13/03/2026 15:18,29.51,8.64,5.18
13/03/2026 15:21,28.54,7.23,6.09
13/03/2026 15:24,31.4,7.97,6.69
13/03/2026 15:27,30.54,7.49,5.2
13/03/2026 15:30,29.12,8.2,6.58
13/03/2026 15:33,32.48,7.29,6.24
13/03/2026 15:36,29.16,8.48,6.42
13/03/2026 15:39,29.01,9.09,5.19
13/03/2026 15:42,28.45,8.12,7.39
13/03/2026 15:45,29.34,7.38,6.34
13/03/2026 15:48,29.65,8.78,6.42
13/03/2026 15:51,29.36,7.96,7.87
13/03/2026 15:54,29.14,7.29,7.22
13/03/2026 15:57,28.69,7.69,6.31
13/03/2026 16:00,30.58,7.52,7.51
13/03/2026 16:03,30.59,7.96,4.35
13/03/2026 16:06,29.69,9.05,3.59
13/03/2026 16:09,30.13,6.93,7.2
13/03/2026 16:12,30.73,8.25,6.49
13/03/2026 16:15,28.48,7.31,5.13
13/03/2026 16:18,28.38,7.65,6.41
13/03/2026 16:21,28.6,7.57,7.99
13/03/2026 16:24,31.02,8.32,9.04
13/03/2026 16:27,29.77,7.75,6.44
13/03/2026 16:30,28.22,7.41,9.36
13/03/2026 16:33,30.2,8.5,5.42
13/03/2026 16:36,28.15,7.6,6.8
13/03/2026 16:39,28.08,7.32,7.39
13/03/2026 16:42,30.9,8.25,6.35
13/03/2026 16:45,29.06,7.63,5.95
13/03/2026 16:48,29.68,6.72,7.79
13/03/2026 16:51,29.45,7.82,3.51
13/03/2026 16:54,29.94,7.24,6.78
13/03/2026 16:57,26.7,8.71,5.07
13/03/2026 17:00,30.83,7.56,5.85
13/03/2026 17:03,29.67,7.91,6.84
13/03/2026 17:06,28.97,7.27,5.89
13/03/2026 17:09,25.66,7.93,4.13
13/03/2026 17:12,28.12,8.28,5.21
13/03/2026 17:15,31.74,7.57,5.27
13/03/2026 17:18,29.93,7.32,7.04
13/03/2026 17:21,29.26,7.07,6.72
13/03/2026 17:24,30.87,7.23,7.28
13/03/2026 17:27,29.76,8.19,5.02
13/03/2026 17:30,29.9,7.42,7.37
13/03/2026 17:33,25.72,6.64,6.2
13/03/2026 17:36,29.92,7.14,5.27
13/03/2026 17:39,29.63,8.16,6.56
13/03/2026 17:42,29.16,8.16,6.68
13/03/2026 17:45,29.38,7.6,7.86
13/03/2026 17:48,30.05,8.85,7.82
13/03/2026 17:51,28.72,8.84,7.33
13/03/2026 17:54,28.55,7.48,6.14
13/03/2026 17:57,30.7,7.04,4.7
13/03/2026 18:00,30.05,7.72,6.95
13/03/2026 18:03,25.03,7.07,9.83
13/03/2026 18:06,30.61,8.49,7.14
13/03/2026 18:09,29.1,7.42,6.8
13/03/2026 18:12,29.73,8.31,5.53
13/03/2026 18:15,29.81,8.18,6.34
13/03/2026 18:18,30.68,7.52,8.61
13/03/2026 18:21,30.63,8.28,6.16
13/03/2026 18:24,28.78,7.79,9.87
13/03/2026 18:27,30.91,8.34,7.46
13/03/2026 18:30,29.12,8.19,5.65
13/03/2026 18:33,29.83,7.33,6.26
13/03/2026 18:36,30.98,8.38,7.5
13/03/2026 18:39,29.22,7.52,6.83
13/03/2026 18:42,29.93,8.06,6.94
13/03/2026 18:45,30.96,7.41,6.76
13/03/2026 18:48,29.89,7.53,7.19
13/03/2026 18:51,29.97,7.03,7.77
13/03/2026 18:54,30.36,8.77,4.44
13/03/2026 18:57,30.36,7.8,7.74
13/03/2026 19:00,26.34,7.39,7.53
13/03/2026 19:03,30.84,7.14,5.14
13/03/2026 19:06,29.95,7.04,6.35
13/03/2026 19:09,28.75,7.42,7.07
13/03/2026 19:12,28.18,8.02,6.22
13/03/2026 19:15,28.24,8.23,7.47
13/03/2026 19:18,30.89,7.87,6.01
13/03/2026 19:21,30.47,7.32,5.71
13/03/2026 19:24,29.78,7,6.62
13/03/2026 19:27,30.7,7.86,5.43
13/03/2026 19:30,25.8,7.62,6.2
13/03/2026 19:33,30.61,7.67,6.23
13/03/2026 19:36,29.08,8.27,5.73
13/03/2026 19:39,30.43,7.08,5.13
13/03/2026 19:42,28.6,6.85,6.71
13/03/2026 19:45,25.72,7.24,5.92
13/03/2026 19:48,30.95,7.93,6.84
13/03/2026 19:51,28.95,7,7.26
13/03/2026 19:54,28.84,7.73,5.96
13/03/2026 19:57,28.55,7.18,6.21
13/03/2026 20:00,26.92,8.09,9.77
13/03/2026 20:03,29.67,7.2,7.65
13/03/2026 20:06,30.7,8.22,5.82
13/03/2026 20:09,29.66,7.86,5.01
13/03/2026 20:12,28.12,8.34,5.8
13/03/2026 20:15,28.16,7.2,6.17
13/03/2026 20:18,29.55,7.38,5.52
13/03/2026 20:21,30.67,7.83,7.38
13/03/2026 20:24,29.75,7.32,7.92
13/03/2026 20:27,30.24,7.71,6.64
13/03/2026 20:30,30.51,7.37,7.39
13/03/2026 20:33,28.39,7.62,5.22
13/03/2026 20:36,29.29,8.01,4.58
13/03/2026 20:39,28.01,7.75,7.48
13/03/2026 20:42,29.26,8.36,6.71
13/03/2026 20:45,30.58,8,5.48
13/03/2026 20:48,30.36,7.47,6.81
13/03/2026 20:51,29,8.13,7.57
13/03/2026 20:54,30.14,7.43,6.3
13/03/2026 20:57,30.14,8.46,5.32
13/03/2026 21:00,29.47,6.38,7.4
13/03/2026 21:03,28.31,7.13,6.98
13/03/2026 21:06,30.78,7.65,5.7
13/03/2026 21:09,29.72,7.42,7.09
13/03/2026 21:12,28.54,7.97,7.37
13/03/2026 21:15,30.02,6.42,7.11
13/03/2026 21:18,30.31,8.26,7.29
13/03/2026 21:21,28.33,8.45,6.64
13/03/2026 21:24,29.27,6.58,4.7
13/03/2026 21:27,30.85,7.64,7.68
13/03/2026 21:30,29.76,7.93,6.63
13/03/2026 21:33,32.86,8.39,5.86
13/03/2026 21:36,30.35,7.81,5.83
13/03/2026 21:39,28.45,7.19,5.31
13/03/2026 21:42,33.93,8.18,6.24
13/03/2026 21:45,28.8,8.49,5.37
13/03/2026 21:48,31.18,7,9.43
13/03/2026 21:51,31.27,7.86,6.68
13/03/2026 21:54,30.89,8.87,7.99
13/03/2026 21:57,28.24,8.21,7.5
13/03/2026 22:00,30.68,8.01,6.03
13/03/2026 22:03,28.19,8.27,5.45
13/03/2026 22:06,29.78,8.02,6.63
13/03/2026 22:09,28.04,7.44,6.81
13/03/2026 22:12,25.47,7.72,3.6
13/03/2026 22:15,30.71,8.34,6.6
13/03/2026 22:18,29.6,8.74,7.59
13/03/2026 22:21,29.61,7.25,5.63
13/03/2026 22:24,29.17,7.13,7.94
13/03/2026 22:27,30.09,6.56,6.71
13/03/2026 22:30,30,7.38,7.63
13/03/2026 22:33,29.81,8.08,6.52
13/03/2026 22:36,29.38,7.08,6.98
13/03/2026 22:39,28.57,8.17,5.89
13/03/2026 22:42,29.74,8.45,7.26
13/03/2026 22:45,30.82,7.36,6.03
13/03/2026 22:48,28.9,8.58,5.3
13/03/2026 22:51,32.39,8.25,5.83
13/03/2026 22:54,29.38,7.85,8.92
13/03/2026 22:57,28.17,7.39,6.85
13/03/2026 23:00,28.26,8.09,7.78
13/03/2026 23:03,25.71,7.44,6.36
13/03/2026 23:06,28.6,8.3,5.84
13/03/2026 23:09,29.89,7.68,7.39
13/03/2026 23:12,28.82,7.99,5.79
13/03/2026 23:15,30.85,8.19,7.47
13/03/2026 23:18,29.25,7.31,7.06
13/03/2026 23:21,29.87,7.07,7.39
13/03/2026 23:24,29.7,7.92,3.57
13/03/2026 23:27,29.49,7.62,6.95
13/03/2026 23:30,29.2,7.16,5.31
13/03/2026 23:33,29.34,7.34,7.59
13/03/2026 23:36,30.99,7.95,5.75
13/03/2026 23:39,28.28,9.1,7.26
13/03/2026 23:42,30.9,7.77,6.9
13/03/2026 23:45,28.76,7.23,5.22
13/03/2026 23:48,30.39,7.74,7.6
13/03/2026 23:51,28.69,8.17,7.73
13/03/2026 23:54,33.47,8.23,6.54
13/03/2026 23:57,29.17,8.49,5.53
14/03/2026 0:00,30.14,7.42,5.73
14/03/2026 0:03,30.77,7.46,7.55
14/03/2026 0:06,29.31,7.91,6.18
14/03/2026 0:09,29.83,8.57,7
14/03/2026 0:12,29.04,7.21,5.27
14/03/2026 0:15,28.63,7.72,7.75
14/03/2026 0:18,30.82,7.42,5.52
14/03/2026 0:21,30.82,7.82,6.24
14/03/2026 0:24,30.93,8.22,7
14/03/2026 0:27,30.93,8.02,7.01
14/03/2026 0:30,30.71,8.17,6.5
14/03/2026 0:33,29.68,7.73,9.26
14/03/2026 0:36,28.93,8.14,6.02
14/03/2026 0:39,29.17,8.14,5.44
14/03/2026 0:42,28.88,7.76,5.18
14/03/2026 0:45,28.95,7.52,7.48
14/03/2026 0:48,30.3,6.68,7.69
14/03/2026 0:51,30.82,7.58,5.32
14/03/2026 0:54,29.71,7.71,6.74
14/03/2026 0:57,30.14,8.04,6.14
14/03/2026 1:00,28.82,7.9,5.9
14/03/2026 1:03,30.69,8.13,6.72
14/03/2026 1:06,29.59,8.48,7.33
14/03/2026 1:09,27.24,7.88,6.95
14/03/2026 1:12,29.99,8.46,7.34
14/03/2026 1:15,30.59,8.29,7.27
14/03/2026 1:18,28.95,8.14,7.17
14/03/2026 1:21,28.56,8.22,6.72
14/03/2026 1:24,31.51,7.12,7.16
14/03/2026 1:27,29.67,7.34,7.6
14/03/2026 1:30,30.45,8.14,6.1
14/03/2026 1:33,30.57,7.9,4.89
14/03/2026 1:36,28.15,7.3,6.84
14/03/2026 1:39,26.19,8.13,5.16
14/03/2026 1:42,30.38,7.65,5.28
14/03/2026 1:45,28.83,7.45,6.32
14/03/2026 1:48,28.32,8.44,7.09
14/03/2026 1:51,28.89,8.01,7.69
14/03/2026 1:54,28.37,7.26,4.3
14/03/2026 1:57,29.12,7.33,5.34
14/03/2026 2:00,29.45,8.14,7.1
14/03/2026 2:03,30.77,8.65,7.09
14/03/2026 2:06,30.62,7.03,7.69
14/03/2026 2:09,30.26,8.23,6.78
14/03/2026 2:12,28.29,7.02,6.98
14/03/2026 2:15,27.3,7.65,5.12
14/03/2026 2:18,29.35,8.29,5.91
14/03/2026 2:21,28.99,7.65,7.05
14/03/2026 2:24,32.73,8.54,7.06
14/03/2026 2:27,30.93,7.65,6.1
14/03/2026 2:30,25.54,7.67,6.19
14/03/2026 2:33,30.74,7.43,6.05
14/03/2026 2:36,30.74,8.1,6.88
14/03/2026 2:39,30.52,7.39,7.84
14/03/2026 2:42,32.01,8.15,7.25
14/03/2026 2:45,30.25,8.38,4.15
14/03/2026 2:48,30.13,7.1,6.15
14/03/2026 2:51,29.58,7.02,6.77
14/03/2026 2:54,29.75,8.12,8.5
14/03/2026 2:57,32.41,8.14,3.72
14/03/2026 3:00,29.44,7.35,6.37
14/03/2026 3:03,29.52,6.96,7.94
14/03/2026 3:06,28.48,7.49,4.18
14/03/2026 3:09,31.44,7.32,7.31
14/03/2026 3:12,28.73,7.24,5.25
14/03/2026 3:15,28.7,7.46,6.94
14/03/2026 3:18,29.02,6.59,7.41
14/03/2026 3:21,29.4,7.11,6.87
14/03/2026 3:24,29.33,7.64,7.41
14/03/2026 3:27,30.75,8.15,7.96
14/03/2026 3:30,28.49,8.05,7.29
14/03/2026 3:33,29.3,7.5,3.94
14/03/2026 3:36,28.75,7.52,6.27
14/03/2026 3:39,30.91,8.36,7.58
14/03/2026 3:42,29.52,8.92,7.2
14/03/2026 3:45,29.79,8,7.93
14/03/2026 3:48,30.88,7.47,7.19
14/03/2026 3:51,30.06,7.49,6.35
14/03/2026 3:54,29.54,7.14,5.87
14/03/2026 3:57,26.15,7.59,5.92
14/03/2026 4:00,29.09,6.3,7.55
14/03/2026 4:03,30.32,7.19,6.06
14/03/2026 4:06,26.87,7.2,7.56
14/03/2026 4:09,29.23,7.15,5.55
14/03/2026 4:12,30.27,7.24,5.39
14/03/2026 4:15,28.6,7.5,8.04
14/03/2026 4:18,28.07,7.2,6
14/03/2026 4:21,28.94,7.64,7.93
14/03/2026 4:24,30.16,7.78,5.82
14/03/2026 4:27,30.98,7.89,7.46
14/03/2026 4:30,28.61,6.72,6.08
14/03/2026 4:33,30.44,7.08,5.01
14/03/2026 4:36,29.81,7.12,7.38
14/03/2026 4:39,29.42,7.64,7.18
14/03/2026 4:42,30.75,7.15,5.98
14/03/2026 4:45,29.65,7.1,7.78
14/03/2026 4:48,29.66,8.5,6.81
14/03/2026 4:51,26.75,7.46,5.96
14/03/2026 4:54,28.11,7.24,6.72
14/03/2026 4:57,29.87,8.12,5.62
14/03/2026 5:00,30.33,7.68,7.59
14/03/2026 5:03,29.75,8.44,5.66
14/03/2026 5:06,30.42,7.23,7.94
14/03/2026 5:09,29.77,7.27,3.88
14/03/2026 5:12,30.1,8.35,7.07
14/03/2026 5:15,28.85,8.47,7.39
14/03/2026 5:18,28.46,8.82,6.12
14/03/2026 5:21,29.7,8.43,9.57
14/03/2026 5:24,30.2,8.45,5.79
14/03/2026 5:27,29.64,6.41,6.75
14/03/2026 5:30,28.53,7.01,6.75
14/03/2026 5:33,30.42,8.13,6.76
14/03/2026 5:36,28.53,7.1,7.29
14/03/2026 5:39,29.25,7.63,5.02
14/03/2026 5:42,30.58,6.94,6.92
14/03/2026 5:45,28.61,7.69,6.25
14/03/2026 5:48,28.91,7.42,5.26
14/03/2026 5:51,30.87,7.99,5.45
14/03/2026 5:54,29.49,7.34,5.7
14/03/2026 5:57,28.79,7.79,7.19
14/03/2026 6:00,28.02,7.52,7.13
14/03/2026 6:03,29.52,7.92,9.43
14/03/2026 6:06,30.6,7.84,5.35
14/03/2026 6:09,28.77,7.21,6.04
14/03/2026 6:12,29.82,6.71,5.73
14/03/2026 6:15,28.14,6.74,6.89
14/03/2026 6:18,25.89,7.86,5.2
14/03/2026 6:21,28.01,8.91,5.01
14/03/2026 6:24,29.66,7.24,6.6
14/03/2026 6:27,33.54,7.62,6.22
14/03/2026 6:30,28.33,7.93,7.58
14/03/2026 6:33,32.26,8.19,6.85
14/03/2026 6:36,30.93,8.16,7.69
14/03/2026 6:39,27.98,8.35,7.44
14/03/2026 6:42,29.93,9.04,7.31
14/03/2026 6:45,29.48,8.03,5.39
14/03/2026 6:48,29.32,7.46,7.91
14/03/2026 6:51,28.3,6.73,9.16
14/03/2026 6:54,26.17,7.64,7.1
14/03/2026 6:57,30.16,7.64,5.21
14/03/2026 7:00,30.9,7.56,6.9
14/03/2026 7:03,29.67,7.67,7.15
14/03/2026 7:06,29.7,8.14,7.39
14/03/2026 7:09,28.6,7.79,7.64
14/03/2026 7:12,28.6,8.5,6.01
14/03/2026 7:15,26.92,8.3,6.27
14/03/2026 7:18,28.06,7.85,7.06
14/03/2026 7:21,30.13,7.31,5.48
14/03/2026 7:24,30.35,7.58,6.19
14/03/2026 7:27,25.5,6.89,6.68
14/03/2026 7:30,29.82,7.21,5.92
14/03/2026 7:33,28.27,7.33,6.09
14/03/2026 7:36,28.28,8.17,5.63
14/03/2026 7:39,29.01,8.39,7.87
14/03/2026 7:42,30.02,6.42,7.85
14/03/2026 7:45,31.08,8.07,7.25
14/03/2026 7:48,25.52,7.16,7
14/03/2026 7:51,25.04,7.8,6.8
14/03/2026 7:54,30.43,8.31,7.44
14/03/2026 7:57,29.94,7.28,5.09
14/03/2026 8:00,28.26,7.37,5.3
14/03/2026 8:03,29.25,8.39,5.55
14/03/2026 8:06,28.34,8.22,6.19
14/03/2026 8:09,29.15,8.23,6.9
14/03/2026 8:12,32.84,6.58,5.1
14/03/2026 8:15,30.7,7.78,6.01
14/03/2026 8:18,30.49,7.9,7.09
14/03/2026 8:21,25.71,8.32,4.62
14/03/2026 8:24,29.9,8.07,5.89
14/03/2026 8:27,28.63,6.6,7.76
14/03/2026 8:30,28.31,6.52,5.68
14/03/2026 8:33,30.55,7.58,3.55
14/03/2026 8:36,29.51,7.82,6.51
14/03/2026 8:39,28.25,8.36,6.89
14/03/2026 8:42,30.63,6.3,6.79
14/03/2026 8:45,29.63,8.06,5.9
14/03/2026 8:48,30.81,7.79,7.15
14/03/2026 8:51,28.11,7.19,5.44
14/03/2026 8:54,28.7,8.72,7.72
14/03/2026 8:57,29,7.18,7.7
14/03/2026 9:00,28.35,7.08,5.91
14/03/2026 9:03,28.54,7.14,6.66
14/03/2026 9:06,29.65,7.55,5.01
14/03/2026 9:09,28.94,7.68,7.66
14/03/2026 9:12,29.4,7.14,6.02
14/03/2026 9:15,31.77,7.35,5.18
14/03/2026 9:18,28.36,7.68,6.74
14/03/2026 9:21,30.9,8.29,6.35
14/03/2026 9:24,29.55,8.11,4.23
14/03/2026 9:27,28.99,8.44,5.84
14/03/2026 9:30,29.52,7.85,7.76
14/03/2026 9:33,30.03,7.46,5.07
14/03/2026 9:36,29.32,8.17,8.95
14/03/2026 9:39,29.61,6.49,6.79
14/03/2026 9:42,29.52,8.04,7.53
14/03/2026 9:45,29.98,8.06,6.78
14/03/2026 9:48,28.84,7.83,7.98
14/03/2026 9:51,30.3,7.15,8.49
14/03/2026 9:54,29.31,7.36,5.85
14/03/2026 9:57,30.56,8.44,5.1
14/03/2026 10:00,33.28,7.24,4.27
14/03/2026 10:03,29.08,7.68,7.56
14/03/2026 10:06,28.6,7.13,7.48
14/03/2026 10:09,28.82,7.83,5.9
14/03/2026 10:12,28.25,7.7,7.2
14/03/2026 10:15,29.96,7.41,5.89
14/03/2026 10:18,28.72,7.67,5.38
14/03/2026 10:21,29.2,7.34,6.31
14/03/2026 10:24,28.88,7.35,7.7
14/03/2026 10:27,28.78,8.46,7.92
14/03/2026 10:30,30.76,8.2,7.38
14/03/2026 10:33,30.93,7.34,7.41
14/03/2026 10:36,30.28,7.08,7.39
14/03/2026 10:39,30.75,7.24,6.67
14/03/2026 10:42,28.67,7.04,4.32
14/03/2026 10:45,28.03,7.28,7.3
14/03/2026 10:48,29,7.46,6.93
14/03/2026 10:51,28.56,8.13,5.92
14/03/2026 10:54,28.47,7.86,5.37
14/03/2026 10:57,30.96,7.13,6.66
14/03/2026 11:00,28.55,8.39,6.07
14/03/2026 11:03,29.08,8.09,7.28
14/03/2026 11:06,28.1,7.77,5.38
14/03/2026 11:09,30.1,7.86,7.37
14/03/2026 11:12,29.46,7.94,6.36
14/03/2026 11:15,28.38,7.91,7.85
14/03/2026 11:18,28.81,8.29,6.19
14/03/2026 11:21,31.04,8.06,5.46
14/03/2026 11:24,28.16,8.04,7.62
14/03/2026 11:27,32.25,7.99,7.74
14/03/2026 11:30,30.93,8.08,7.72
14/03/2026 11:33,28.92,7.32,7.94
14/03/2026 11:36,28.19,6.73,8.15
14/03/2026 11:39,30.61,8.13,7.1
14/03/2026 11:42,29.64,7.66,5.19
14/03/2026 11:45,29.71,8.75,6.38
14/03/2026 11:48,29.15,8.07,5.56
14/03/2026 11:51,29.98,8.49,6.18
14/03/2026 11:54,28.91,8.34,6.01
14/03/2026 11:57,29.78,8.35,5.45
14/03/2026 12:00,28.74,7.76,5.4
14/03/2026 12:03,25.6,7.18,7.89
14/03/2026 12:06,27.39,7.13,7.81
14/03/2026 12:09,29.28,8.45,5.75
14/03/2026 12:12,28.72,7.88,5.01
14/03/2026 12:15,30.76,7.8,7.28
14/03/2026 12:18,29.46,8,6.3
14/03/2026 12:21,29.8,7.67,7.02
14/03/2026 12:24,29.81,7.86,5.94
14/03/2026 12:27,30.64,8.15,7.55
14/03/2026 12:30,29.51,8,6.1
14/03/2026 12:33,30.87,7.3,5.12
14/03/2026 12:36,30.41,8.11,6.05
14/03/2026 12:39,30.67,8.24,7.7
14/03/2026 12:42,29.76,7.69,5.04
14/03/2026 12:45,28.9,7.64,5.81
14/03/2026 12:48,28.51,7.72,7.9
14/03/2026 12:51,30.03,7.33,7.15
14/03/2026 12:54,28.14,7.92,6.6
14/03/2026 12:57,29.75,8.42,7.95
14/03/2026 13:00,29.29,7.69,9.78
14/03/2026 13:03,28.58,7.83,7.94
14/03/2026 13:06,25.53,7.37,6.32
14/03/2026 13:09,30.62,7.79,4.65
14/03/2026 13:12,26.11,7.11,7.46
14/03/2026 13:15,32.92,6.59,6.71
14/03/2026 13:18,28.83,7.75,6.6
14/03/2026 13:21,28.34,7.21,5.18
14/03/2026 13:24,28.82,7.15,6.6
14/03/2026 13:27,29.36,7.7,7.19
14/03/2026 13:30,29.69,8.48,8.59
14/03/2026 13:33,27.78,7.64,5.55
14/03/2026 13:36,30.85,7.09,7.42
14/03/2026 13:39,29.07,7.08,6.39
14/03/2026 13:42,30.46,8.26,6.49
14/03/2026 13:45,30.35,8.15,7.14
14/03/2026 13:48,28.95,8.15,6.95
14/03/2026 13:51,29.97,7.08,7.69
14/03/2026 13:54,30.03,8.45,6.78
14/03/2026 13:57,31.97,7.37,5.66
14/03/2026 14:00,28.59,7.77,6.06
14/03/2026 14:03,30.8,7.15,7.78
14/03/2026 14:06,28.19,7.06,6.94
14/03/2026 14:09,28.19,8.19,7.11
14/03/2026 14:12,29.66,7.19,8.18
14/03/2026 14:15,28.94,8.09,6.08
14/03/2026 14:18,29.66,7.03,5.19
14/03/2026 14:21,28.89,7.06,7.79
14/03/2026 14:24,30.66,7.81,6.85
14/03/2026 14:27,29.36,8.26,7.11
14/03/2026 14:30,28.34,8.37,7.92
14/03/2026 14:33,28.82,8.49,7
14/03/2026 14:36,28.48,7.06,6.28
14/03/2026 14:39,30.97,8.34,6.45
14/03/2026 14:42,30.29,8.46,5.23
14/03/2026 14:45,28.72,6.88,5.32
14/03/2026 14:48,28.62,8.46,6.32
14/03/2026 14:51,30.13,8.28,5.82
14/03/2026 14:54,30.35,8.03,5.95
14/03/2026 14:57,32.12,7.29,5.81
14/03/2026 15:00,29.49,7.99,5.93
14/03/2026 15:03,30.77,7.87,6.29
14/03/2026 15:06,29.3,8.46,7.78
14/03/2026 15:09,29.79,8.15,5.82
14/03/2026 15:12,28.19,8.14,6.6
14/03/2026 15:15,29.62,7.52,6.38
14/03/2026 15:18,26.15,7.29,6.11
14/03/2026 15:21,28.69,6.81,4.31
14/03/2026 15:24,28.37,8.03,7.58
14/03/2026 15:27,29.09,8.18,5.26
14/03/2026 15:30,29.79,8.4,5.32
14/03/2026 15:33,30.54,8.32,7.09
14/03/2026 15:36,29,7.26,6.63
14/03/2026 15:39,29.55,8.89,5.01
14/03/2026 15:42,30,7.42,5.78
14/03/2026 15:45,28.03,7.2,7.53
14/03/2026 15:48,29.69,7.52,5.01
14/03/2026 15:51,29.81,7.39,5.37
14/03/2026 15:54,28.36,8.12,7.11
14/03/2026 15:57,29.34,7,5.97
14/03/2026 16:00,29.32,7.18,6.13
14/03/2026 16:03,30.24,7.44,5.08
14/03/2026 16:06,28.95,8.39,6.24
14/03/2026 16:09,29.09,7.48,6.98
14/03/2026 16:12,28.18,6.98,7.59
14/03/2026 16:15,28.74,7.8,9.56
14/03/2026 16:18,29.96,8.15,5.48
14/03/2026 16:21,28.95,6.71,5.08
14/03/2026 16:24,29.78,7.62,6.24
14/03/2026 16:27,29.08,8.74,7.81
14/03/2026 16:30,29.77,8.04,6.53
14/03/2026 16:33,29.95,8.27,6.93
14/03/2026 16:36,29.22,7.9,5.26
14/03/2026 16:39,30.66,7.22,5.31
14/03/2026 16:42,28.02,8.38,7.13
14/03/2026 16:45,28.39,7.72,7.55
14/03/2026 16:48,29.66,7.71,7.48
14/03/2026 16:51,28.48,7.61,5.3
14/03/2026 16:54,28.89,7.3,6.58
14/03/2026 16:57,28.72,7.47,7.71
14/03/2026 17:00,29.58,7.19,7.93
14/03/2026 17:03,28.74,7.58,9.27
14/03/2026 17:06,29.36,8.95,6.96
14/03/2026 17:09,29.9,8.61,7.01
14/03/2026 17:12,28.74,7.55,9.72
14/03/2026 17:15,28.54,7.77,7.77
14/03/2026 17:18,31.47,7.52,5.53
14/03/2026 17:21,30.97,7.86,6.11
14/03/2026 17:24,28.55,8.36,5.58
14/03/2026 17:27,29,8.25,7.02
14/03/2026 17:30,29.2,8.35,5.69
14/03/2026 17:33,30.58,7.81,5.47
14/03/2026 17:36,28.83,7.17,4.47
14/03/2026 17:39,28.66,8.15,6.43
14/03/2026 17:42,28.38,7.77,7.44
14/03/2026 17:45,30.28,7.85,6.17
14/03/2026 17:48,27.62,7.04,6.53
14/03/2026 17:51,29.7,7.93,8.9
14/03/2026 17:54,28.28,7.21,3.83
14/03/2026 17:57,29.36,8.01,7.63
14/03/2026 18:00,30.97,7.33,7.32
14/03/2026 18:03,30.77,7.07,5.09
14/03/2026 18:06,29.69,7.25,7.23
14/03/2026 18:09,28.71,7.72,5.93
14/03/2026 18:12,29.77,7.52,5.17
14/03/2026 18:15,29.54,7.91,6.98
14/03/2026 18:18,30.91,7.53,7.56
14/03/2026 18:21,28.05,8.17,5.05
14/03/2026 18:24,25.37,8.13,6.24
14/03/2026 18:27,28.93,7.8,6.32
14/03/2026 18:30,33.66,8.08,6.4
14/03/2026 18:33,29.21,7.78,4.34
14/03/2026 18:36,30.19,7.06,7.18
14/03/2026 18:39,30.25,7.13,4.16
14/03/2026 18:42,30.2,7.35,5.64
14/03/2026 18:45,29.71,8.37,6.69
14/03/2026 18:48,29.66,7.89,6.16
14/03/2026 18:51,28.87,7.62,6.48
14/03/2026 18:54,30.61,8.4,7.38
14/03/2026 18:57,29.28,7.1,6.85
14/03/2026 19:00,29.07,7.71,7.75
14/03/2026 19:03,30.39,7.32,7.56
14/03/2026 19:06,30.17,7.03,6.8
14/03/2026 19:09,28.96,7.06,3.69
14/03/2026 19:12,28.07,7.95,3.69
14/03/2026 19:15,28.03,6.91,6.88
14/03/2026 19:18,30.55,7.85,5.59
14/03/2026 19:21,28.45,8.33,7.41
14/03/2026 19:24,29.81,7.69,7.29
14/03/2026 19:27,29.77,8.27,5.86
14/03/2026 19:30,28.68,8.2,5.31
14/03/2026 19:33,29.34,7.7,6.07
14/03/2026 19:36,29.26,7.83,5.6
14/03/2026 19:39,29.51,7.52,7.67
14/03/2026 19:42,30.57,8.16,7.24
14/03/2026 19:45,30.75,7.89,6.4
14/03/2026 19:48,28.26,6.5,5.42
14/03/2026 19:51,29.29,8,5.24
14/03/2026 19:54,28.88,7.98,7.45
14/03/2026 19:57,30.36,7.47,5.66
14/03/2026 20:00,29.04,8.25,7.47
14/03/2026 20:03,29.46,8.08,6.37
14/03/2026 20:06,30.12,7.27,5.36
14/03/2026 20:09,29.91,7.94,7.96
14/03/2026 20:12,30.23,8.08,7.15
14/03/2026 20:15,29.29,7.4,5.33
14/03/2026 20:18,29.62,7.13,5.42
14/03/2026 20:21,28.82,7.01,6
14/03/2026 20:24,26.58,6.34,7.63
14/03/2026 20:27,30.33,8.11,6.22
14/03/2026 20:30,30.6,8.23,5.24
14/03/2026 20:33,28.91,8.09,7.01
14/03/2026 20:36,29.49,7.17,5.86
14/03/2026 20:39,28.31,7.96,5.99
14/03/2026 20:42,28.34,7.81,7.03
14/03/2026 20:45,28.43,8.26,5.93
14/03/2026 20:48,29.89,7.51,9.48
14/03/2026 20:51,30.36,7.01,5.11
14/03/2026 20:54,28.39,7.42,5.22
14/03/2026 20:57,30.99,8.29,5.14
14/03/2026 21:00,29.06,8.12,7.09
14/03/2026 21:03,30.68,7.77,6.73
14/03/2026 21:06,31,8.3,6.83
14/03/2026 21:09,30.52,7.29,5.41
14/03/2026 21:12,29.14,7.72,5.35
14/03/2026 21:15,28.07,7.06,4.16
14/03/2026 21:18,31.49,7.81,6.25
14/03/2026 21:21,29.52,8.36,7.57
14/03/2026 21:24,29.46,7.32,5.06
14/03/2026 21:27,28.01,7.68,6.6
14/03/2026 21:30,30.61,7.5,7.51
14/03/2026 21:33,28.44,8.26,3.76
14/03/2026 21:36,29.88,8.04,7.45
14/03/2026 21:39,28.79,7.72,6.06
14/03/2026 21:42,29.24,7.21,7.18
14/03/2026 21:45,29.41,6.54,7.37
14/03/2026 21:48,29.76,7.82,6.3
14/03/2026 21:51,29.56,7.55,7.79
14/03/2026 21:54,29.09,7.48,7.57
14/03/2026 21:57,28.12,7.38,9.56
14/03/2026 22:00,28.38,7.34,6.41
14/03/2026 22:03,29.87,7.93,5.31
14/03/2026 22:06,29.82,7.78,7.65
14/03/2026 22:09,30,7.45,6.38
14/03/2026 22:12,28.24,8.31,8.32
14/03/2026 22:15,28.75,7.33,5.7
14/03/2026 22:18,33.83,7.78,5.16
14/03/2026 22:21,28.7,8.53,6.48
14/03/2026 22:24,30.44,8.26,8.95
14/03/2026 22:27,30.28,7.87,6.16
14/03/2026 22:30,30.25,8.47,6.17
14/03/2026 22:33,30.92,8.49,7.95
14/03/2026 22:36,30.75,8.65,7.22
14/03/2026 22:39,29.93,7.11,7.66
14/03/2026 22:42,29.53,7.34,6.31
14/03/2026 22:45,30.45,7.5,5.73
14/03/2026 22:48,29.65,7.57,5.1
14/03/2026 22:51,30.3,6.84,7.9
14/03/2026 22:54,28.54,8.5,7.88
14/03/2026 22:57,29.54,7.4,4
14/03/2026 23:00,33.84,7.38,7.19
14/03/2026 23:03,29.45,8.23,5.04
14/03/2026 23:06,29.45,8.7,6.88
14/03/2026 23:09,29.56,6.67,5.2
14/03/2026 23:12,29.84,8.06,4.38
14/03/2026 23:15,29.82,7.76,7.46
14/03/2026 23:18,30.86,8.37,7.52
14/03/2026 23:21,28.66,7.1,6.98
14/03/2026 23:24,28.43,8.13,5.16
14/03/2026 23:27,30.19,7.77,5.12
14/03/2026 23:30,28.73,7.1,6.08
14/03/2026 23:33,28.84,8.2,7.55
14/03/2026 23:36,28.54,8.37,7.41
14/03/2026 23:39,29.43,8.54,5.27
14/03/2026 23:42,27.33,7.1,7.15
14/03/2026 23:45,29.23,8,6.2
14/03/2026 23:48,30.93,7.17,7.73
14/03/2026 23:51,31.63,7.19,6.16
14/03/2026 23:54,30.03,7.8,5.17
14/03/2026 23:57,29.75,7.02,6.55
15/03/2026 0:00,27.22,7.13,5.26
15/03/2026 0:03,29.73,8.05,6.03
15/03/2026 0:06,28.86,9,7.52
15/03/2026 0:09,30.66,7.56,7.73
15/03/2026 0:12,28.35,8.42,5.95
15/03/2026 0:15,30.21,8.01,4.67
15/03/2026 0:18,28.37,7.84,7.99
15/03/2026 0:21,29.5,7.32,6.31
15/03/2026 0:24,28.65,7.2,5.21
15/03/2026 0:27,29.66,7.94,5.87
15/03/2026 0:30,28.59,7.77,5.72
15/03/2026 0:33,29.51,8.38,6.95
15/03/2026 0:36,28.09,7.44,6.57
15/03/2026 0:39,28.74,7.94,5.6
15/03/2026 0:42,30.21,7.72,5.53
15/03/2026 0:45,31.77,7.26,7.58
15/03/2026 0:48,29.56,8.48,5.65
15/03/2026 0:51,29.49,7.56,7.02
15/03/2026 0:54,26.98,7.36,5.31
15/03/2026 0:57,33.04,7.41,5.65
15/03/2026 1:00,29.91,7.93,7.75
15/03/2026 1:03,29.58,7.67,5.32
15/03/2026 1:06,28.79,8.2,6.08
15/03/2026 1:09,30.67,6.58,6.71
15/03/2026 1:12,28.94,7.43,5.08
15/03/2026 1:15,28.05,7.7,7.12
15/03/2026 1:18,28.57,8.1,6.71
15/03/2026 1:21,29.23,7.11,7.14
15/03/2026 1:24,28.03,7.95,5.9
15/03/2026 1:27,29.64,7.26,6.51
15/03/2026 1:30,30.86,8.26,5.03
15/03/2026 1:33,29.68,7.54,7.06
15/03/2026 1:36,28.62,7.84,5.31
15/03/2026 1:39,28.19,7.63,6.12
15/03/2026 1:42,29.62,8.46,5.13
15/03/2026 1:45,30.06,7.8,7.08
15/03/2026 1:48,29.92,7.08,6.91
15/03/2026 1:51,29.7,7.88,6.37
15/03/2026 1:54,29.1,7.82,6.9
15/03/2026 1:57,32.03,7.84,5.51
15/03/2026 2:00,29.17,7.7,7.83
15/03/2026 2:03,30.59,8.15,7.5
15/03/2026 2:06,28.15,7.13,4.18
15/03/2026 2:09,28.9,7.73,7.14
15/03/2026 2:12,28.86,8.01,9.72
15/03/2026 2:15,30.94,8.07,5.39
15/03/2026 2:18,29.51,8.64,5.18
15/03/2026 2:21,28.54,7.23,6.09
15/03/2026 2:24,31.4,7.97,6.69
15/03/2026 2:27,30.54,7.49,5.2
15/03/2026 2:30,29.12,8.2,6.58
15/03/2026 2:33,32.48,7.29,6.24
15/03/2026 2:36,29.16,8.48,6.42
15/03/2026 2:39,29.01,9.09,5.19
15/03/2026 2:42,28.45,8.12,7.39
15/03/2026 2:45,29.34,7.38,6.34
15/03/2026 2:48,29.65,8.78,6.42
15/03/2026 2:51,29.36,7.96,7.87
15/03/2026 2:54,29.14,7.29,7.22
15/03/2026 2:57,28.69,7.69,6.31
15/03/2026 3:00,30.58,7.52,7.51
15/03/2026 3:03,30.59,7.96,4.35
15/03/2026 3:06,29.69,9.05,3.59
15/03/2026 3:09,30.13,6.93,7.2
15/03/2026 3:12,30.73,8.25,6.49
15/03/2026 3:15,28.48,7.31,5.13
15/03/2026 3:18,28.38,7.65,6.41
15/03/2026 3:21,28.6,7.57,7.99
15/03/2026 3:24,31.02,8.32,9.04
15/03/2026 3:27,29.77,7.75,6.44
15/03/2026 3:30,28.22,7.41,9.36
15/03/2026 3:33,30.2,8.5,5.42
15/03/2026 3:36,28.15,7.6,6.8
15/03/2026 3:39,28.08,7.32,7.39
15/03/2026 3:42,30.9,8.25,6.35
15/03/2026 3:45,29.06,7.63,5.95
15/03/2026 3:48,29.68,6.72,7.79
15/03/2026 3:51,29.45,7.82,3.51
15/03/2026 3:54,29.94,7.24,6.78
15/03/2026 3:57,26.7,8.71,5.07
15/03/2026 4:00,30.83,7.56,5.85
15/03/2026 4:03,29.67,7.91,6.84
15/03/2026 4:06,28.97,7.27,5.89
15/03/2026 4:09,25.66,7.93,4.13
15/03/2026 4:12,28.12,8.28,5.21
15/03/2026 4:15,31.74,7.57,5.27
15/03/2026 4:18,29.93,7.32,7.04
15/03/2026 4:21,29.26,7.07,6.72
15/03/2026 4:24,30.87,7.23,7.28
15/03/2026 4:27,29.76,8.19,5.02
15/03/2026 4:30,29.9,7.42,7.37
15/03/2026 4:33,25.72,6.64,6.2
15/03/2026 4:36,29.92,7.14,5.27
15/03/2026 4:39,29.63,8.16,6.56
15/03/2026 4:42,29.16,8.16,6.68
15/03/2026 4:45,29.38,7.6,7.86
15/03/2026 4:48,30.05,8.85,7.82
15/03/2026 4:51,28.72,8.84,7.33
15/03/2026 4:54,28.55,7.48,6.14
15/03/2026 4:57,30.7,7.04,4.7
15/03/2026 5:00,30.05,7.72,6.95
15/03/2026 5:03,25.03,7.07,9.83
15/03/2026 5:06,30.61,8.49,7.14
15/03/2026 5:09,29.1,7.42,6.8
15/03/2026 5:12,29.73,8.31,5.53
15/03/2026 5:15,29.81,8.18,6.34
15/03/2026 5:18,30.68,7.52,8.61
15/03/2026 5:21,30.63,8.28,6.16
15/03/2026 5:24,28.78,7.79,9.87
15/03/2026 5:27,30.91,8.34,7.46
15/03/2026 5:30,29.12,8.19,5.65
15/03/2026 5:33,29.83,7.33,6.26
15/03/2026 5:36,30.98,8.38,7.5
15/03/2026 5:39,29.22,7.52,6.83
15/03/2026 5:42,29.93,8.06,6.94
15/03/2026 5:45,30.96,7.41,6.76
15/03/2026 5:48,29.89,7.53,7.19
15/03/2026 5:51,29.97,7.03,7.77
15/03/2026 5:54,30.36,8.77,4.44
15/03/2026 5:57,30.36,7.8,7.74
15/03/2026 6:00,26.34,7.39,7.53
15/03/2026 6:03,30.84,7.14,5.14
15/03/2026 6:06,29.95,7.04,6.35
15/03/2026 6:09,28.75,7.42,7.07
15/03/2026 6:12,28.18,8.02,6.22
15/03/2026 6:15,28.24,8.23,7.47
15/03/2026 6:18,30.89,7.87,6.01
15/03/2026 6:21,30.47,7.32,5.71
15/03/2026 6:24,29.78,7,6.62
15/03/2026 6:27,30.7,7.86,5.43
15/03/2026 6:30,25.8,7.62,6.2
15/03/2026 6:33,30.61,7.67,6.23
15/03/2026 6:36,29.08,8.27,5.73
15/03/2026 6:39,30.43,7.08,5.13
15/03/2026 6:42,28.6,6.85,6.71
15/03/2026 6:45,25.72,7.24,5.92
15/03/2026 6:48,30.95,7.93,6.84
15/03/2026 6:51,28.95,7,7.26
15/03/2026 6:54,28.84,7.73,5.96
15/03/2026 6:57,28.55,7.18,6.21
15/03/2026 7:00,26.92,8.09,9.77
15/03/2026 7:03,29.67,7.2,7.65
15/03/2026 7:06,30.7,8.22,5.82
15/03/2026 7:09,29.66,7.86,5.01
15/03/2026 7:12,28.12,8.34,5.8
15/03/2026 7:15,28.16,7.2,6.17
15/03/2026 7:18,29.55,7.38,5.52
15/03/2026 7:21,30.67,7.83,7.38
15/03/2026 7:24,29.75,7.32,7.92
15/03/2026 7:27,30.24,7.71,6.64
15/03/2026 7:30,30.51,7.37,7.39
15/03/2026 7:33,28.39,7.62,5.22
15/03/2026 7:36,29.29,8.01,4.58
15/03/2026 7:39,28.01,7.75,7.48
15/03/2026 7:42,29.26,8.36,6.71
15/03/2026 7:45,30.58,8,5.48
15/03/2026 7:48,30.36,7.47,6.81
15/03/2026 7:51,29,8.13,7.57
15/03/2026 7:54,30.14,7.43,6.3
15/03/2026 7:57,30.14,8.46,5.32
15/03/2026 8:00,29.47,6.38,7.4
15/03/2026 8:03,28.31,7.13,6.98
15/03/2026 8:06,30.78,7.65,5.7
15/03/2026 8:09,29.72,7.42,7.09
15/03/2026 8:12,28.54,7.97,7.37
15/03/2026 8:15,30.02,6.42,7.11
15/03/2026 8:18,30.31,8.26,7.29
15/03/2026 8:21,28.33,8.45,6.64
15/03/2026 8:24,29.27,6.58,4.7
15/03/2026 8:27,30.85,7.64,7.68
15/03/2026 8:30,29.76,7.93,6.63
15/03/2026 8:33,32.86,8.39,5.86
15/03/2026 8:36,30.35,7.81,5.83
15/03/2026 8:39,28.45,7.19,5.31
15/03/2026 8:42,33.93,8.18,6.24
15/03/2026 8:45,28.8,8.49,5.37
15/03/2026 8:48,31.18,7,9.43
15/03/2026 8:51,31.27,7.86,6.68
15/03/2026 8:54,30.89,8.87,7.99
15/03/2026 8:57,28.24,8.21,7.5
15/03/2026 9:00,30.68,8.01,6.03
15/03/2026 9:03,28.19,8.27,5.45
15/03/2026 9:06,29.78,8.02,6.63
15/03/2026 9:09,28.04,7.44,6.81
15/03/2026 9:12,25.47,7.72,3.6
15/03/2026 9:15,30.71,8.34,6.6
15/03/2026 9:18,29.6,8.74,7.59
15/03/2026 9:21,29.61,7.25,5.63
15/03/2026 9:24,29.17,7.13,7.94
15/03/2026 9:27,30.09,6.56,6.71
15/03/2026 9:30,30,7.38,7.63
15/03/2026 9:33,29.81,8.08,6.52
15/03/2026 9:36,29.38,7.08,6.98
15/03/2026 9:39,28.57,8.17,5.89
15/03/2026 9:42,29.74,8.45,7.26
15/03/2026 9:45,30.82,7.36,6.03
15/03/2026 9:48,28.9,8.58,5.3
15/03/2026 9:51,32.39,8.25,5.83
15/03/2026 9:54,29.38,7.85,8.92
15/03/2026 9:57,28.17,7.39,6.85
15/03/2026 10:00,28.26,8.09,7.78
15/03/2026 10:03,25.71,7.44,6.36
15/03/2026 10:06,28.6,8.3,5.84
15/03/2026 10:09,29.89,7.68,7.39
15/03/2026 10:12,28.82,7.99,5.79
15/03/2026 10:15,30.85,8.19,7.47
15/03/2026 10:18,29.25,7.31,7.06
15/03/2026 10:21,29.87,7.07,7.39
15/03/2026 10:24,29.7,7.92,3.57
15/03/2026 10:27,29.49,7.62,6.95
15/03/2026 10:30,29.2,7.16,5.31
15/03/2026 10:33,29.34,7.34,7.59
15/03/2026 10:36,30.99,7.95,5.75
15/03/2026 10:39,28.28,9.1,7.26
15/03/2026 10:42,30.9,7.77,6.9
15/03/2026 10:45,28.76,7.23,5.22
15/03/2026 10:48,30.39,7.74,7.6
15/03/2026 10:51,28.69,8.17,7.73
15/03/2026 10:54,33.47,8.23,6.54
15/03/2026 10:57,29.17,8.49,5.53
15/03/2026 11:00,30.14,7.42,5.73
15/03/2026 11:03,30.77,7.46,7.55
15/03/2026 11:06,29.31,7.91,6.18
15/03/2026 11:09,29.83,8.57,7
15/03/2026 11:12,29.04,7.21,5.27
15/03/2026 11:15,28.63,7.72,7.75
15/03/2026 11:18,30.82,7.42,5.52
15/03/2026 11:21,30.82,7.82,6.24
15/03/2026 11:24,30.93,8.22,7
15/03/2026 11:27,30.93,8.02,7.01
15/03/2026 11:30,30.71,8.17,6.5
15/03/2026 11:33,29.68,7.73,9.26
15/03/2026 11:36,28.93,8.14,6.02
15/03/2026 11:39,29.17,8.14,5.44
15/03/2026 11:42,28.88,7.76,5.18
15/03/2026 11:45,28.95,7.52,7.48
15/03/2026 11:48,30.3,6.68,7.69
15/03/2026 11:51,30.82,7.58,5.32
15/03/2026 11:54,29.71,7.71,6.74
15/03/2026 11:57,30.14,8.04,6.14
15/03/2026 12:00,28.82,7.9,5.9
15/03/2026 12:03,30.69,8.13,6.72
15/03/2026 12:06,29.59,8.48,7.33
15/03/2026 12:09,27.24,7.88,6.95
15/03/2026 12:12,29.99,8.46,7.34
15/03/2026 12:15,30.59,8.29,7.27
15/03/2026 12:18,28.95,8.14,7.17
15/03/2026 12:21,28.56,8.22,6.72
15/03/2026 12:24,31.51,7.12,7.16
15/03/2026 12:27,29.67,7.34,7.6
15/03/2026 12:30,30.45,8.14,6.1
15/03/2026 12:33,30.57,7.9,4.89
15/03/2026 12:36,28.15,7.3,6.84
15/03/2026 12:39,26.19,8.13,5.16
15/03/2026 12:42,30.38,7.65,5.28
15/03/2026 12:45,28.83,7.45,6.32
15/03/2026 12:48,28.32,8.44,7.09
15/03/2026 12:51,28.89,8.01,7.69
15/03/2026 12:54,28.37,7.26,4.3
15/03/2026 12:57,29.12,7.33,5.34
15/03/2026 13:00,29.45,8.14,7.1
15/03/2026 13:03,30.77,8.65,7.09
15/03/2026 13:06,30.62,7.03,7.69
15/03/2026 13:09,30.26,8.23,6.78
15/03/2026 13:12,28.29,7.02,6.98
15/03/2026 13:15,27.3,7.65,5.12
15/03/2026 13:18,29.35,8.29,5.91
15/03/2026 13:21,28.99,7.65,7.05
15/03/2026 13:24,32.73,8.54,7.06
15/03/2026 13:27,30.93,7.65,6.1
15/03/2026 13:30,25.54,7.67,6.19
15/03/2026 13:33,30.74,7.43,6.05
15/03/2026 13:36,30.74,8.1,6.88
15/03/2026 13:39,30.52,7.39,7.84
15/03/2026 13:42,32.01,8.15,7.25
15/03/2026 13:45,30.25,8.38,4.15
15/03/2026 13:48,30.13,7.1,6.15
15/03/2026 13:51,29.58,7.02,6.77
15/03/2026 13:54,29.75,8.12,8.5
15/03/2026 13:57,32.41,8.14,3.72
15/03/2026 14:00,29.44,7.35,6.37
15/03/2026 14:03,29.52,6.96,7.94
15/03/2026 14:06,28.48,7.49,4.18
15/03/2026 14:09,31.44,7.32,7.31
15/03/2026 14:12,28.73,7.24,5.25
15/03/2026 14:15,28.7,7.46,6.94
15/03/2026 14:18,29.02,6.59,7.41
15/03/2026 14:21,29.4,7.11,6.87
15/03/2026 14:24,29.33,7.64,7.41
15/03/2026 14:27,30.75,8.15,7.96
15/03/2026 14:30,28.49,8.05,7.29
15/03/2026 14:33,29.3,7.5,3.94
15/03/2026 14:36,28.75,7.52,6.27
15/03/2026 14:39,30.91,8.36,7.58
15/03/2026 14:42,29.52,8.92,7.2
15/03/2026 14:45,29.79,8,7.93
15/03/2026 14:48,30.88,7.47,7.19
15/03/2026 14:51,30.06,7.49,6.35
15/03/2026 14:54,29.54,7.14,5.87
15/03/2026 14:57,26.15,7.59,5.92
15/03/2026 15:00,29.09,6.3,7.55
15/03/2026 15:03,30.32,7.19,6.06
15/03/2026 15:06,26.87,7.2,7.56
15/03/2026 15:09,29.23,7.15,5.55
15/03/2026 15:12,30.27,7.24,5.39
15/03/2026 15:15,28.6,7.5,8.04
15/03/2026 15:18,28.07,7.2,6
15/03/2026 15:21,28.94,7.64,7.93
15/03/2026 15:24,30.16,7.78,5.82
15/03/2026 15:27,30.98,7.89,7.46
15/03/2026 15:30,28.61,6.72,6.08
15/03/2026 15:33,30.44,7.08,5.01
15/03/2026 15:36,29.81,7.12,7.38
15/03/2026 15:39,29.42,7.64,7.18
15/03/2026 15:42,30.75,7.15,5.98
15/03/2026 15:45,29.65,7.1,7.78
15/03/2026 15:48,29.66,8.5,6.81
15/03/2026 15:51,26.75,7.46,5.96
15/03/2026 15:54,28.11,7.24,6.72
15/03/2026 15:57,29.87,8.12,5.62
15/03/2026 16:00,30.33,7.68,7.59
15/03/2026 16:03,29.75,8.44,5.66
15/03/2026 16:06,30.42,7.23,7.94
15/03/2026 16:09,29.77,7.27,3.88
15/03/2026 16:12,30.1,8.35,7.07
15/03/2026 16:15,28.85,8.47,7.39
15/03/2026 16:18,28.46,8.82,6.12
15/03/2026 16:21,29.7,8.43,9.57
15/03/2026 16:24,30.2,8.45,5.79
15/03/2026 16:27,29.64,6.41,6.75
15/03/2026 16:30,28.53,7.01,6.75
15/03/2026 16:33,30.42,8.13,6.76
15/03/2026 16:36,28.53,7.1,7.29
15/03/2026 16:39,29.25,7.63,5.02
15/03/2026 16:42,30.58,6.94,6.92
15/03/2026 16:45,28.61,7.69,6.25
15/03/2026 16:48,28.91,7.42,5.26
15/03/2026 16:51,30.87,7.99,5.45
15/03/2026 16:54,29.49,7.34,5.7
15/03/2026 16:57,28.79,7.79,7.19
15/03/2026 17:00,28.02,7.52,7.13
15/03/2026 17:03,29.52,7.92,9.43
15/03/2026 17:06,30.6,7.84,5.35
15/03/2026 17:09,28.77,7.21,6.04
15/03/2026 17:12,29.82,6.71,5.73
15/03/2026 17:15,28.14,6.74,6.89
15/03/2026 17:18,25.89,7.86,5.2
15/03/2026 17:21,28.01,8.91,5.01
15/03/2026 17:24,29.66,7.24,6.6
15/03/2026 17:27,33.54,7.62,6.22
15/03/2026 17:30,28.33,7.93,7.58
15/03/2026 17:33,32.26,8.19,6.85
15/03/2026 17:36,30.93,8.16,7.69
15/03/2026 17:39,27.98,8.35,7.44
15/03/2026 17:42,29.93,9.04,7.31
15/03/2026 17:45,29.48,8.03,5.39
15/03/2026 17:48,29.32,7.46,7.91
15/03/2026 17:51,28.3,6.73,9.16
15/03/2026 17:54,26.17,7.64,7.1
15/03/2026 17:57,30.16,7.64,5.21
15/03/2026 18:00,30.9,7.56,6.9
15/03/2026 18:03,29.67,7.67,7.15
15/03/2026 18:06,29.7,8.14,7.39
15/03/2026 18:09,28.6,7.79,7.64
15/03/2026 18:12,28.6,8.5,6.01
15/03/2026 18:15,26.92,8.3,6.27
15/03/2026 18:18,28.06,7.85,7.06
15/03/2026 18:21,30.13,7.31,5.48
15/03/2026 18:24,30.35,7.58,6.19
15/03/2026 18:27,25.5,6.89,6.68
15/03/2026 18:30,29.82,7.21,5.92
15/03/2026 18:33,28.27,7.33,6.09
15/03/2026 18:36,28.28,8.17,5.63
15/03/2026 18:39,29.01,8.39,7.87
15/03/2026 18:42,30.02,6.42,7.85
15/03/2026 18:45,31.08,8.07,7.25
15/03/2026 18:48,25.52,7.16,7
15/03/2026 18:51,25.04,7.8,6.8
15/03/2026 18:54,30.43,8.31,7.44
15/03/2026 18:57,29.94,7.28,5.09
15/03/2026 19:00,28.26,7.37,5.3
15/03/2026 19:03,29.25,8.39,5.55
15/03/2026 19:06,28.34,8.22,6.19
15/03/2026 19:09,29.15,8.23,6.9
15/03/2026 19:12,32.84,6.58,5.1
15/03/2026 19:15,30.7,7.78,6.01
15/03/2026 19:18,30.49,7.9,7.09
15/03/2026 19:21,25.71,8.32,4.62
15/03/2026 19:24,29.9,8.07,5.89
15/03/2026 19:27,28.63,6.6,7.76
15/03/2026 19:30,28.31,6.52,5.68
15/03/2026 19:33,30.55,7.58,3.55
15/03/2026 19:36,29.51,7.82,6.51
15/03/2026 19:39,28.25,8.36,6.89
15/03/2026 19:42,30.63,6.3,6.79
15/03/2026 19:45,29.63,8.06,5.9
15/03/2026 19:48,30.81,7.79,7.15
15/03/2026 19:51,28.11,7.19,5.44
15/03/2026 19:54,28.7,8.72,7.72
15/03/2026 19:57,29,7.18,7.7
15/03/2026 20:00,28.35,7.08,5.91
15/03/2026 20:03,28.54,7.14,6.66
15/03/2026 20:06,29.65,7.55,5.01
15/03/2026 20:09,28.94,7.68,7.66
15/03/2026 20:12,29.4,7.14,6.02
15/03/2026 20:15,31.77,7.35,5.18
15/03/2026 20:18,28.36,7.68,6.74
15/03/2026 20:21,30.9,8.29,6.35
15/03/2026 20:24,29.55,8.11,4.23
15/03/2026 20:27,28.99,8.44,5.84
15/03/2026 20:30,29.52,7.85,7.76
15/03/2026 20:33,30.03,7.46,5.07
15/03/2026 20:36,29.32,8.17,8.95
15/03/2026 20:39,29.61,6.49,6.79
15/03/2026 20:42,29.52,8.04,7.53
15/03/2026 20:45,29.98,8.06,6.78
15/03/2026 20:48,28.84,7.83,7.98
15/03/2026 20:51,30.3,7.15,8.49
15/03/2026 20:54,29.31,7.36,5.85
15/03/2026 20:57,30.56,8.44,5.1
15/03/2026 21:00,33.28,7.24,4.27
15/03/2026 21:03,29.08,7.68,7.56
15/03/2026 21:06,28.6,7.13,7.48
15/03/2026 21:09,28.82,7.83,5.9
15/03/2026 21:12,28.25,7.7,7.2
15/03/2026 21:15,29.96,7.41,5.89
15/03/2026 21:18,28.72,7.67,5.38
15/03/2026 21:21,29.2,7.34,6.31
15/03/2026 21:24,28.88,7.35,7.7
15/03/2026 21:27,28.78,8.46,7.92
15/03/2026 21:30,30.76,8.2,7.38
15/03/2026 21:33,30.93,7.34,7.41
15/03/2026 21:36,30.28,7.08,7.39
15/03/2026 21:39,30.75,7.24,6.67
15/03/2026 21:42,28.67,7.04,4.32
15/03/2026 21:45,28.03,7.28,7.3
15/03/2026 21:48,29,7.46,6.93
15/03/2026 21:51,28.56,8.13,5.92
15/03/2026 21:54,28.47,7.86,5.37
15/03/2026 21:57,30.96,7.13,6.66
15/03/2026 22:00,28.55,8.39,6.07
15/03/2026 22:03,29.08,8.09,7.28
15/03/2026 22:06,28.1,7.77,5.38
15/03/2026 22:09,30.1,7.86,7.37
15/03/2026 22:12,29.46,7.94,6.36
15/03/2026 22:15,28.38,7.91,7.85
15/03/2026 22:18,28.81,8.29,6.19
15/03/2026 22:21,31.04,8.06,5.46
15/03/2026 22:24,28.16,8.04,7.62
15/03/2026 22:27,32.25,7.99,7.74
15/03/2026 22:30,30.93,8.08,7.72
15/03/2026 22:33,28.92,7.32,7.94
15/03/2026 22:36,28.19,6.73,8.15
15/03/2026 22:39,30.61,8.13,7.1
15/03/2026 22:42,29.64,7.66,5.19
15/03/2026 22:45,29.71,8.75,6.38
15/03/2026 22:48,29.15,8.07,5.56
15/03/2026 22:51,29.98,8.49,6.18
15/03/2026 22:54,28.91,8.34,6.01
15/03/2026 22:57,29.78,8.35,5.45
15/03/2026 23:00,28.74,7.76,5.4
15/03/2026 23:03,25.6,7.18,7.89
15/03/2026 23:06,27.39,7.13,7.81
15/03/2026 23:09,29.28,8.45,5.75
15/03/2026 23:12,28.72,7.88,5.01
15/03/2026 23:15,30.76,7.8,7.28
15/03/2026 23:18,29.46,8,6.3
15/03/2026 23:21,29.8,7.67,7.02
15/03/2026 23:24,29.81,7.86,5.94
15/03/2026 23:27,30.64,8.15,7.55
15/03/2026 23:30,29.51,8,6.1
15/03/2026 23:33,30.87,7.3,5.12
15/03/2026 23:36,30.41,8.11,6.05
15/03/2026 23:39,30.67,8.24,7.7
15/03/2026 23:42,29.76,7.69,5.04
15/03/2026 23:45,28.9,7.64,5.81
15/03/2026 23:48,28.51,7.72,7.9
15/03/2026 23:51,30.03,7.33,7.15
15/03/2026 23:54,28.14,7.92,6.6
15/03/2026 23:57,29.75,8.42,7.95
